Customer_ID,Customer_Name,Gender,Age,City,State,Signup_Date,Customer_Segment
CUST00001,Customer 00001,Other,44,Kolkata,West Bengal,2024-09-18,Loyal
CUST00002,Customer 00002,Female,32,Delhi,Delhi,2023-06-15,New
CUST00003,Customer 00003,Male,34,Coimbatore,Tamil Nadu,2024-10-23,Regular
CUST00004,Customer 00004,Female,56,Hyderabad,Telangana,2023-01-13,Regular
CUST00005,Customer 00005,Female,52,Kolkata,West Bengal,2023-07-26,Loyal
CUST00006,Customer 00006,Male,22,Ahmedabad,Gujarat,2025-06-19,Loyal
CUST00007,Customer 00007,Female,33,Mumbai,Maharashtra,2026-04-14,Loyal
CUST00008,Customer 00008,Female,40,Kolkata,West Bengal,2023-08-10,New
CUST00009,Customer 00009,Female,56,Coimbatore,Tamil Nadu,2022-12-23,Loyal
CUST00010,Customer 00010,Female,65,Hyderabad,Telangana,2023-11-16,Loyal
CUST00011,Customer 00011,Male,26,Delhi,Delhi,2025-05-05,Loyal
CUST00012,Customer 00012,Male,50,Coimbatore,Tamil Nadu,2024-05-07,Regular
CUST00013,Customer 00013,Female,52,Coimbatore,Tamil Nadu,2025-12-13,Loyal
CUST00014,Customer 00014,Male,57,Mumbai,Maharashtra,2023-10-21,Regular
CUST00015,Customer 00015,Male,41,Pune,Maharashtra,2025-07-20,Regular
CUST00016,Customer 00016,Female,41,Hyderabad,Telangana,2026-03-06,Regular
CUST00017,Customer 00017,Female,41,Bengaluru,Karnataka,2022-02-04,Regular
CUST00018,Customer 00018,Male,36,Coimbatore,Tamil Nadu,2024-10-03,Regular
CUST00019,Customer 00019,Female,56,Pune,Maharashtra,2023-04-06,Regular
CUST00020,Customer 00020,Female,42,Bengaluru,Karnataka,2023-12-19,Loyal
CUST00021,Customer 00021,Female,48,Hyderabad,Telangana,2025-06-30,Regular
CUST00022,Customer 00022,Male,55,Chennai,Tamil Nadu,2023-05-27,Regular
CUST00023,Customer 00023,Male,42,Ahmedabad,Gujarat,2024-12-07,New
CUST00024,Customer 00024,Male,44,Pune,Maharashtra,2025-04-23,VIP
CUST00025,Customer 00025,Male,49,Madurai,Tamil Nadu,2023-05-06,Regular
CUST00026,Customer 00026,Male,28,Chennai,Tamil Nadu,2022-09-30,New
CUST00027,Customer 00027,Male,22,Ahmedabad,Gujarat,2024-10-09,Loyal
CUST00028,Customer 00028,Male,61,Mumbai,Maharashtra,2023-06-11,New
CUST00029,Customer 00029,Female,50,Kolkata,West Bengal,2025-02-25,New
CUST00030,Customer 00030,Male,36,Delhi,Delhi,2022-07-29,Regular
CUST00031,Customer 00031,Female,60,Madurai,Tamil Nadu,2023-09-16,Regular
CUST00032,Customer 00032,Female,64,Mumbai,Maharashtra,2025-03-11,New
CUST00033,Customer 00033,Male,33,Hyderabad,Telangana,2022-06-22,Regular
CUST00034,Customer 00034,Female,52,Mumbai,Maharashtra,2023-03-23,VIP
CUST00035,Customer 00035,Female,28,Kolkata,West Bengal,2025-02-16,Regular
CUST00036,Customer 00036,Male,28,Hyderabad,Telangana,2022-01-11,New
CUST00037,Customer 00037,Female,27,Madurai,Tamil Nadu,2024-01-31,VIP
CUST00038,Customer 00038,Male,51,Kolkata,West Bengal,2025-08-20,Regular
CUST00039,Customer 00039,Female,22,Bengaluru,Karnataka,2025-03-23,Regular
CUST00040,Customer 00040,Male,40,Delhi,Delhi,2022-11-19,New
CUST00041,Customer 00041,Female,42,Madurai,Tamil Nadu,2026-04-10,Regular
CUST00042,Customer 00042,Male,46,Bengaluru,Karnataka,2024-09-03,Regular
CUST00043,Customer 00043,Female,57,Ahmedabad,Gujarat,2023-03-21,VIP
CUST00044,Customer 00044,Male,30,Madurai,Tamil Nadu,2022-12-08,Regular
CUST00045,Customer 00045,Female,64,Ahmedabad,Gujarat,2022-08-09,Regular
CUST00046,Customer 00046,Female,49,Hyderabad,Telangana,2022-04-20,VIP
CUST00047,Customer 00047,Male,51,Bengaluru,Karnataka,2023-02-14,VIP
CUST00048,Customer 00048,Female,29,Delhi,Delhi,2025-12-12,New
CUST00049,Customer 00049,Male,41,Kolkata,West Bengal,2023-05-20,Loyal
CUST00050,Customer 00050,Female,57,Coimbatore,Tamil Nadu,2022-02-09,Regular
CUST00051,Customer 00051,Female,38,Mumbai,Maharashtra,2026-03-13,Regular
CUST00052,Customer 00052,Female,46,Chennai,Tamil Nadu,2026-01-22,Regular
CUST00053,Customer 00053,Female,40,Delhi,Delhi,2022-09-20,Regular
CUST00054,Customer 00054,Male,50,Bengaluru,Karnataka,2025-02-15,New
CUST00055,Customer 00055,Male,25,Coimbatore,Tamil Nadu,2026-01-13,Regular
CUST00056,Customer 00056,Male,59,Delhi,Delhi,2025-12-08,Regular
CUST00057,Customer 00057,Female,30,Bengaluru,Karnataka,2023-12-09,New
CUST00058,Customer 00058,Male,22,Pune,Maharashtra,2024-04-02,Regular
CUST00059,Customer 00059,Female,58,Pune,Maharashtra,2026-03-30,VIP
CUST00060,Customer 00060,Female,27,Ahmedabad,Gujarat,2023-04-06,Loyal
CUST00061,Customer 00061,Male,31,Delhi,Delhi,2025-02-15,Regular
CUST00062,Customer 00062,Female,41,Pune,Maharashtra,2022-08-05,Loyal
CUST00063,Customer 00063,Male,28,Bengaluru,Karnataka,2022-03-18,Regular
CUST00064,Customer 00064,Male,63,Ahmedabad,Gujarat,2025-12-15,New
CUST00065,Customer 00065,Female,20,Bengaluru,Karnataka,2024-06-10,Regular
CUST00066,Customer 00066,Male,46,Ahmedabad,Gujarat,2025-04-10,New
CUST00067,Customer 00067,Male,65,Delhi,Delhi,2023-01-25,Loyal
CUST00068,Customer 00068,Female,47,Coimbatore,Tamil Nadu,2024-11-15,VIP
CUST00069,Customer 00069,Male,54,Kolkata,West Bengal,2025-02-25,Regular
CUST00070,Customer 00070,Other,24,Madurai,Tamil Nadu,2023-01-09,Regular
CUST00071,Customer 00071,Other,34,Coimbatore,Tamil Nadu,2023-10-16,Regular
CUST00072,Customer 00072,Male,37,Hyderabad,Telangana,2024-06-22,Regular
CUST00073,Customer 00073,Male,28,Bengaluru,Karnataka,2024-11-13,Loyal
CUST00074,Customer 00074,Female,61,Hyderabad,Telangana,2026-02-02,Regular
CUST00075,Customer 00075,Male,42,Coimbatore,Tamil Nadu,2024-01-14,New
CUST00076,Customer 00076,Male,41,Ahmedabad,Gujarat,2023-02-27,Loyal
CUST00077,Customer 00077,Female,19,Madurai,Tamil Nadu,2025-04-15,New
CUST00078,Customer 00078,Male,44,Madurai,Tamil Nadu,2024-05-02,VIP
CUST00079,Customer 00079,Female,36,Chennai,Tamil Nadu,2024-04-10,Regular
CUST00080,Customer 00080,Male,46,Madurai,Tamil Nadu,2026-04-11,Regular
CUST00081,Customer 00081,Male,54,Kolkata,West Bengal,2025-07-13,New
CUST00082,Customer 00082,Male,28,Madurai,Tamil Nadu,2024-08-30,Regular
CUST00083,Customer 00083,Other,36,Coimbatore,Tamil Nadu,2023-09-21,Loyal
CUST00084,Customer 00084,Female,45,Chennai,Tamil Nadu,2023-07-24,Regular
CUST00085,Customer 00085,Female,56,Coimbatore,Tamil Nadu,2025-07-17,Loyal
CUST00086,Customer 00086,Male,38,Coimbatore,Tamil Nadu,2025-09-14,Regular
CUST00087,Customer 00087,Male,43,Mumbai,Maharashtra,2026-01-18,Loyal
CUST00088,Customer 00088,Male,39,Chennai,Tamil Nadu,2025-08-11,VIP
CUST00089,Customer 00089,Female,23,Coimbatore,Tamil Nadu,2022-05-02,Regular
CUST00090,Customer 00090,Female,28,Mumbai,Maharashtra,2022-06-08,Regular
CUST00091,Customer 00091,Female,31,Mumbai,Maharashtra,2025-04-16,Loyal
CUST00092,Customer 00092,Male,53,Chennai,Tamil Nadu,2025-09-13,New
CUST00093,Customer 00093,Female,57,Hyderabad,Telangana,2022-11-03,Loyal
CUST00094,Customer 00094,Male,58,Ahmedabad,Gujarat,2025-01-17,Regular
CUST00095,Customer 00095,Other,19,Kolkata,West Bengal,2024-01-21,Loyal
CUST00096,Customer 00096,Male,60,Ahmedabad,Gujarat,2024-11-27,New
CUST00097,Customer 00097,Female,37,Madurai,Tamil Nadu,2023-08-14,Loyal
CUST00098,Customer 00098,Male,39,Kolkata,West Bengal,2022-12-12,Regular
CUST00099,Customer 00099,Male,56,Madurai,Tamil Nadu,2025-06-29,Loyal
CUST00100,Customer 00100,Female,21,Coimbatore,Tamil Nadu,2022-05-29,Regular
CUST00101,Customer 00101,Male,46,Bengaluru,Karnataka,2024-11-05,Regular
CUST00102,Customer 00102,Male,63,Chennai,Tamil Nadu,2025-10-22,VIP
CUST00103,Customer 00103,Female,41,Kolkata,West Bengal,2024-04-14,Loyal
CUST00104,Customer 00104,Female,18,Kolkata,West Bengal,2024-02-20,VIP
CUST00105,Customer 00105,Female,41,Coimbatore,Tamil Nadu,2022-04-28,Regular
CUST00106,Customer 00106,Male,47,Hyderabad,Telangana,2023-12-05,Regular
CUST00107,Customer 00107,Female,29,Mumbai,Maharashtra,2022-11-13,Regular
CUST00108,Customer 00108,Female,36,Coimbatore,Tamil Nadu,2022-10-15,Regular
CUST00109,Customer 00109,Male,54,Pune,Maharashtra,2024-06-26,New
CUST00110,Customer 00110,Female,57,Mumbai,Maharashtra,2025-10-06,Regular
CUST00111,Customer 00111,Male,60,Chennai,Tamil Nadu,2022-10-24,Loyal
CUST00112,Customer 00112,Male,21,Mumbai,Maharashtra,2025-05-02,Regular
CUST00113,Customer 00113,Male,32,Hyderabad,Telangana,2025-11-16,VIP
CUST00114,Customer 00114,Male,37,Mumbai,Maharashtra,2023-03-19,New
CUST00115,Customer 00115,Female,61,Chennai,Tamil Nadu,2025-07-28,VIP
CUST00116,Customer 00116,Female,37,Hyderabad,Telangana,2024-06-19,Regular
CUST00117,Customer 00117,Female,38,Ahmedabad,Gujarat,2022-10-28,Loyal
CUST00118,Customer 00118,Female,27,Kolkata,West Bengal,2024-06-16,Regular
CUST00119,Customer 00119,Male,47,Kolkata,West Bengal,2023-03-02,Loyal
CUST00120,Customer 00120,Female,41,Madurai,Tamil Nadu,2022-09-07,Regular
CUST00121,Customer 00121,Female,65,Ahmedabad,Gujarat,2026-03-19,Regular
CUST00122,Customer 00122,Male,57,Ahmedabad,Gujarat,2023-11-17,New
CUST00123,Customer 00123,Female,57,Mumbai,Maharashtra,2024-01-22,Regular
CUST00124,Customer 00124,Other,55,Kolkata,West Bengal,2024-09-24,Loyal
CUST00125,Customer 00125,Female,20,Chennai,Tamil Nadu,2023-02-10,New
CUST00126,Customer 00126,Female,46,Delhi,Delhi,2024-03-11,Loyal
CUST00127,Customer 00127,Male,25,Delhi,Delhi,2022-09-01,New
CUST00128,Customer 00128,Male,46,Hyderabad,Telangana,2023-01-02,Loyal
CUST00129,Customer 00129,Male,27,Kolkata,West Bengal,2022-04-30,VIP
CUST00130,Customer 00130,Female,22,Kolkata,West Bengal,2024-04-29,Regular
CUST00131,Customer 00131,Female,28,Delhi,Delhi,2026-01-03,New
CUST00132,Customer 00132,Other,21,Kolkata,West Bengal,2026-03-08,Regular
CUST00133,Customer 00133,Male,52,Mumbai,Maharashtra,2023-03-09,New
CUST00134,Customer 00134,Male,57,Pune,Maharashtra,2022-07-02,Regular
CUST00135,Customer 00135,Female,29,Bengaluru,Karnataka,2026-01-24,Regular
CUST00136,Customer 00136,Female,38,Ahmedabad,Gujarat,2024-01-29,Regular
CUST00137,Customer 00137,Male,33,Madurai,Tamil Nadu,2025-02-15,New
CUST00138,Customer 00138,Female,31,Hyderabad,Telangana,2022-01-31,New
CUST00139,Customer 00139,Female,38,Pune,Maharashtra,2024-09-03,New
CUST00140,Customer 00140,Female,65,Delhi,Delhi,2025-03-18,Regular
CUST00141,Customer 00141,Female,44,Ahmedabad,Gujarat,2023-06-12,Regular
CUST00142,Customer 00142,Male,53,Kolkata,West Bengal,2025-07-20,New
CUST00143,Customer 00143,Other,18,Madurai,Tamil Nadu,2024-05-13,Regular
CUST00144,Customer 00144,Female,18,Kolkata,West Bengal,2025-11-09,Loyal
CUST00145,Customer 00145,Male,39,Chennai,Tamil Nadu,2022-04-12,Regular
CUST00146,Customer 00146,Male,32,Chennai,Tamil Nadu,2024-12-31,Loyal
CUST00147,Customer 00147,Female,37,Madurai,Tamil Nadu,2023-09-15,Regular
CUST00148,Customer 00148,Male,20,Madurai,Tamil Nadu,2024-03-15,New
CUST00149,Customer 00149,Male,31,Delhi,Delhi,2023-02-12,Regular
CUST00150,Customer 00150,Female,26,Madurai,Tamil Nadu,2025-10-02,Regular
CUST00151,Customer 00151,Male,36,Mumbai,Maharashtra,2025-10-22,Loyal
CUST00152,Customer 00152,Female,57,Kolkata,West Bengal,2024-04-09,Regular
CUST00153,Customer 00153,Male,51,Pune,Maharashtra,2024-02-28,VIP
CUST00154,Customer 00154,Female,21,Coimbatore,Tamil Nadu,2023-09-10,Regular
CUST00155,Customer 00155,Male,50,Madurai,Tamil Nadu,2023-07-03,Regular
CUST00156,Customer 00156,Male,60,Hyderabad,Telangana,2022-10-18,New
CUST00157,Customer 00157,Male,54,Chennai,Tamil Nadu,2023-02-26,New
CUST00158,Customer 00158,Female,19,Mumbai,Maharashtra,2022-06-30,Regular
CUST00159,Customer 00159,Female,44,Ahmedabad,Gujarat,2023-10-17,Regular
CUST00160,Customer 00160,Male,62,Coimbatore,Tamil Nadu,2022-04-24,Loyal
CUST00161,Customer 00161,Female,34,Pune,Maharashtra,2025-06-15,Loyal
CUST00162,Customer 00162,Female,48,Coimbatore,Tamil Nadu,2025-01-22,New
CUST00163,Customer 00163,Other,58,Madurai,Tamil Nadu,2022-09-17,Regular
CUST00164,Customer 00164,Male,23,Delhi,Delhi,2025-02-04,New
CUST00165,Customer 00165,Female,48,Chennai,Tamil Nadu,2022-09-01,Regular
CUST00166,Customer 00166,Male,20,Chennai,Tamil Nadu,2023-02-27,Loyal
CUST00167,Customer 00167,Male,57,Ahmedabad,Gujarat,2022-12-01,Regular
CUST00168,Customer 00168,Other,20,Delhi,Delhi,2024-11-12,Loyal
CUST00169,Customer 00169,Female,50,Kolkata,West Bengal,2022-09-28,VIP
CUST00170,Customer 00170,Male,30,Bengaluru,Karnataka,2025-03-09,Regular
CUST00171,Customer 00171,Male,38,Mumbai,Maharashtra,2026-01-29,New
CUST00172,Customer 00172,Female,54,Chennai,Tamil Nadu,2023-03-30,Regular
CUST00173,Customer 00173,Female,33,Hyderabad,Telangana,2025-11-08,New
CUST00174,Customer 00174,Male,38,Chennai,Tamil Nadu,2023-08-17,Regular
CUST00175,Customer 00175,Female,65,Coimbatore,Tamil Nadu,2025-11-01,Loyal
CUST00176,Customer 00176,Male,61,Chennai,Tamil Nadu,2024-10-06,Regular
CUST00177,Customer 00177,Male,30,Chennai,Tamil Nadu,2026-01-01,Loyal
CUST00178,Customer 00178,Female,21,Bengaluru,Karnataka,2024-05-05,Loyal
CUST00179,Customer 00179,Male,48,Bengaluru,Karnataka,2025-12-16,Loyal
CUST00180,Customer 00180,Male,26,Pune,Maharashtra,2025-03-25,Regular
CUST00181,Customer 00181,Female,65,Kolkata,West Bengal,2025-09-20,Loyal
CUST00182,Customer 00182,Female,50,Hyderabad,Telangana,2026-04-04,Regular
CUST00183,Customer 00183,Male,54,Chennai,Tamil Nadu,2022-05-12,Regular
CUST00184,Customer 00184,Female,54,Chennai,Tamil Nadu,2024-02-07,VIP
CUST00185,Customer 00185,Female,41,Mumbai,Maharashtra,2023-05-16,VIP
CUST00186,Customer 00186,Male,42,Bengaluru,Karnataka,2026-03-26,Regular
CUST00187,Customer 00187,Female,58,Hyderabad,Telangana,2025-03-09,Loyal
CUST00188,Customer 00188,Male,46,Ahmedabad,Gujarat,2022-05-15,Regular
CUST00189,Customer 00189,Male,57,Pune,Maharashtra,2024-02-06,Regular
CUST00190,Customer 00190,Female,64,Kolkata,West Bengal,2024-03-22,New
CUST00191,Customer 00191,Other,53,Delhi,Delhi,2025-12-01,Regular
CUST00192,Customer 00192,Male,32,Kolkata,West Bengal,2024-02-09,Regular
CUST00193,Customer 00193,Male,62,Coimbatore,Tamil Nadu,2022-04-04,New
CUST00194,Customer 00194,Female,35,Chennai,Tamil Nadu,2025-06-18,Regular
CUST00195,Customer 00195,Male,37,Pune,Maharashtra,2022-06-14,New
CUST00196,Customer 00196,Male,22,Coimbatore,Tamil Nadu,2022-11-21,New
CUST00197,Customer 00197,Male,35,Hyderabad,Telangana,2025-05-26,Regular
CUST00198,Customer 00198,Female,57,Delhi,Delhi,2024-07-28,Regular
CUST00199,Customer 00199,Male,18,Bengaluru,Karnataka,2023-09-12,Regular
CUST00200,Customer 00200,Male,36,Pune,Maharashtra,2022-08-19,Regular
CUST00201,Customer 00201,Female,40,Pune,Maharashtra,2023-08-05,Regular
CUST00202,Customer 00202,Female,43,Chennai,Tamil Nadu,2024-01-03,New
CUST00203,Customer 00203,Female,46,Madurai,Tamil Nadu,2025-04-17,Regular
CUST00204,Customer 00204,Male,51,Pune,Maharashtra,2025-01-08,Loyal
CUST00205,Customer 00205,Female,36,Mumbai,Maharashtra,2025-10-09,New
CUST00206,Customer 00206,Male,65,Delhi,Delhi,2023-11-02,Regular
CUST00207,Customer 00207,Male,35,Delhi,Delhi,2025-03-30,New
CUST00208,Customer 00208,Female,19,Mumbai,Maharashtra,2025-12-21,Regular
CUST00209,Customer 00209,Male,44,Ahmedabad,Gujarat,2023-02-07,Regular
CUST00210,Customer 00210,Male,23,Mumbai,Maharashtra,2024-11-21,VIP
CUST00211,Customer 00211,Male,56,Mumbai,Maharashtra,2022-05-01,Regular
CUST00212,Customer 00212,Male,23,Delhi,Delhi,2023-12-28,Regular
CUST00213,Customer 00213,Male,23,Kolkata,West Bengal,2026-03-19,Regular
CUST00214,Customer 00214,Other,48,Delhi,Delhi,2023-01-20,New
CUST00215,Customer 00215,Male,58,Madurai,Tamil Nadu,2025-12-19,VIP
CUST00216,Customer 00216,Male,57,Chennai,Tamil Nadu,2023-04-21,Regular
CUST00217,Customer 00217,Male,47,Coimbatore,Tamil Nadu,2023-07-14,New
CUST00218,Customer 00218,Female,38,Kolkata,West Bengal,2025-04-05,Regular
CUST00219,Customer 00219,Female,58,Bengaluru,Karnataka,2023-01-24,Regular
CUST00220,Customer 00220,Male,61,Coimbatore,Tamil Nadu,2025-09-18,New
CUST00221,Customer 00221,Female,35,Chennai,Tamil Nadu,2026-03-27,Regular
CUST00222,Customer 00222,Male,40,Madurai,Tamil Nadu,2024-02-29,Regular
CUST00223,Customer 00223,Male,55,Madurai,Tamil Nadu,2024-01-23,Regular
CUST00224,Customer 00224,Male,40,Bengaluru,Karnataka,2026-02-03,New
CUST00225,Customer 00225,Male,45,Kolkata,West Bengal,2023-12-05,VIP
CUST00226,Customer 00226,Male,53,Ahmedabad,Gujarat,2026-03-28,New
CUST00227,Customer 00227,Female,42,Mumbai,Maharashtra,2022-02-22,Regular
CUST00228,Customer 00228,Male,24,Kolkata,West Bengal,2023-07-21,Loyal
CUST00229,Customer 00229,Female,35,Ahmedabad,Gujarat,2024-03-31,New
CUST00230,Customer 00230,Male,37,Madurai,Tamil Nadu,2024-11-10,New
CUST00231,Customer 00231,Male,22,Delhi,Delhi,2024-11-08,New
CUST00232,Customer 00232,Male,35,Chennai,Tamil Nadu,2024-05-11,New
CUST00233,Customer 00233,Female,59,Bengaluru,Karnataka,2026-01-19,New
CUST00234,Customer 00234,Male,57,Chennai,Tamil Nadu,2022-11-18,Regular
CUST00235,Customer 00235,Female,50,Hyderabad,Telangana,2024-04-06,Regular
CUST00236,Customer 00236,Male,32,Hyderabad,Telangana,2023-03-09,Regular
CUST00237,Customer 00237,Male,52,Kolkata,West Bengal,2024-12-18,New
CUST00238,Customer 00238,Male,64,Madurai,Tamil Nadu,2025-03-20,Loyal
CUST00239,Customer 00239,Male,63,Madurai,Tamil Nadu,2026-01-03,New
CUST00240,Customer 00240,Male,18,Mumbai,Maharashtra,2022-02-27,Regular
CUST00241,Customer 00241,Male,38,Mumbai,Maharashtra,2024-10-14,New
CUST00242,Customer 00242,Female,25,Mumbai,Maharashtra,2026-05-17,New
CUST00243,Customer 00243,Male,24,Delhi,Delhi,2024-01-21,Regular
CUST00244,Customer 00244,Female,58,Coimbatore,Tamil Nadu,2025-08-09,Regular
CUST00245,Customer 00245,Male,61,Pune,Maharashtra,2022-07-01,Regular
CUST00246,Customer 00246,Female,57,Coimbatore,Tamil Nadu,2023-08-30,Regular
CUST00247,Customer 00247,Female,57,Chennai,Tamil Nadu,2025-01-06,VIP
CUST00248,Customer 00248,Male,47,Coimbatore,Tamil Nadu,2024-08-18,Regular
CUST00249,Customer 00249,Male,55,Delhi,Delhi,2022-04-15,Regular
CUST00250,Customer 00250,Female,52,Chennai,Tamil Nadu,2025-07-08,New
CUST00251,Customer 00251,Female,19,Coimbatore,Tamil Nadu,2023-08-30,New
CUST00252,Customer 00252,Male,63,Delhi,Delhi,2025-05-31,Regular
CUST00253,Customer 00253,Male,25,Pune,Maharashtra,2024-09-16,Regular
CUST00254,Customer 00254,Female,55,Coimbatore,Tamil Nadu,2023-04-29,Regular
CUST00255,Customer 00255,Male,21,Delhi,Delhi,2022-05-09,New
CUST00256,Customer 00256,Female,54,Mumbai,Maharashtra,2022-11-15,Loyal
CUST00257,Customer 00257,Male,38,Madurai,Tamil Nadu,2023-12-08,VIP
CUST00258,Customer 00258,Male,30,Mumbai,Maharashtra,2023-05-24,Regular
CUST00259,Customer 00259,Female,26,Madurai,Tamil Nadu,2022-01-20,Loyal
CUST00260,Customer 00260,Female,62,Bengaluru,Karnataka,2024-01-22,Loyal
CUST00261,Customer 00261,Male,46,Bengaluru,Karnataka,2022-08-23,VIP
CUST00262,Customer 00262,Male,58,Bengaluru,Karnataka,2023-08-29,Regular
CUST00263,Customer 00263,Female,41,Pune,Maharashtra,2023-07-08,Loyal
CUST00264,Customer 00264,Female,33,Mumbai,Maharashtra,2025-10-05,New
CUST00265,Customer 00265,Male,29,Madurai,Tamil Nadu,2023-03-29,Regular
CUST00266,Customer 00266,Female,19,Delhi,Delhi,2023-08-09,Loyal
CUST00267,Customer 00267,Female,36,Chennai,Tamil Nadu,2024-09-10,Loyal
CUST00268,Customer 00268,Female,47,Delhi,Delhi,2026-03-13,New
CUST00269,Customer 00269,Female,33,Chennai,Tamil Nadu,2023-02-27,Loyal
CUST00270,Customer 00270,Male,41,Hyderabad,Telangana,2025-04-28,Regular
CUST00271,Customer 00271,Female,30,Delhi,Delhi,2025-02-22,New
CUST00272,Customer 00272,Female,22,Coimbatore,Tamil Nadu,2022-01-06,Regular
CUST00273,Customer 00273,Male,40,Coimbatore,Tamil Nadu,2023-04-03,Loyal
CUST00274,Customer 00274,Male,55,Kolkata,West Bengal,2023-07-08,VIP
CUST00275,Customer 00275,Male,48,Mumbai,Maharashtra,2026-05-13,Loyal
CUST00276,Customer 00276,Female,34,Chennai,Tamil Nadu,2023-06-06,New
CUST00277,Customer 00277,Male,20,Chennai,Tamil Nadu,2025-01-17,New
CUST00278,Customer 00278,Female,43,Mumbai,Maharashtra,2024-04-25,New
CUST00279,Customer 00279,Female,30,Pune,Maharashtra,2025-02-08,New
CUST00280,Customer 00280,Female,61,Kolkata,West Bengal,2023-07-05,Regular
CUST00281,Customer 00281,Female,55,Pune,Maharashtra,2025-11-21,Regular
CUST00282,Customer 00282,Other,39,Pune,Maharashtra,2022-01-11,New
CUST00283,Customer 00283,Male,38,Pune,Maharashtra,2023-05-12,Loyal
CUST00284,Customer 00284,Female,46,Mumbai,Maharashtra,2024-11-05,Regular
CUST00285,Customer 00285,Male,62,Pune,Maharashtra,2024-11-22,Loyal
CUST00286,Customer 00286,Female,63,Coimbatore,Tamil Nadu,2024-01-15,Regular
CUST00287,Customer 00287,Male,56,Bengaluru,Karnataka,2023-05-04,Regular
CUST00288,Customer 00288,Other,22,Hyderabad,Telangana,2025-04-26,Regular
CUST00289,Customer 00289,Female,31,Chennai,Tamil Nadu,2024-01-06,Regular
CUST00290,Customer 00290,Female,35,Chennai,Tamil Nadu,2026-05-14,Regular
CUST00291,Customer 00291,Male,21,Hyderabad,Telangana,2023-04-03,Regular
CUST00292,Customer 00292,Male,50,Mumbai,Maharashtra,2024-12-10,Loyal
CUST00293,Customer 00293,Female,56,Delhi,Delhi,2025-07-18,Loyal
CUST00294,Customer 00294,Male,37,Mumbai,Maharashtra,2023-04-09,Regular
CUST00295,Customer 00295,Female,30,Chennai,Tamil Nadu,2022-02-12,New
CUST00296,Customer 00296,Male,53,Chennai,Tamil Nadu,2023-06-23,VIP
CUST00297,Customer 00297,Female,62,Hyderabad,Telangana,2023-07-22,Loyal
CUST00298,Customer 00298,Male,21,Pune,Maharashtra,2022-05-01,Regular
CUST00299,Customer 00299,Female,52,Mumbai,Maharashtra,2023-09-17,Loyal
CUST00300,Customer 00300,Female,25,Madurai,Tamil Nadu,2022-11-12,New
CUST00301,Customer 00301,Male,57,Hyderabad,Telangana,2024-10-18,New
CUST00302,Customer 00302,Male,64,Coimbatore,Tamil Nadu,2025-02-12,New
CUST00303,Customer 00303,Male,53,Chennai,Tamil Nadu,2023-09-13,New
CUST00304,Customer 00304,Female,23,Hyderabad,Telangana,2023-03-30,Regular
CUST00305,Customer 00305,Female,39,Mumbai,Maharashtra,2023-11-18,New
CUST00306,Customer 00306,Female,23,Chennai,Tamil Nadu,2023-09-16,Loyal
CUST00307,Customer 00307,Female,59,Delhi,Delhi,2023-09-04,Regular
CUST00308,Customer 00308,Male,53,Hyderabad,Telangana,2026-03-24,Regular
CUST00309,Customer 00309,Male,26,Kolkata,West Bengal,2024-08-16,New
CUST00310,Customer 00310,Male,33,Chennai,Tamil Nadu,2023-10-09,Regular
CUST00311,Customer 00311,Male,56,Mumbai,Maharashtra,2024-02-02,New
CUST00312,Customer 00312,Other,63,Bengaluru,Karnataka,2025-09-22,Loyal
CUST00313,Customer 00313,Female,55,Madurai,Tamil Nadu,2022-08-28,Loyal
CUST00314,Customer 00314,Male,50,Ahmedabad,Gujarat,2024-01-04,Regular
CUST00315,Customer 00315,Female,35,Pune,Maharashtra,2025-11-10,New
CUST00316,Customer 00316,Female,29,Ahmedabad,Gujarat,2025-03-14,Loyal
CUST00317,Customer 00317,Male,44,Mumbai,Maharashtra,2023-01-12,Regular
CUST00318,Customer 00318,Male,64,Coimbatore,Tamil Nadu,2022-01-04,New
CUST00319,Customer 00319,Male,18,Coimbatore,Tamil Nadu,2024-03-04,Regular
CUST00320,Customer 00320,Female,32,Bengaluru,Karnataka,2024-04-25,Loyal
CUST00321,Customer 00321,Other,64,Pune,Maharashtra,2025-09-13,Regular
CUST00322,Customer 00322,Female,44,Kolkata,West Bengal,2022-07-16,Loyal
CUST00323,Customer 00323,Male,33,Bengaluru,Karnataka,2023-01-24,New
CUST00324,Customer 00324,Male,38,Ahmedabad,Gujarat,2022-09-18,New
CUST00325,Customer 00325,Female,18,Bengaluru,Karnataka,2023-08-26,Regular
CUST00326,Customer 00326,Female,46,Ahmedabad,Gujarat,2022-04-04,New
CUST00327,Customer 00327,Female,20,Chennai,Tamil Nadu,2025-07-04,Regular
CUST00328,Customer 00328,Female,29,Coimbatore,Tamil Nadu,2022-05-16,New
CUST00329,Customer 00329,Male,45,Chennai,Tamil Nadu,2023-06-09,Regular
CUST00330,Customer 00330,Female,56,Madurai,Tamil Nadu,2023-05-13,Regular
CUST00331,Customer 00331,Female,54,Pune,Maharashtra,2025-04-16,Loyal
CUST00332,Customer 00332,Male,48,Kolkata,West Bengal,2022-04-22,Loyal
CUST00333,Customer 00333,Female,48,Ahmedabad,Gujarat,2025-07-11,VIP
CUST00334,Customer 00334,Male,50,Kolkata,West Bengal,2025-12-08,Loyal
CUST00335,Customer 00335,Male,50,Ahmedabad,Gujarat,2023-01-04,Regular
CUST00336,Customer 00336,Male,64,Mumbai,Maharashtra,2024-07-24,Regular
CUST00337,Customer 00337,Male,57,Bengaluru,Karnataka,2025-11-02,Loyal
CUST00338,Customer 00338,Male,28,Madurai,Tamil Nadu,2024-02-07,Regular
CUST00339,Customer 00339,Male,63,Coimbatore,Tamil Nadu,2023-08-09,Regular
CUST00340,Customer 00340,Female,46,Ahmedabad,Gujarat,2025-11-07,Loyal
CUST00341,Customer 00341,Male,42,Kolkata,West Bengal,2023-11-04,New
CUST00342,Customer 00342,Male,30,Madurai,Tamil Nadu,2023-05-26,Loyal
CUST00343,Customer 00343,Male,61,Delhi,Delhi,2023-12-14,Regular
CUST00344,Customer 00344,Female,36,Delhi,Delhi,2024-03-30,Regular
CUST00345,Customer 00345,Male,53,Chennai,Tamil Nadu,2023-01-12,Loyal
CUST00346,Customer 00346,Male,45,Coimbatore,Tamil Nadu,2023-06-29,Regular
CUST00347,Customer 00347,Female,21,Mumbai,Maharashtra,2022-03-14,VIP
CUST00348,Customer 00348,Female,20,Kolkata,West Bengal,2024-08-31,VIP
CUST00349,Customer 00349,Female,55,Bengaluru,Karnataka,2023-05-19,Regular
CUST00350,Customer 00350,Female,54,Bengaluru,Karnataka,2025-10-07,New
CUST00351,Customer 00351,Male,60,Kolkata,West Bengal,2024-03-15,Regular
CUST00352,Customer 00352,Female,42,Pune,Maharashtra,2023-12-11,Regular
CUST00353,Customer 00353,Male,58,Mumbai,Maharashtra,2022-11-21,Loyal
CUST00354,Customer 00354,Male,52,Madurai,Tamil Nadu,2023-01-23,New
CUST00355,Customer 00355,Male,46,Ahmedabad,Gujarat,2024-04-07,New
CUST00356,Customer 00356,Female,58,Pune,Maharashtra,2022-08-28,New
CUST00357,Customer 00357,Male,46,Ahmedabad,Gujarat,2024-09-02,Regular
CUST00358,Customer 00358,Female,29,Ahmedabad,Gujarat,2025-01-02,Loyal
CUST00359,Customer 00359,Female,52,Pune,Maharashtra,2022-01-31,New
CUST00360,Customer 00360,Male,37,Chennai,Tamil Nadu,2023-04-24,New
CUST00361,Customer 00361,Female,34,Delhi,Delhi,2024-11-03,Regular
CUST00362,Customer 00362,Female,29,Ahmedabad,Gujarat,2023-12-18,Loyal
CUST00363,Customer 00363,Female,53,Pune,Maharashtra,2025-09-01,Loyal
CUST00364,Customer 00364,Male,27,Pune,Maharashtra,2022-03-09,Loyal
CUST00365,Customer 00365,Female,35,Hyderabad,Telangana,2024-10-02,New
CUST00366,Customer 00366,Male,47,Chennai,Tamil Nadu,2023-06-22,Regular
CUST00367,Customer 00367,Female,25,Coimbatore,Tamil Nadu,2022-10-18,VIP
CUST00368,Customer 00368,Female,58,Hyderabad,Telangana,2024-09-01,VIP
CUST00369,Customer 00369,Male,30,Hyderabad,Telangana,2022-01-24,Regular
CUST00370,Customer 00370,Female,48,Kolkata,West Bengal,2023-02-19,Loyal
CUST00371,Customer 00371,Female,23,Delhi,Delhi,2024-04-30,VIP
CUST00372,Customer 00372,Female,24,Pune,Maharashtra,2024-08-19,Regular
CUST00373,Customer 00373,Male,38,Delhi,Delhi,2023-11-12,New
CUST00374,Customer 00374,Male,55,Mumbai,Maharashtra,2024-11-25,Regular
CUST00375,Customer 00375,Other,60,Kolkata,West Bengal,2022-04-11,VIP
CUST00376,Customer 00376,Female,45,Coimbatore,Tamil Nadu,2023-06-30,Regular
CUST00377,Customer 00377,Female,61,Delhi,Delhi,2022-02-08,Loyal
CUST00378,Customer 00378,Male,38,Bengaluru,Karnataka,2022-07-30,Regular
CUST00379,Customer 00379,Male,38,Ahmedabad,Gujarat,2024-01-12,New
CUST00380,Customer 00380,Female,41,Mumbai,Maharashtra,2023-08-15,New
CUST00381,Customer 00381,Female,44,Chennai,Tamil Nadu,2024-01-20,VIP
CUST00382,Customer 00382,Male,44,Coimbatore,Tamil Nadu,2022-06-21,Regular
CUST00383,Customer 00383,Female,30,Mumbai,Maharashtra,2024-04-17,New
CUST00384,Customer 00384,Female,46,Ahmedabad,Gujarat,2023-03-18,VIP
CUST00385,Customer 00385,Male,56,Kolkata,West Bengal,2024-12-18,Regular
CUST00386,Customer 00386,Male,45,Ahmedabad,Gujarat,2025-12-04,Loyal
CUST00387,Customer 00387,Male,54,Hyderabad,Telangana,2023-06-18,Regular
CUST00388,Customer 00388,Female,46,Ahmedabad,Gujarat,2022-12-31,New
CUST00389,Customer 00389,Male,65,Hyderabad,Telangana,2023-01-02,Regular
CUST00390,Customer 00390,Male,39,Kolkata,West Bengal,2025-09-29,VIP
CUST00391,Customer 00391,Female,53,Madurai,Tamil Nadu,2022-10-23,New
CUST00392,Customer 00392,Male,47,Hyderabad,Telangana,2025-09-26,Loyal
CUST00393,Customer 00393,Male,45,Chennai,Tamil Nadu,2023-08-29,New
CUST00394,Customer 00394,Male,40,Ahmedabad,Gujarat,2024-01-26,Regular
CUST00395,Customer 00395,Female,50,Ahmedabad,Gujarat,2023-06-07,Regular
CUST00396,Customer 00396,Female,21,Chennai,Tamil Nadu,2022-09-22,Loyal
CUST00397,Customer 00397,Male,20,Bengaluru,Karnataka,2026-03-28,Regular
CUST00398,Customer 00398,Female,49,Pune,Maharashtra,2024-11-27,Regular
CUST00399,Customer 00399,Female,21,Madurai,Tamil Nadu,2025-02-28,Loyal
CUST00400,Customer 00400,Male,18,Coimbatore,Tamil Nadu,2023-01-17,New
CUST00401,Customer 00401,Male,29,Hyderabad,Telangana,2025-06-02,New
CUST00402,Customer 00402,Male,30,Chennai,Tamil Nadu,2025-03-12,New
CUST00403,Customer 00403,Male,51,Kolkata,West Bengal,2023-03-07,Regular
CUST00404,Customer 00404,Female,46,Hyderabad,Telangana,2023-01-24,Regular
CUST00405,Customer 00405,Female,26,Pune,Maharashtra,2022-02-23,Loyal
CUST00406,Customer 00406,Male,48,Kolkata,West Bengal,2022-01-24,Regular
CUST00407,Customer 00407,Male,24,Mumbai,Maharashtra,2023-01-30,New
CUST00408,Customer 00408,Male,30,Ahmedabad,Gujarat,2023-09-25,Loyal
CUST00409,Customer 00409,Female,19,Mumbai,Maharashtra,2022-04-29,Regular
CUST00410,Customer 00410,Male,50,Hyderabad,Telangana,2024-09-09,VIP
CUST00411,Customer 00411,Female,24,Pune,Maharashtra,2025-04-23,Regular
CUST00412,Customer 00412,Male,35,Madurai,Tamil Nadu,2022-07-11,New
CUST00413,Customer 00413,Female,25,Hyderabad,Telangana,2023-05-02,Regular
CUST00414,Customer 00414,Female,29,Chennai,Tamil Nadu,2023-09-25,New
CUST00415,Customer 00415,Male,60,Delhi,Delhi,2023-12-22,New
CUST00416,Customer 00416,Female,47,Hyderabad,Telangana,2023-01-19,Regular
CUST00417,Customer 00417,Other,26,Ahmedabad,Gujarat,2024-03-22,New
CUST00418,Customer 00418,Male,45,Ahmedabad,Gujarat,2022-12-12,New
CUST00419,Customer 00419,Female,21,Hyderabad,Telangana,2023-04-18,Regular
CUST00420,Customer 00420,Male,56,Kolkata,West Bengal,2023-11-07,Regular
CUST00421,Customer 00421,Female,34,Delhi,Delhi,2022-01-03,Regular
CUST00422,Customer 00422,Male,28,Chennai,Tamil Nadu,2024-12-09,New
CUST00423,Customer 00423,Female,19,Hyderabad,Telangana,2024-07-13,Regular
CUST00424,Customer 00424,Female,40,Kolkata,West Bengal,2024-05-25,Loyal
CUST00425,Customer 00425,Female,39,Ahmedabad,Gujarat,2026-03-08,Regular
CUST00426,Customer 00426,Female,43,Ahmedabad,Gujarat,2024-09-10,Regular
CUST00427,Customer 00427,Female,29,Pune,Maharashtra,2025-05-19,New
CUST00428,Customer 00428,Male,49,Hyderabad,Telangana,2024-08-30,Regular
CUST00429,Customer 00429,Female,26,Delhi,Delhi,2026-04-01,Loyal
CUST00430,Customer 00430,Female,60,Bengaluru,Karnataka,2025-07-30,Regular
CUST00431,Customer 00431,Female,22,Delhi,Delhi,2023-01-14,New
CUST00432,Customer 00432,Female,43,Ahmedabad,Gujarat,2025-09-11,New
CUST00433,Customer 00433,Female,24,Ahmedabad,Gujarat,2025-08-14,VIP
CUST00434,Customer 00434,Female,46,Mumbai,Maharashtra,2022-05-18,Loyal
CUST00435,Customer 00435,Male,50,Ahmedabad,Gujarat,2022-05-05,Regular
CUST00436,Customer 00436,Male,41,Chennai,Tamil Nadu,2024-07-22,Regular
CUST00437,Customer 00437,Male,42,Coimbatore,Tamil Nadu,2025-11-16,Loyal
CUST00438,Customer 00438,Male,48,Hyderabad,Telangana,2025-11-26,New
CUST00439,Customer 00439,Female,46,Delhi,Delhi,2023-04-25,Regular
CUST00440,Customer 00440,Male,22,Coimbatore,Tamil Nadu,2025-11-25,Loyal
CUST00441,Customer 00441,Male,55,Kolkata,West Bengal,2023-07-24,Regular
CUST00442,Customer 00442,Other,62,Bengaluru,Karnataka,2025-10-17,New
CUST00443,Customer 00443,Male,28,Chennai,Tamil Nadu,2022-03-07,New
CUST00444,Customer 00444,Male,49,Delhi,Delhi,2025-12-22,Loyal
CUST00445,Customer 00445,Male,25,Coimbatore,Tamil Nadu,2024-05-01,Regular
CUST00446,Customer 00446,Male,37,Bengaluru,Karnataka,2026-03-25,Loyal
CUST00447,Customer 00447,Female,51,Mumbai,Maharashtra,2023-03-08,Regular
CUST00448,Customer 00448,Female,64,Chennai,Tamil Nadu,2025-02-02,VIP
CUST00449,Customer 00449,Female,59,Chennai,Tamil Nadu,2025-01-17,Loyal
CUST00450,Customer 00450,Male,25,Mumbai,Maharashtra,2023-08-24,Regular
CUST00451,Customer 00451,Female,19,Hyderabad,Telangana,2024-05-05,Regular
CUST00452,Customer 00452,Male,38,Mumbai,Maharashtra,2022-01-06,Regular
CUST00453,Customer 00453,Male,32,Chennai,Tamil Nadu,2022-06-07,Regular
CUST00454,Customer 00454,Male,23,Chennai,Tamil Nadu,2025-11-03,Regular
CUST00455,Customer 00455,Male,22,Coimbatore,Tamil Nadu,2022-11-26,Loyal
CUST00456,Customer 00456,Male,20,Ahmedabad,Gujarat,2025-01-31,New
CUST00457,Customer 00457,Male,60,Bengaluru,Karnataka,2022-08-11,Regular
CUST00458,Customer 00458,Other,60,Mumbai,Maharashtra,2023-02-06,Regular
CUST00459,Customer 00459,Male,33,Bengaluru,Karnataka,2023-06-29,New
CUST00460,Customer 00460,Male,52,Mumbai,Maharashtra,2023-05-24,Regular
CUST00461,Customer 00461,Male,26,Kolkata,West Bengal,2022-07-03,VIP
CUST00462,Customer 00462,Female,52,Chennai,Tamil Nadu,2024-07-03,Regular
CUST00463,Customer 00463,Male,36,Ahmedabad,Gujarat,2025-01-15,VIP
CUST00464,Customer 00464,Female,60,Coimbatore,Tamil Nadu,2023-08-04,Loyal
CUST00465,Customer 00465,Other,63,Ahmedabad,Gujarat,2025-11-04,Loyal
CUST00466,Customer 00466,Male,51,Ahmedabad,Gujarat,2023-06-22,Regular
CUST00467,Customer 00467,Male,56,Ahmedabad,Gujarat,2025-12-07,New
CUST00468,Customer 00468,Male,27,Bengaluru,Karnataka,2023-06-02,Regular
CUST00469,Customer 00469,Female,27,Mumbai,Maharashtra,2024-02-07,Regular
CUST00470,Customer 00470,Male,37,Madurai,Tamil Nadu,2022-10-22,VIP
CUST00471,Customer 00471,Male,18,Kolkata,West Bengal,2024-10-11,Regular
CUST00472,Customer 00472,Male,23,Delhi,Delhi,2022-09-17,New
CUST00473,Customer 00473,Female,63,Ahmedabad,Gujarat,2025-11-08,Regular
CUST00474,Customer 00474,Male,19,Hyderabad,Telangana,2024-04-05,Regular
CUST00475,Customer 00475,Male,55,Bengaluru,Karnataka,2025-08-20,New
CUST00476,Customer 00476,Female,50,Coimbatore,Tamil Nadu,2022-11-12,New
CUST00477,Customer 00477,Female,20,Delhi,Delhi,2024-01-16,Loyal
CUST00478,Customer 00478,Female,53,Madurai,Tamil Nadu,2023-12-20,Regular
CUST00479,Customer 00479,Male,30,Hyderabad,Telangana,2025-01-05,New
CUST00480,Customer 00480,Female,52,Madurai,Tamil Nadu,2023-11-11,Regular
CUST00481,Customer 00481,Female,32,Delhi,Delhi,2024-05-03,Regular
CUST00482,Customer 00482,Male,62,Ahmedabad,Gujarat,2025-11-03,New
CUST00483,Customer 00483,Female,39,Hyderabad,Telangana,2023-04-06,VIP
CUST00484,Customer 00484,Male,60,Madurai,Tamil Nadu,2024-12-15,Regular
CUST00485,Customer 00485,Female,21,Coimbatore,Tamil Nadu,2024-03-17,New
CUST00486,Customer 00486,Male,34,Mumbai,Maharashtra,2025-01-09,VIP
CUST00487,Customer 00487,Female,22,Chennai,Tamil Nadu,2025-04-14,Loyal
CUST00488,Customer 00488,Male,38,Mumbai,Maharashtra,2024-03-03,Regular
CUST00489,Customer 00489,Female,41,Delhi,Delhi,2024-07-18,Regular
CUST00490,Customer 00490,Male,48,Bengaluru,Karnataka,2025-11-07,Loyal
CUST00491,Customer 00491,Other,57,Chennai,Tamil Nadu,2022-05-29,Regular
CUST00492,Customer 00492,Female,47,Kolkata,West Bengal,2024-02-07,Regular
CUST00493,Customer 00493,Male,59,Coimbatore,Tamil Nadu,2025-07-28,Regular
CUST00494,Customer 00494,Female,24,Kolkata,West Bengal,2022-12-11,Regular
CUST00495,Customer 00495,Other,24,Hyderabad,Telangana,2025-12-03,Regular
CUST00496,Customer 00496,Male,44,Chennai,Tamil Nadu,2024-08-31,Regular
CUST00497,Customer 00497,Male,41,Kolkata,West Bengal,2024-07-10,New
CUST00498,Customer 00498,Female,36,Kolkata,West Bengal,2022-01-30,Loyal
CUST00499,Customer 00499,Male,58,Madurai,Tamil Nadu,2023-12-31,New
CUST00500,Customer 00500,Male,51,Mumbai,Maharashtra,2025-12-16,Regular
CUST00501,Customer 00501,Male,39,Madurai,Tamil Nadu,2024-09-08,Regular
CUST00502,Customer 00502,Male,44,Chennai,Tamil Nadu,2022-08-19,Loyal
CUST00503,Customer 00503,Male,23,Chennai,Tamil Nadu,2025-10-14,Regular
CUST00504,Customer 00504,Male,27,Delhi,Delhi,2025-03-31,Loyal
CUST00505,Customer 00505,Female,62,Madurai,Tamil Nadu,2023-12-30,New
CUST00506,Customer 00506,Female,48,Pune,Maharashtra,2025-06-05,Regular
CUST00507,Customer 00507,Male,42,Mumbai,Maharashtra,2025-05-29,Loyal
CUST00508,Customer 00508,Female,19,Chennai,Tamil Nadu,2024-01-16,Loyal
CUST00509,Customer 00509,Female,27,Delhi,Delhi,2025-01-01,Regular
CUST00510,Customer 00510,Female,27,Madurai,Tamil Nadu,2023-02-03,Regular
CUST00511,Customer 00511,Male,43,Mumbai,Maharashtra,2022-04-05,New
CUST00512,Customer 00512,Male,22,Madurai,Tamil Nadu,2023-04-20,Regular
CUST00513,Customer 00513,Female,39,Kolkata,West Bengal,2025-01-23,Regular
CUST00514,Customer 00514,Female,21,Delhi,Delhi,2024-02-14,New
CUST00515,Customer 00515,Female,51,Mumbai,Maharashtra,2025-02-21,VIP
CUST00516,Customer 00516,Female,24,Ahmedabad,Gujarat,2024-03-10,Loyal
CUST00517,Customer 00517,Male,34,Hyderabad,Telangana,2026-03-04,New
CUST00518,Customer 00518,Female,28,Hyderabad,Telangana,2024-08-01,Regular
CUST00519,Customer 00519,Male,25,Mumbai,Maharashtra,2024-10-19,Loyal
CUST00520,Customer 00520,Male,45,Madurai,Tamil Nadu,2023-09-13,New
CUST00521,Customer 00521,Female,61,Delhi,Delhi,2024-05-09,Regular
CUST00522,Customer 00522,Male,50,Hyderabad,Telangana,2024-08-21,Regular
CUST00523,Customer 00523,Male,42,Delhi,Delhi,2024-12-07,New
CUST00524,Customer 00524,Female,38,Hyderabad,Telangana,2024-03-23,Regular
CUST00525,Customer 00525,Male,29,Kolkata,West Bengal,2022-04-05,VIP
CUST00526,Customer 00526,Other,43,Madurai,Tamil Nadu,2026-02-09,Regular
CUST00527,Customer 00527,Other,46,Kolkata,West Bengal,2022-02-02,Regular
CUST00528,Customer 00528,Female,55,Hyderabad,Telangana,2025-02-15,Regular
CUST00529,Customer 00529,Male,52,Ahmedabad,Gujarat,2025-06-28,Loyal
CUST00530,Customer 00530,Male,54,Ahmedabad,Gujarat,2025-08-19,Loyal
CUST00531,Customer 00531,Male,63,Kolkata,West Bengal,2022-05-02,New
CUST00532,Customer 00532,Male,61,Ahmedabad,Gujarat,2022-08-06,Loyal
CUST00533,Customer 00533,Male,62,Hyderabad,Telangana,2024-12-12,New
CUST00534,Customer 00534,Other,62,Mumbai,Maharashtra,2025-02-23,New
CUST00535,Customer 00535,Male,46,Kolkata,West Bengal,2025-03-28,Regular
CUST00536,Customer 00536,Female,41,Bengaluru,Karnataka,2024-03-05,Regular
CUST00537,Customer 00537,Male,32,Madurai,Tamil Nadu,2022-06-25,Regular
CUST00538,Customer 00538,Female,23,Ahmedabad,Gujarat,2022-10-19,Regular
CUST00539,Customer 00539,Female,49,Ahmedabad,Gujarat,2025-03-28,New
CUST00540,Customer 00540,Male,61,Chennai,Tamil Nadu,2023-05-06,Regular
CUST00541,Customer 00541,Male,51,Pune,Maharashtra,2024-01-31,Regular
CUST00542,Customer 00542,Female,53,Kolkata,West Bengal,2025-10-12,Regular
CUST00543,Customer 00543,Female,37,Coimbatore,Tamil Nadu,2023-09-26,New
CUST00544,Customer 00544,Female,29,Ahmedabad,Gujarat,2025-06-14,New
CUST00545,Customer 00545,Male,52,Madurai,Tamil Nadu,2025-12-22,Loyal
CUST00546,Customer 00546,Male,55,Bengaluru,Karnataka,2022-05-05,Loyal
CUST00547,Customer 00547,Female,34,Ahmedabad,Gujarat,2025-08-31,New
CUST00548,Customer 00548,Female,44,Bengaluru,Karnataka,2025-07-26,New
CUST00549,Customer 00549,Male,34,Hyderabad,Telangana,2023-08-27,Regular
CUST00550,Customer 00550,Female,28,Hyderabad,Telangana,2024-07-26,VIP
CUST00551,Customer 00551,Male,56,Pune,Maharashtra,2025-02-02,Regular
CUST00552,Customer 00552,Male,19,Mumbai,Maharashtra,2024-12-01,Loyal
CUST00553,Customer 00553,Male,19,Coimbatore,Tamil Nadu,2025-11-21,Regular
CUST00554,Customer 00554,Male,46,Chennai,Tamil Nadu,2026-01-23,VIP
CUST00555,Customer 00555,Female,62,Pune,Maharashtra,2023-05-06,New
CUST00556,Customer 00556,Male,41,Delhi,Delhi,2023-07-19,VIP
CUST00557,Customer 00557,Male,41,Chennai,Tamil Nadu,2022-06-17,Regular
CUST00558,Customer 00558,Female,33,Kolkata,West Bengal,2024-01-29,VIP
CUST00559,Customer 00559,Female,48,Madurai,Tamil Nadu,2025-04-12,Regular
CUST00560,Customer 00560,Female,60,Delhi,Delhi,2025-10-27,Regular
CUST00561,Customer 00561,Female,26,Delhi,Delhi,2025-03-19,Loyal
CUST00562,Customer 00562,Male,44,Pune,Maharashtra,2022-09-06,Loyal
CUST00563,Customer 00563,Female,58,Mumbai,Maharashtra,2022-06-29,Regular
CUST00564,Customer 00564,Female,31,Pune,Maharashtra,2025-02-17,Regular
CUST00565,Customer 00565,Female,62,Kolkata,West Bengal,2022-01-28,Loyal
CUST00566,Customer 00566,Male,42,Ahmedabad,Gujarat,2022-04-27,VIP
CUST00567,Customer 00567,Male,60,Ahmedabad,Gujarat,2023-12-04,New
CUST00568,Customer 00568,Female,61,Mumbai,Maharashtra,2023-10-19,Regular
CUST00569,Customer 00569,Male,39,Kolkata,West Bengal,2024-04-11,Loyal
CUST00570,Customer 00570,Female,52,Mumbai,Maharashtra,2022-09-19,Regular
CUST00571,Customer 00571,Female,50,Bengaluru,Karnataka,2023-09-18,Loyal
CUST00572,Customer 00572,Female,44,Ahmedabad,Gujarat,2024-02-24,Loyal
CUST00573,Customer 00573,Female,57,Delhi,Delhi,2024-11-27,Loyal
CUST00574,Customer 00574,Female,43,Coimbatore,Tamil Nadu,2022-07-16,Loyal
CUST00575,Customer 00575,Male,36,Madurai,Tamil Nadu,2026-03-29,VIP
CUST00576,Customer 00576,Female,62,Kolkata,West Bengal,2025-12-31,Loyal
CUST00577,Customer 00577,Female,56,Chennai,Tamil Nadu,2023-11-15,Loyal
CUST00578,Customer 00578,Male,62,Mumbai,Maharashtra,2024-05-23,New
CUST00579,Customer 00579,Male,43,Madurai,Tamil Nadu,2025-12-04,New
CUST00580,Customer 00580,Male,23,Chennai,Tamil Nadu,2022-11-29,Regular
CUST00581,Customer 00581,Female,20,Madurai,Tamil Nadu,2026-04-04,Loyal
CUST00582,Customer 00582,Male,23,Coimbatore,Tamil Nadu,2026-01-28,Regular
CUST00583,Customer 00583,Female,45,Chennai,Tamil Nadu,2023-12-21,New
CUST00584,Customer 00584,Male,20,Pune,Maharashtra,2025-03-27,Regular
CUST00585,Customer 00585,Male,30,Hyderabad,Telangana,2025-03-29,Loyal
CUST00586,Customer 00586,Female,30,Pune,Maharashtra,2025-09-19,Loyal
CUST00587,Customer 00587,Male,30,Ahmedabad,Gujarat,2025-10-31,Loyal
CUST00588,Customer 00588,Female,18,Hyderabad,Telangana,2022-03-20,Regular
CUST00589,Customer 00589,Female,57,Pune,Maharashtra,2022-07-16,Regular
CUST00590,Customer 00590,Female,54,Hyderabad,Telangana,2025-02-17,Regular
CUST00591,Customer 00591,Male,48,Hyderabad,Telangana,2022-08-14,Regular
CUST00592,Customer 00592,Female,34,Delhi,Delhi,2023-08-18,Regular
CUST00593,Customer 00593,Female,26,Mumbai,Maharashtra,2025-12-04,Regular
CUST00594,Customer 00594,Female,62,Mumbai,Maharashtra,2026-04-11,New
CUST00595,Customer 00595,Female,30,Delhi,Delhi,2024-07-01,Regular
CUST00596,Customer 00596,Female,54,Madurai,Tamil Nadu,2024-01-05,New
CUST00597,Customer 00597,Female,31,Bengaluru,Karnataka,2025-09-24,New
CUST00598,Customer 00598,Female,28,Madurai,Tamil Nadu,2026-04-29,Regular
CUST00599,Customer 00599,Male,42,Chennai,Tamil Nadu,2024-07-07,New
CUST00600,Customer 00600,Male,48,Chennai,Tamil Nadu,2023-06-21,Regular
CUST00601,Customer 00601,Male,31,Hyderabad,Telangana,2022-08-08,Regular
CUST00602,Customer 00602,Male,24,Pune,Maharashtra,2022-10-20,Regular
CUST00603,Customer 00603,Male,41,Pune,Maharashtra,2025-05-12,VIP
CUST00604,Customer 00604,Male,53,Mumbai,Maharashtra,2026-03-18,Regular
CUST00605,Customer 00605,Female,59,Kolkata,West Bengal,2022-07-21,Regular
CUST00606,Customer 00606,Male,59,Madurai,Tamil Nadu,2022-02-01,Loyal
CUST00607,Customer 00607,Female,64,Ahmedabad,Gujarat,2025-01-17,Regular
CUST00608,Customer 00608,Male,61,Coimbatore,Tamil Nadu,2025-05-10,New
CUST00609,Customer 00609,Male,58,Pune,Maharashtra,2025-08-09,Regular
CUST00610,Customer 00610,Male,20,Coimbatore,Tamil Nadu,2023-12-17,Regular
CUST00611,Customer 00611,Male,64,Hyderabad,Telangana,2024-01-23,Regular
CUST00612,Customer 00612,Female,61,Coimbatore,Tamil Nadu,2024-10-13,New
CUST00613,Customer 00613,Female,43,Ahmedabad,Gujarat,2022-04-25,Loyal
CUST00614,Customer 00614,Male,64,Delhi,Delhi,2023-12-23,New
CUST00615,Customer 00615,Male,43,Ahmedabad,Gujarat,2025-05-30,Loyal
CUST00616,Customer 00616,Male,18,Coimbatore,Tamil Nadu,2022-07-01,VIP
CUST00617,Customer 00617,Female,32,Ahmedabad,Gujarat,2024-02-10,VIP
CUST00618,Customer 00618,Female,28,Bengaluru,Karnataka,2023-04-14,Loyal
CUST00619,Customer 00619,Female,54,Hyderabad,Telangana,2023-03-02,New
CUST00620,Customer 00620,Female,24,Madurai,Tamil Nadu,2026-04-25,Loyal
CUST00621,Customer 00621,Female,29,Delhi,Delhi,2024-04-13,New
CUST00622,Customer 00622,Male,55,Pune,Maharashtra,2024-12-19,Loyal
CUST00623,Customer 00623,Male,20,Chennai,Tamil Nadu,2023-04-30,Regular
CUST00624,Customer 00624,Female,59,Madurai,Tamil Nadu,2022-01-11,Regular
CUST00625,Customer 00625,Female,43,Chennai,Tamil Nadu,2025-11-09,Loyal
CUST00626,Customer 00626,Female,47,Hyderabad,Telangana,2025-12-04,New
CUST00627,Customer 00627,Female,49,Delhi,Delhi,2022-02-11,New
CUST00628,Customer 00628,Male,53,Mumbai,Maharashtra,2022-05-03,Regular
CUST00629,Customer 00629,Female,62,Pune,Maharashtra,2023-12-02,Loyal
CUST00630,Customer 00630,Female,54,Bengaluru,Karnataka,2022-09-09,Regular
CUST00631,Customer 00631,Male,35,Mumbai,Maharashtra,2024-08-30,Regular
CUST00632,Customer 00632,Female,18,Hyderabad,Telangana,2023-08-27,Loyal
CUST00633,Customer 00633,Female,38,Madurai,Tamil Nadu,2026-02-16,New
CUST00634,Customer 00634,Male,45,Bengaluru,Karnataka,2022-08-01,Regular
CUST00635,Customer 00635,Male,65,Ahmedabad,Gujarat,2022-09-25,Loyal
CUST00636,Customer 00636,Male,33,Coimbatore,Tamil Nadu,2024-10-02,Regular
CUST00637,Customer 00637,Female,65,Bengaluru,Karnataka,2023-12-08,Regular
CUST00638,Customer 00638,Male,45,Hyderabad,Telangana,2023-06-24,New
CUST00639,Customer 00639,Female,39,Kolkata,West Bengal,2023-12-07,New
CUST00640,Customer 00640,Female,36,Coimbatore,Tamil Nadu,2024-10-07,New
CUST00641,Customer 00641,Male,65,Chennai,Tamil Nadu,2023-09-11,Regular
CUST00642,Customer 00642,Female,18,Pune,Maharashtra,2025-03-04,New
CUST00643,Customer 00643,Other,48,Chennai,Tamil Nadu,2023-05-13,Regular
CUST00644,Customer 00644,Male,59,Bengaluru,Karnataka,2024-10-17,New
CUST00645,Customer 00645,Male,51,Chennai,Tamil Nadu,2024-02-21,Loyal
CUST00646,Customer 00646,Female,63,Hyderabad,Telangana,2022-05-06,Loyal
CUST00647,Customer 00647,Female,57,Ahmedabad,Gujarat,2025-10-14,Regular
CUST00648,Customer 00648,Male,23,Madurai,Tamil Nadu,2026-03-07,Regular
CUST00649,Customer 00649,Male,45,Pune,Maharashtra,2024-04-20,VIP
CUST00650,Customer 00650,Male,20,Chennai,Tamil Nadu,2024-09-09,Regular
CUST00651,Customer 00651,Other,48,Chennai,Tamil Nadu,2025-09-03,VIP
CUST00652,Customer 00652,Male,33,Bengaluru,Karnataka,2022-01-12,New
CUST00653,Customer 00653,Female,34,Madurai,Tamil Nadu,2026-02-09,Loyal
CUST00654,Customer 00654,Female,61,Mumbai,Maharashtra,2025-08-10,Regular
CUST00655,Customer 00655,Male,44,Chennai,Tamil Nadu,2026-01-03,New
CUST00656,Customer 00656,Female,41,Hyderabad,Telangana,2023-05-31,VIP
CUST00657,Customer 00657,Male,37,Kolkata,West Bengal,2025-11-15,VIP
CUST00658,Customer 00658,Female,49,Pune,Maharashtra,2022-11-12,Regular
CUST00659,Customer 00659,Male,52,Chennai,Tamil Nadu,2024-10-28,VIP
CUST00660,Customer 00660,Female,30,Hyderabad,Telangana,2026-03-12,New
CUST00661,Customer 00661,Female,65,Hyderabad,Telangana,2025-02-21,Regular
CUST00662,Customer 00662,Male,60,Pune,Maharashtra,2025-10-27,New
CUST00663,Customer 00663,Male,37,Mumbai,Maharashtra,2022-11-10,New
CUST00664,Customer 00664,Male,65,Hyderabad,Telangana,2025-04-23,Loyal
CUST00665,Customer 00665,Male,19,Kolkata,West Bengal,2023-07-01,Regular
CUST00666,Customer 00666,Female,21,Hyderabad,Telangana,2026-03-29,New
CUST00667,Customer 00667,Female,44,Hyderabad,Telangana,2022-02-08,Regular
CUST00668,Customer 00668,Male,42,Hyderabad,Telangana,2025-01-12,New
CUST00669,Customer 00669,Female,21,Ahmedabad,Gujarat,2024-11-10,Regular
CUST00670,Customer 00670,Female,49,Ahmedabad,Gujarat,2022-09-10,New
CUST00671,Customer 00671,Female,34,Mumbai,Maharashtra,2022-10-30,Loyal
CUST00672,Customer 00672,Male,18,Chennai,Tamil Nadu,2024-09-05,Regular
CUST00673,Customer 00673,Male,50,Hyderabad,Telangana,2022-09-15,Regular
CUST00674,Customer 00674,Male,47,Madurai,Tamil Nadu,2024-09-26,Regular
CUST00675,Customer 00675,Female,22,Chennai,Tamil Nadu,2023-06-26,Regular
CUST00676,Customer 00676,Male,29,Mumbai,Maharashtra,2023-10-02,New
CUST00677,Customer 00677,Male,55,Delhi,Delhi,2023-07-06,Regular
CUST00678,Customer 00678,Male,49,Chennai,Tamil Nadu,2023-04-06,Regular
CUST00679,Customer 00679,Female,55,Chennai,Tamil Nadu,2022-08-12,Loyal
CUST00680,Customer 00680,Male,34,Coimbatore,Tamil Nadu,2022-04-02,New
CUST00681,Customer 00681,Male,62,Bengaluru,Karnataka,2022-10-07,Loyal
CUST00682,Customer 00682,Male,57,Coimbatore,Tamil Nadu,2025-04-08,New
CUST00683,Customer 00683,Male,49,Kolkata,West Bengal,2022-09-05,New
CUST00684,Customer 00684,Female,41,Ahmedabad,Gujarat,2025-10-16,New
CUST00685,Customer 00685,Male,29,Ahmedabad,Gujarat,2025-10-04,New
CUST00686,Customer 00686,Male,64,Bengaluru,Karnataka,2024-05-15,Regular
CUST00687,Customer 00687,Female,48,Pune,Maharashtra,2025-12-29,VIP
CUST00688,Customer 00688,Male,36,Pune,Maharashtra,2025-11-30,New
CUST00689,Customer 00689,Male,46,Mumbai,Maharashtra,2022-03-19,Regular
CUST00690,Customer 00690,Female,38,Bengaluru,Karnataka,2023-04-03,Regular
CUST00691,Customer 00691,Male,43,Chennai,Tamil Nadu,2023-08-09,Regular
CUST00692,Customer 00692,Male,45,Pune,Maharashtra,2025-11-16,Regular
CUST00693,Customer 00693,Male,34,Hyderabad,Telangana,2024-11-03,Loyal
CUST00694,Customer 00694,Female,26,Madurai,Tamil Nadu,2022-02-14,New
CUST00695,Customer 00695,Female,38,Chennai,Tamil Nadu,2022-02-07,Loyal
CUST00696,Customer 00696,Female,51,Kolkata,West Bengal,2023-02-20,Regular
CUST00697,Customer 00697,Female,28,Hyderabad,Telangana,2022-09-02,Regular
CUST00698,Customer 00698,Male,37,Hyderabad,Telangana,2024-12-21,Regular
CUST00699,Customer 00699,Male,64,Bengaluru,Karnataka,2023-05-08,Regular
CUST00700,Customer 00700,Female,56,Mumbai,Maharashtra,2022-11-19,New
CUST00701,Customer 00701,Female,33,Kolkata,West Bengal,2025-06-29,New
CUST00702,Customer 00702,Male,46,Pune,Maharashtra,2023-04-13,Regular
CUST00703,Customer 00703,Female,18,Bengaluru,Karnataka,2024-12-20,Loyal
CUST00704,Customer 00704,Male,35,Pune,Maharashtra,2025-02-16,New
CUST00705,Customer 00705,Male,39,Bengaluru,Karnataka,2022-03-28,Loyal
CUST00706,Customer 00706,Male,25,Bengaluru,Karnataka,2022-03-21,Regular
CUST00707,Customer 00707,Male,24,Bengaluru,Karnataka,2022-08-16,Loyal
CUST00708,Customer 00708,Female,42,Mumbai,Maharashtra,2023-04-28,Regular
CUST00709,Customer 00709,Female,47,Bengaluru,Karnataka,2023-09-15,New
CUST00710,Customer 00710,Male,51,Delhi,Delhi,2025-08-26,VIP
CUST00711,Customer 00711,Male,61,Madurai,Tamil Nadu,2024-08-05,New
CUST00712,Customer 00712,Female,65,Pune,Maharashtra,2023-04-30,Regular
CUST00713,Customer 00713,Male,58,Chennai,Tamil Nadu,2024-04-19,Regular
CUST00714,Customer 00714,Female,28,Coimbatore,Tamil Nadu,2022-01-25,Regular
CUST00715,Customer 00715,Male,32,Kolkata,West Bengal,2025-05-10,VIP
CUST00716,Customer 00716,Female,52,Ahmedabad,Gujarat,2025-06-02,Loyal
CUST00717,Customer 00717,Male,40,Mumbai,Maharashtra,2024-02-18,Loyal
CUST00718,Customer 00718,Male,62,Chennai,Tamil Nadu,2026-03-14,VIP
CUST00719,Customer 00719,Male,38,Hyderabad,Telangana,2024-07-19,Regular
CUST00720,Customer 00720,Male,45,Delhi,Delhi,2024-03-05,New
CUST00721,Customer 00721,Male,30,Ahmedabad,Gujarat,2026-05-02,Loyal
CUST00722,Customer 00722,Female,51,Coimbatore,Tamil Nadu,2024-01-23,Regular
CUST00723,Customer 00723,Male,55,Chennai,Tamil Nadu,2026-03-24,New
CUST00724,Customer 00724,Male,23,Ahmedabad,Gujarat,2025-04-21,Regular
CUST00725,Customer 00725,Female,61,Chennai,Tamil Nadu,2025-01-05,Loyal
CUST00726,Customer 00726,Female,21,Delhi,Delhi,2023-03-02,New
CUST00727,Customer 00727,Other,22,Coimbatore,Tamil Nadu,2024-12-26,Loyal
CUST00728,Customer 00728,Female,57,Hyderabad,Telangana,2023-10-22,Regular
CUST00729,Customer 00729,Male,23,Bengaluru,Karnataka,2026-02-26,New
CUST00730,Customer 00730,Female,38,Pune,Maharashtra,2023-11-16,Loyal
CUST00731,Customer 00731,Female,45,Hyderabad,Telangana,2023-07-01,VIP
CUST00732,Customer 00732,Female,20,Bengaluru,Karnataka,2025-01-05,Regular
CUST00733,Customer 00733,Male,40,Mumbai,Maharashtra,2024-07-04,Regular
CUST00734,Customer 00734,Male,25,Madurai,Tamil Nadu,2022-02-24,Regular
CUST00735,Customer 00735,Male,36,Kolkata,West Bengal,2026-02-05,Loyal
CUST00736,Customer 00736,Female,28,Kolkata,West Bengal,2025-06-24,New
CUST00737,Customer 00737,Female,27,Pune,Maharashtra,2026-01-02,New
CUST00738,Customer 00738,Female,45,Coimbatore,Tamil Nadu,2022-11-10,Loyal
CUST00739,Customer 00739,Male,37,Delhi,Delhi,2025-09-05,Regular
CUST00740,Customer 00740,Female,61,Coimbatore,Tamil Nadu,2022-08-08,Regular
CUST00741,Customer 00741,Female,45,Delhi,Delhi,2025-10-26,Loyal
CUST00742,Customer 00742,Male,46,Coimbatore,Tamil Nadu,2025-05-24,Loyal
CUST00743,Customer 00743,Female,25,Madurai,Tamil Nadu,2022-02-18,VIP
CUST00744,Customer 00744,Male,36,Mumbai,Maharashtra,2023-04-08,Regular
CUST00745,Customer 00745,Female,65,Mumbai,Maharashtra,2022-04-28,Loyal
CUST00746,Customer 00746,Female,38,Bengaluru,Karnataka,2022-03-23,Loyal
CUST00747,Customer 00747,Female,35,Ahmedabad,Gujarat,2025-07-10,New
CUST00748,Customer 00748,Female,26,Mumbai,Maharashtra,2023-05-11,Regular
CUST00749,Customer 00749,Female,21,Mumbai,Maharashtra,2023-09-26,New
CUST00750,Customer 00750,Female,58,Hyderabad,Telangana,2024-04-16,Loyal
CUST00751,Customer 00751,Male,42,Hyderabad,Telangana,2023-08-25,Loyal
CUST00752,Customer 00752,Female,51,Bengaluru,Karnataka,2024-02-09,Loyal
CUST00753,Customer 00753,Male,26,Ahmedabad,Gujarat,2023-11-04,New
CUST00754,Customer 00754,Male,26,Pune,Maharashtra,2022-06-25,Regular
CUST00755,Customer 00755,Female,35,Hyderabad,Telangana,2024-03-15,New
CUST00756,Customer 00756,Female,28,Pune,Maharashtra,2025-01-17,VIP
CUST00757,Customer 00757,Male,30,Chennai,Tamil Nadu,2023-10-01,Regular
CUST00758,Customer 00758,Male,55,Hyderabad,Telangana,2025-10-14,New
CUST00759,Customer 00759,Male,26,Madurai,Tamil Nadu,2025-08-02,New
CUST00760,Customer 00760,Male,33,Ahmedabad,Gujarat,2022-10-24,Regular
CUST00761,Customer 00761,Male,21,Bengaluru,Karnataka,2025-07-07,Regular
CUST00762,Customer 00762,Female,51,Chennai,Tamil Nadu,2023-04-20,Loyal
CUST00763,Customer 00763,Male,24,Ahmedabad,Gujarat,2023-06-20,Regular
CUST00764,Customer 00764,Male,32,Madurai,Tamil Nadu,2026-05-05,Regular
CUST00765,Customer 00765,Male,55,Ahmedabad,Gujarat,2024-11-26,New
CUST00766,Customer 00766,Other,28,Madurai,Tamil Nadu,2025-04-19,Regular
CUST00767,Customer 00767,Male,49,Madurai,Tamil Nadu,2022-01-25,VIP
CUST00768,Customer 00768,Male,44,Pune,Maharashtra,2022-12-15,Regular
CUST00769,Customer 00769,Male,47,Coimbatore,Tamil Nadu,2023-09-29,New
CUST00770,Customer 00770,Female,34,Chennai,Tamil Nadu,2026-04-16,VIP
CUST00771,Customer 00771,Female,53,Ahmedabad,Gujarat,2022-08-15,New
CUST00772,Customer 00772,Male,36,Delhi,Delhi,2025-10-03,Loyal
CUST00773,Customer 00773,Male,24,Chennai,Tamil Nadu,2022-02-07,Regular
CUST00774,Customer 00774,Male,60,Coimbatore,Tamil Nadu,2025-11-07,Regular
CUST00775,Customer 00775,Female,62,Chennai,Tamil Nadu,2023-07-24,New
CUST00776,Customer 00776,Female,38,Mumbai,Maharashtra,2022-08-24,New
CUST00777,Customer 00777,Male,45,Delhi,Delhi,2025-04-19,Loyal
CUST00778,Customer 00778,Male,20,Coimbatore,Tamil Nadu,2022-04-24,Loyal
CUST00779,Customer 00779,Male,31,Pune,Maharashtra,2022-11-02,Regular
CUST00780,Customer 00780,Male,19,Ahmedabad,Gujarat,2022-05-12,New
CUST00781,Customer 00781,Female,46,Kolkata,West Bengal,2022-12-14,Loyal
CUST00782,Customer 00782,Male,35,Coimbatore,Tamil Nadu,2025-04-18,Regular
CUST00783,Customer 00783,Male,54,Bengaluru,Karnataka,2023-02-19,Regular
CUST00784,Customer 00784,Male,62,Ahmedabad,Gujarat,2024-09-09,Regular
CUST00785,Customer 00785,Female,62,Coimbatore,Tamil Nadu,2024-01-02,Regular
CUST00786,Customer 00786,Female,41,Mumbai,Maharashtra,2023-10-16,Regular
CUST00787,Customer 00787,Male,63,Kolkata,West Bengal,2023-01-20,Regular
CUST00788,Customer 00788,Male,29,Mumbai,Maharashtra,2023-05-27,Regular
CUST00789,Customer 00789,Male,62,Kolkata,West Bengal,2024-12-02,Loyal
CUST00790,Customer 00790,Female,49,Bengaluru,Karnataka,2026-02-12,Regular
CUST00791,Customer 00791,Male,35,Ahmedabad,Gujarat,2025-02-15,Regular
CUST00792,Customer 00792,Female,30,Pune,Maharashtra,2026-05-14,Regular
CUST00793,Customer 00793,Female,21,Mumbai,Maharashtra,2022-03-02,Loyal
CUST00794,Customer 00794,Female,40,Mumbai,Maharashtra,2023-07-07,New
CUST00795,Customer 00795,Male,27,Madurai,Tamil Nadu,2022-07-07,New
CUST00796,Customer 00796,Female,22,Kolkata,West Bengal,2023-03-29,Loyal
CUST00797,Customer 00797,Female,57,Hyderabad,Telangana,2024-04-26,New
CUST00798,Customer 00798,Male,31,Ahmedabad,Gujarat,2022-07-06,Regular
CUST00799,Customer 00799,Male,51,Kolkata,West Bengal,2024-07-26,VIP
CUST00800,Customer 00800,Male,45,Madurai,Tamil Nadu,2026-01-27,Regular
CUST00801,Customer 00801,Male,25,Chennai,Tamil Nadu,2022-06-13,New
CUST00802,Customer 00802,Male,33,Kolkata,West Bengal,2025-12-18,Regular
CUST00803,Customer 00803,Female,48,Pune,Maharashtra,2022-04-12,Loyal
CUST00804,Customer 00804,Male,24,Ahmedabad,Gujarat,2025-07-14,Regular
CUST00805,Customer 00805,Female,20,Madurai,Tamil Nadu,2025-03-22,Loyal
CUST00806,Customer 00806,Male,46,Chennai,Tamil Nadu,2025-12-23,Loyal
CUST00807,Customer 00807,Other,53,Delhi,Delhi,2023-11-22,Regular
CUST00808,Customer 00808,Male,56,Madurai,Tamil Nadu,2025-12-21,Loyal
CUST00809,Customer 00809,Female,21,Delhi,Delhi,2023-08-01,Regular
CUST00810,Customer 00810,Male,26,Ahmedabad,Gujarat,2023-09-03,Regular
CUST00811,Customer 00811,Male,34,Mumbai,Maharashtra,2023-06-20,Regular
CUST00812,Customer 00812,Female,37,Madurai,Tamil Nadu,2025-09-18,New
CUST00813,Customer 00813,Male,31,Bengaluru,Karnataka,2024-01-31,Regular
CUST00814,Customer 00814,Female,63,Delhi,Delhi,2024-06-14,Regular
CUST00815,Customer 00815,Female,46,Pune,Maharashtra,2026-01-03,Regular
CUST00816,Customer 00816,Male,30,Bengaluru,Karnataka,2024-08-28,Regular
CUST00817,Customer 00817,Female,53,Coimbatore,Tamil Nadu,2022-05-04,Loyal
CUST00818,Customer 00818,Female,62,Coimbatore,Tamil Nadu,2025-08-18,Regular
CUST00819,Customer 00819,Male,34,Chennai,Tamil Nadu,2023-10-30,Loyal
CUST00820,Customer 00820,Female,64,Mumbai,Maharashtra,2022-12-15,Loyal
CUST00821,Customer 00821,Female,60,Ahmedabad,Gujarat,2022-09-06,Regular
CUST00822,Customer 00822,Male,21,Madurai,Tamil Nadu,2025-07-18,Regular
CUST00823,Customer 00823,Male,37,Hyderabad,Telangana,2025-12-23,Regular
CUST00824,Customer 00824,Female,28,Pune,Maharashtra,2026-05-13,Loyal
CUST00825,Customer 00825,Male,59,Delhi,Delhi,2023-12-08,New
CUST00826,Customer 00826,Male,39,Ahmedabad,Gujarat,2023-12-14,Regular
CUST00827,Customer 00827,Male,62,Bengaluru,Karnataka,2024-10-03,New
CUST00828,Customer 00828,Female,25,Coimbatore,Tamil Nadu,2022-09-04,Regular
CUST00829,Customer 00829,Male,45,Pune,Maharashtra,2023-04-26,Regular
CUST00830,Customer 00830,Male,62,Hyderabad,Telangana,2022-04-08,New
CUST00831,Customer 00831,Female,58,Madurai,Tamil Nadu,2022-11-25,Regular
CUST00832,Customer 00832,Male,47,Chennai,Tamil Nadu,2025-12-19,Loyal
CUST00833,Customer 00833,Female,50,Hyderabad,Telangana,2025-12-18,VIP
CUST00834,Customer 00834,Other,50,Pune,Maharashtra,2024-10-25,New
CUST00835,Customer 00835,Female,64,Hyderabad,Telangana,2023-04-04,Loyal
CUST00836,Customer 00836,Female,53,Pune,Maharashtra,2024-03-06,Loyal
CUST00837,Customer 00837,Male,44,Pune,Maharashtra,2023-08-16,New
CUST00838,Customer 00838,Female,37,Kolkata,West Bengal,2023-05-13,Regular
CUST00839,Customer 00839,Male,50,Delhi,Delhi,2022-03-28,Loyal
CUST00840,Customer 00840,Male,42,Coimbatore,Tamil Nadu,2023-02-06,New
CUST00841,Customer 00841,Male,61,Kolkata,West Bengal,2025-08-09,VIP
CUST00842,Customer 00842,Male,60,Madurai,Tamil Nadu,2025-07-28,Regular
CUST00843,Customer 00843,Female,36,Kolkata,West Bengal,2022-07-16,New
CUST00844,Customer 00844,Male,64,Mumbai,Maharashtra,2024-02-03,Regular
CUST00845,Customer 00845,Female,38,Mumbai,Maharashtra,2025-01-11,Regular
CUST00846,Customer 00846,Female,59,Coimbatore,Tamil Nadu,2022-01-27,Regular
CUST00847,Customer 00847,Female,50,Hyderabad,Telangana,2022-05-15,Regular
CUST00848,Customer 00848,Male,20,Delhi,Delhi,2025-01-18,Regular
CUST00849,Customer 00849,Female,31,Coimbatore,Tamil Nadu,2022-07-25,Regular
CUST00850,Customer 00850,Male,32,Pune,Maharashtra,2024-11-16,New
CUST00851,Customer 00851,Male,50,Bengaluru,Karnataka,2025-11-02,Loyal
CUST00852,Customer 00852,Other,59,Delhi,Delhi,2026-05-14,Regular
CUST00853,Customer 00853,Male,39,Delhi,Delhi,2025-12-09,Loyal
CUST00854,Customer 00854,Male,18,Pune,Maharashtra,2025-06-04,Loyal
CUST00855,Customer 00855,Female,48,Pune,Maharashtra,2023-08-26,Regular
CUST00856,Customer 00856,Male,64,Chennai,Tamil Nadu,2024-12-27,New
CUST00857,Customer 00857,Female,52,Coimbatore,Tamil Nadu,2022-12-28,Loyal
CUST00858,Customer 00858,Male,37,Pune,Maharashtra,2025-07-07,Loyal
CUST00859,Customer 00859,Male,49,Mumbai,Maharashtra,2023-10-20,New
CUST00860,Customer 00860,Male,29,Madurai,Tamil Nadu,2024-12-22,Loyal
CUST00861,Customer 00861,Male,33,Bengaluru,Karnataka,2024-08-29,New
CUST00862,Customer 00862,Male,25,Coimbatore,Tamil Nadu,2024-09-06,New
CUST00863,Customer 00863,Female,31,Ahmedabad,Gujarat,2024-07-29,Regular
CUST00864,Customer 00864,Female,35,Mumbai,Maharashtra,2024-06-26,New
CUST00865,Customer 00865,Female,47,Hyderabad,Telangana,2025-11-16,VIP
CUST00866,Customer 00866,Male,50,Pune,Maharashtra,2022-09-03,Loyal
CUST00867,Customer 00867,Female,51,Ahmedabad,Gujarat,2022-10-05,Regular
CUST00868,Customer 00868,Female,61,Pune,Maharashtra,2022-12-13,New
CUST00869,Customer 00869,Female,51,Delhi,Delhi,2023-01-07,Regular
CUST00870,Customer 00870,Male,24,Mumbai,Maharashtra,2024-03-19,Regular
CUST00871,Customer 00871,Female,23,Delhi,Delhi,2024-04-28,Regular
CUST00872,Customer 00872,Female,23,Chennai,Tamil Nadu,2022-05-03,New
CUST00873,Customer 00873,Male,39,Delhi,Delhi,2024-12-16,Regular
CUST00874,Customer 00874,Female,25,Chennai,Tamil Nadu,2022-06-09,Regular
CUST00875,Customer 00875,Male,54,Chennai,Tamil Nadu,2025-02-24,VIP
CUST00876,Customer 00876,Female,32,Ahmedabad,Gujarat,2024-01-07,VIP
CUST00877,Customer 00877,Female,43,Pune,Maharashtra,2025-08-27,Regular
CUST00878,Customer 00878,Female,56,Hyderabad,Telangana,2023-06-02,Regular
CUST00879,Customer 00879,Male,20,Delhi,Delhi,2024-07-23,New
CUST00880,Customer 00880,Male,27,Mumbai,Maharashtra,2025-07-12,New
CUST00881,Customer 00881,Female,20,Chennai,Tamil Nadu,2024-01-16,Loyal
CUST00882,Customer 00882,Male,47,Pune,Maharashtra,2022-10-15,Regular
CUST00883,Customer 00883,Male,63,Bengaluru,Karnataka,2023-02-24,New
CUST00884,Customer 00884,Female,39,Coimbatore,Tamil Nadu,2026-04-01,Regular
CUST00885,Customer 00885,Female,20,Ahmedabad,Gujarat,2022-05-20,VIP
CUST00886,Customer 00886,Male,18,Hyderabad,Telangana,2023-12-08,Regular
CUST00887,Customer 00887,Male,50,Kolkata,West Bengal,2023-11-29,New
CUST00888,Customer 00888,Male,36,Ahmedabad,Gujarat,2024-09-13,VIP
CUST00889,Customer 00889,Female,53,Bengaluru,Karnataka,2023-04-20,Regular
CUST00890,Customer 00890,Female,51,Coimbatore,Tamil Nadu,2026-04-02,Regular
CUST00891,Customer 00891,Female,48,Bengaluru,Karnataka,2023-01-24,Regular
CUST00892,Customer 00892,Female,60,Delhi,Delhi,2023-05-26,Loyal
CUST00893,Customer 00893,Female,41,Chennai,Tamil Nadu,2023-06-22,Loyal
CUST00894,Customer 00894,Female,29,Hyderabad,Telangana,2022-08-01,Regular
CUST00895,Customer 00895,Male,30,Madurai,Tamil Nadu,2024-06-15,New
CUST00896,Customer 00896,Female,33,Chennai,Tamil Nadu,2026-03-17,Regular
CUST00897,Customer 00897,Male,33,Madurai,Tamil Nadu,2025-07-12,New
CUST00898,Customer 00898,Female,37,Coimbatore,Tamil Nadu,2025-09-28,New
CUST00899,Customer 00899,Female,58,Pune,Maharashtra,2024-11-27,Regular
CUST00900,Customer 00900,Male,65,Kolkata,West Bengal,2022-08-21,New
CUST00901,Customer 00901,Female,44,Mumbai,Maharashtra,2022-09-17,VIP
CUST00902,Customer 00902,Male,56,Chennai,Tamil Nadu,2022-11-04,New
CUST00903,Customer 00903,Female,30,Hyderabad,Telangana,2023-02-07,Regular
CUST00904,Customer 00904,Male,21,Bengaluru,Karnataka,2024-09-23,New
CUST00905,Customer 00905,Female,49,Hyderabad,Telangana,2025-07-08,Regular
CUST00906,Customer 00906,Male,62,Coimbatore,Tamil Nadu,2026-02-08,New
CUST00907,Customer 00907,Male,57,Madurai,Tamil Nadu,2024-01-20,Regular
CUST00908,Customer 00908,Male,51,Bengaluru,Karnataka,2025-02-03,Loyal
CUST00909,Customer 00909,Male,56,Mumbai,Maharashtra,2025-06-24,VIP
CUST00910,Customer 00910,Male,60,Mumbai,Maharashtra,2022-10-31,Regular
CUST00911,Customer 00911,Female,34,Chennai,Tamil Nadu,2022-12-09,New
CUST00912,Customer 00912,Male,41,Coimbatore,Tamil Nadu,2026-01-10,New
CUST00913,Customer 00913,Male,46,Pune,Maharashtra,2024-11-27,Loyal
CUST00914,Customer 00914,Male,63,Coimbatore,Tamil Nadu,2024-05-04,New
CUST00915,Customer 00915,Female,45,Madurai,Tamil Nadu,2024-12-05,Regular
CUST00916,Customer 00916,Female,62,Hyderabad,Telangana,2025-05-28,VIP
CUST00917,Customer 00917,Female,64,Mumbai,Maharashtra,2022-09-13,Loyal
CUST00918,Customer 00918,Female,39,Hyderabad,Telangana,2022-05-17,Loyal
CUST00919,Customer 00919,Male,45,Hyderabad,Telangana,2025-06-08,Loyal
CUST00920,Customer 00920,Male,42,Hyderabad,Telangana,2024-03-28,Regular
CUST00921,Customer 00921,Male,58,Mumbai,Maharashtra,2024-08-30,Loyal
CUST00922,Customer 00922,Female,20,Ahmedabad,Gujarat,2022-02-07,Regular
CUST00923,Customer 00923,Other,30,Delhi,Delhi,2025-03-24,VIP
CUST00924,Customer 00924,Female,48,Madurai,Tamil Nadu,2026-03-07,Regular
CUST00925,Customer 00925,Male,30,Ahmedabad,Gujarat,2022-04-15,Regular
CUST00926,Customer 00926,Male,58,Madurai,Tamil Nadu,2022-09-12,Regular
CUST00927,Customer 00927,Male,35,Bengaluru,Karnataka,2025-11-28,New
CUST00928,Customer 00928,Female,54,Coimbatore,Tamil Nadu,2023-05-03,Regular
CUST00929,Customer 00929,Male,60,Coimbatore,Tamil Nadu,2023-04-03,Regular
CUST00930,Customer 00930,Female,51,Kolkata,West Bengal,2023-06-12,Regular
CUST00931,Customer 00931,Male,34,Coimbatore,Tamil Nadu,2023-08-14,Regular
CUST00932,Customer 00932,Female,38,Mumbai,Maharashtra,2023-06-09,Regular
CUST00933,Customer 00933,Female,53,Pune,Maharashtra,2023-01-05,New
CUST00934,Customer 00934,Female,57,Chennai,Tamil Nadu,2022-04-12,Regular
CUST00935,Customer 00935,Female,36,Kolkata,West Bengal,2024-07-04,Loyal
CUST00936,Customer 00936,Female,29,Chennai,Tamil Nadu,2023-10-26,Regular
CUST00937,Customer 00937,Female,45,Madurai,Tamil Nadu,2023-11-21,Regular
CUST00938,Customer 00938,Female,28,Chennai,Tamil Nadu,2023-08-22,Regular
CUST00939,Customer 00939,Female,65,Chennai,Tamil Nadu,2023-08-23,Loyal
CUST00940,Customer 00940,Other,54,Kolkata,West Bengal,2023-06-25,Regular
CUST00941,Customer 00941,Female,45,Bengaluru,Karnataka,2026-03-16,New
CUST00942,Customer 00942,Female,52,Hyderabad,Telangana,2023-01-24,Loyal
CUST00943,Customer 00943,Female,61,Coimbatore,Tamil Nadu,2022-12-29,Loyal
CUST00944,Customer 00944,Male,32,Coimbatore,Tamil Nadu,2024-07-19,Loyal
CUST00945,Customer 00945,Male,33,Mumbai,Maharashtra,2023-09-04,Regular
CUST00946,Customer 00946,Female,62,Kolkata,West Bengal,2025-02-12,Loyal
CUST00947,Customer 00947,Female,24,Mumbai,Maharashtra,2023-12-23,Regular
CUST00948,Customer 00948,Female,64,Pune,Maharashtra,2022-12-09,Loyal
CUST00949,Customer 00949,Male,20,Pune,Maharashtra,2025-01-02,Loyal
CUST00950,Customer 00950,Female,48,Mumbai,Maharashtra,2022-05-15,Loyal
CUST00951,Customer 00951,Female,29,Kolkata,West Bengal,2024-07-28,Regular
CUST00952,Customer 00952,Male,25,Mumbai,Maharashtra,2024-09-04,Loyal
CUST00953,Customer 00953,Female,42,Coimbatore,Tamil Nadu,2023-01-15,New
CUST00954,Customer 00954,Female,61,Ahmedabad,Gujarat,2026-02-22,New
CUST00955,Customer 00955,Male,52,Delhi,Delhi,2025-02-22,Regular
CUST00956,Customer 00956,Female,29,Chennai,Tamil Nadu,2022-02-07,Regular
CUST00957,Customer 00957,Female,38,Delhi,Delhi,2024-02-20,New
CUST00958,Customer 00958,Male,43,Kolkata,West Bengal,2022-11-06,Regular
CUST00959,Customer 00959,Male,19,Delhi,Delhi,2022-04-16,New
CUST00960,Customer 00960,Other,31,Pune,Maharashtra,2023-07-10,Regular
CUST00961,Customer 00961,Male,63,Madurai,Tamil Nadu,2025-06-02,Loyal
CUST00962,Customer 00962,Male,21,Chennai,Tamil Nadu,2025-06-19,Loyal
CUST00963,Customer 00963,Male,34,Hyderabad,Telangana,2023-02-01,Regular
CUST00964,Customer 00964,Female,64,Kolkata,West Bengal,2022-06-02,VIP
CUST00965,Customer 00965,Female,65,Chennai,Tamil Nadu,2023-06-20,Regular
CUST00966,Customer 00966,Female,22,Delhi,Delhi,2024-09-22,Loyal
CUST00967,Customer 00967,Male,41,Pune,Maharashtra,2024-08-23,Regular
CUST00968,Customer 00968,Female,24,Bengaluru,Karnataka,2025-11-26,VIP
CUST00969,Customer 00969,Male,40,Ahmedabad,Gujarat,2025-03-15,Loyal
CUST00970,Customer 00970,Male,64,Hyderabad,Telangana,2025-04-29,Regular
CUST00971,Customer 00971,Male,34,Ahmedabad,Gujarat,2024-06-11,Regular
CUST00972,Customer 00972,Male,29,Chennai,Tamil Nadu,2023-08-06,Regular
CUST00973,Customer 00973,Female,28,Pune,Maharashtra,2022-07-20,Regular
CUST00974,Customer 00974,Female,28,Pune,Maharashtra,2022-01-12,Regular
CUST00975,Customer 00975,Male,51,Delhi,Delhi,2024-12-11,Regular
CUST00976,Customer 00976,Female,64,Coimbatore,Tamil Nadu,2024-02-07,Regular
CUST00977,Customer 00977,Female,54,Delhi,Delhi,2025-08-18,Regular
CUST00978,Customer 00978,Female,46,Coimbatore,Tamil Nadu,2025-08-16,Loyal
CUST00979,Customer 00979,Male,65,Coimbatore,Tamil Nadu,2024-07-08,Loyal
CUST00980,Customer 00980,Female,53,Hyderabad,Telangana,2023-06-05,New
CUST00981,Customer 00981,Male,44,Delhi,Delhi,2025-03-09,New
CUST00982,Customer 00982,Female,59,Bengaluru,Karnataka,2022-04-10,New
CUST00983,Customer 00983,Male,39,Mumbai,Maharashtra,2026-02-17,New
CUST00984,Customer 00984,Female,19,Mumbai,Maharashtra,2025-03-06,New
CUST00985,Customer 00985,Male,64,Delhi,Delhi,2024-05-20,Loyal
CUST00986,Customer 00986,Male,53,Delhi,Delhi,2023-01-01,Loyal
CUST00987,Customer 00987,Female,65,Ahmedabad,Gujarat,2026-04-07,Regular
CUST00988,Customer 00988,Female,47,Hyderabad,Telangana,2026-03-11,Regular
CUST00989,Customer 00989,Female,24,Delhi,Delhi,2023-10-19,Loyal
CUST00990,Customer 00990,Female,29,Ahmedabad,Gujarat,2022-06-10,VIP
CUST00991,Customer 00991,Male,20,Coimbatore,Tamil Nadu,2024-01-31,Loyal
CUST00992,Customer 00992,Female,34,Pune,Maharashtra,2022-06-24,New
CUST00993,Customer 00993,Male,58,Pune,Maharashtra,2025-01-16,New
CUST00994,Customer 00994,Male,49,Coimbatore,Tamil Nadu,2025-11-23,New
CUST00995,Customer 00995,Female,25,Kolkata,West Bengal,2026-02-12,Regular
CUST00996,Customer 00996,Female,40,Ahmedabad,Gujarat,2023-06-29,Loyal
CUST00997,Customer 00997,Female,55,Ahmedabad,Gujarat,2023-04-22,Regular
CUST00998,Customer 00998,Female,47,Coimbatore,Tamil Nadu,2022-10-10,Loyal
CUST00999,Customer 00999,Female,32,Bengaluru,Karnataka,2024-08-14,Regular
CUST01000,Customer 01000,Male,27,Madurai,Tamil Nadu,2023-03-28,VIP
CUST01001,Customer 01001,Male,55,Chennai,Tamil Nadu,2022-03-23,New
CUST01002,Customer 01002,Female,32,Coimbatore,Tamil Nadu,2025-05-21,New
CUST01003,Customer 01003,Male,47,Delhi,Delhi,2024-03-26,Regular
CUST01004,Customer 01004,Male,63,Delhi,Delhi,2023-06-04,New
CUST01005,Customer 01005,Male,43,Hyderabad,Telangana,2022-05-14,Loyal
CUST01006,Customer 01006,Female,62,Coimbatore,Tamil Nadu,2023-03-23,New
CUST01007,Customer 01007,Male,31,Hyderabad,Telangana,2022-04-28,Loyal
CUST01008,Customer 01008,Female,20,Coimbatore,Tamil Nadu,2025-06-20,New
CUST01009,Customer 01009,Female,53,Ahmedabad,Gujarat,2024-01-19,Regular
CUST01010,Customer 01010,Male,43,Chennai,Tamil Nadu,2025-03-19,Loyal
CUST01011,Customer 01011,Female,31,Ahmedabad,Gujarat,2026-04-06,VIP
CUST01012,Customer 01012,Female,48,Madurai,Tamil Nadu,2023-10-08,Regular
CUST01013,Customer 01013,Female,31,Pune,Maharashtra,2023-01-14,VIP
CUST01014,Customer 01014,Female,57,Mumbai,Maharashtra,2023-08-31,Regular
CUST01015,Customer 01015,Male,27,Coimbatore,Tamil Nadu,2024-08-23,Regular
CUST01016,Customer 01016,Female,26,Madurai,Tamil Nadu,2023-06-09,Loyal
CUST01017,Customer 01017,Male,63,Pune,Maharashtra,2026-03-17,Regular
CUST01018,Customer 01018,Female,57,Kolkata,West Bengal,2025-02-14,Regular
CUST01019,Customer 01019,Female,60,Chennai,Tamil Nadu,2023-07-30,Regular
CUST01020,Customer 01020,Female,59,Hyderabad,Telangana,2024-07-25,Regular
CUST01021,Customer 01021,Male,35,Hyderabad,Telangana,2023-10-24,New
CUST01022,Customer 01022,Male,53,Ahmedabad,Gujarat,2025-09-02,New
CUST01023,Customer 01023,Male,53,Delhi,Delhi,2024-05-25,Loyal
CUST01024,Customer 01024,Male,29,Pune,Maharashtra,2022-01-12,Regular
CUST01025,Customer 01025,Male,57,Kolkata,West Bengal,2025-01-18,Regular
CUST01026,Customer 01026,Female,20,Madurai,Tamil Nadu,2023-01-23,Loyal
CUST01027,Customer 01027,Male,35,Chennai,Tamil Nadu,2022-03-24,Regular
CUST01028,Customer 01028,Other,24,Pune,Maharashtra,2024-09-02,Loyal
CUST01029,Customer 01029,Male,48,Kolkata,West Bengal,2023-01-31,Loyal
CUST01030,Customer 01030,Female,18,Mumbai,Maharashtra,2023-06-29,Loyal
CUST01031,Customer 01031,Female,48,Coimbatore,Tamil Nadu,2023-10-23,Regular
CUST01032,Customer 01032,Female,30,Hyderabad,Telangana,2023-10-02,Regular
CUST01033,Customer 01033,Female,46,Madurai,Tamil Nadu,2022-04-10,Regular
CUST01034,Customer 01034,Male,20,Hyderabad,Telangana,2023-04-02,Regular
CUST01035,Customer 01035,Female,46,Madurai,Tamil Nadu,2024-05-23,Regular
CUST01036,Customer 01036,Male,52,Ahmedabad,Gujarat,2022-11-24,Regular
CUST01037,Customer 01037,Male,32,Delhi,Delhi,2023-12-25,New
CUST01038,Customer 01038,Female,38,Madurai,Tamil Nadu,2022-03-15,New
CUST01039,Customer 01039,Female,36,Hyderabad,Telangana,2025-01-24,Regular
CUST01040,Customer 01040,Female,45,Ahmedabad,Gujarat,2022-04-02,Loyal
CUST01041,Customer 01041,Male,21,Madurai,Tamil Nadu,2022-11-26,New
CUST01042,Customer 01042,Male,62,Mumbai,Maharashtra,2022-06-24,New
CUST01043,Customer 01043,Male,30,Delhi,Delhi,2022-11-11,Regular
CUST01044,Customer 01044,Male,32,Madurai,Tamil Nadu,2026-05-11,Regular
CUST01045,Customer 01045,Male,65,Ahmedabad,Gujarat,2023-05-12,New
CUST01046,Customer 01046,Male,56,Pune,Maharashtra,2025-07-16,New
CUST01047,Customer 01047,Male,49,Bengaluru,Karnataka,2023-03-04,Regular
CUST01048,Customer 01048,Female,20,Kolkata,West Bengal,2022-02-04,Loyal
CUST01049,Customer 01049,Male,47,Bengaluru,Karnataka,2022-04-29,New
CUST01050,Customer 01050,Female,37,Bengaluru,Karnataka,2025-10-26,Regular
CUST01051,Customer 01051,Male,19,Chennai,Tamil Nadu,2024-07-13,Regular
CUST01052,Customer 01052,Female,42,Mumbai,Maharashtra,2026-05-11,New
CUST01053,Customer 01053,Female,28,Pune,Maharashtra,2026-01-14,New
CUST01054,Customer 01054,Male,18,Coimbatore,Tamil Nadu,2025-08-25,Regular
CUST01055,Customer 01055,Female,65,Madurai,Tamil Nadu,2025-10-12,VIP
CUST01056,Customer 01056,Male,65,Kolkata,West Bengal,2025-10-31,Regular
CUST01057,Customer 01057,Female,27,Delhi,Delhi,2024-04-07,Regular
CUST01058,Customer 01058,Male,34,Pune,Maharashtra,2025-02-02,Regular
CUST01059,Customer 01059,Other,47,Hyderabad,Telangana,2023-01-25,Loyal
CUST01060,Customer 01060,Male,52,Coimbatore,Tamil Nadu,2022-06-25,New
CUST01061,Customer 01061,Male,36,Chennai,Tamil Nadu,2022-04-16,Regular
CUST01062,Customer 01062,Female,63,Chennai,Tamil Nadu,2023-08-15,Loyal
CUST01063,Customer 01063,Male,51,Pune,Maharashtra,2025-04-01,VIP
CUST01064,Customer 01064,Female,49,Ahmedabad,Gujarat,2024-07-02,Regular
CUST01065,Customer 01065,Male,29,Bengaluru,Karnataka,2025-07-14,Regular
CUST01066,Customer 01066,Female,60,Hyderabad,Telangana,2026-05-06,Regular
CUST01067,Customer 01067,Male,34,Chennai,Tamil Nadu,2025-07-26,Regular
CUST01068,Customer 01068,Female,23,Kolkata,West Bengal,2025-08-19,Regular
CUST01069,Customer 01069,Female,30,Chennai,Tamil Nadu,2024-08-12,Loyal
CUST01070,Customer 01070,Male,56,Delhi,Delhi,2024-08-10,Loyal
CUST01071,Customer 01071,Male,39,Madurai,Tamil Nadu,2024-05-10,Regular
CUST01072,Customer 01072,Male,28,Chennai,Tamil Nadu,2022-05-07,Loyal
CUST01073,Customer 01073,Other,24,Delhi,Delhi,2025-06-23,Loyal
CUST01074,Customer 01074,Male,62,Pune,Maharashtra,2024-04-03,Loyal
CUST01075,Customer 01075,Male,62,Pune,Maharashtra,2022-08-22,Loyal
CUST01076,Customer 01076,Male,38,Coimbatore,Tamil Nadu,2023-10-29,Regular
CUST01077,Customer 01077,Male,18,Chennai,Tamil Nadu,2024-07-19,Regular
CUST01078,Customer 01078,Female,47,Kolkata,West Bengal,2026-01-02,New
CUST01079,Customer 01079,Female,36,Chennai,Tamil Nadu,2022-05-17,New
CUST01080,Customer 01080,Female,64,Kolkata,West Bengal,2023-07-10,Regular
CUST01081,Customer 01081,Female,63,Mumbai,Maharashtra,2024-01-29,New
CUST01082,Customer 01082,Female,46,Coimbatore,Tamil Nadu,2025-03-18,Regular
CUST01083,Customer 01083,Male,52,Mumbai,Maharashtra,2022-02-25,Regular
CUST01084,Customer 01084,Male,37,Chennai,Tamil Nadu,2022-12-22,Regular
CUST01085,Customer 01085,Female,53,Coimbatore,Tamil Nadu,2025-07-04,New
CUST01086,Customer 01086,Female,56,Mumbai,Maharashtra,2024-07-11,New
CUST01087,Customer 01087,Female,18,Bengaluru,Karnataka,2024-03-23,New
CUST01088,Customer 01088,Male,40,Chennai,Tamil Nadu,2024-12-22,New
CUST01089,Customer 01089,Male,48,Mumbai,Maharashtra,2024-12-22,VIP
CUST01090,Customer 01090,Male,52,Bengaluru,Karnataka,2024-03-16,Regular
CUST01091,Customer 01091,Female,64,Bengaluru,Karnataka,2024-11-18,Regular
CUST01092,Customer 01092,Female,62,Pune,Maharashtra,2026-04-25,New
CUST01093,Customer 01093,Female,39,Chennai,Tamil Nadu,2023-08-23,Regular
CUST01094,Customer 01094,Male,63,Bengaluru,Karnataka,2023-07-22,Regular
CUST01095,Customer 01095,Female,24,Pune,Maharashtra,2025-08-16,New
CUST01096,Customer 01096,Male,50,Mumbai,Maharashtra,2023-12-06,Loyal
CUST01097,Customer 01097,Male,62,Delhi,Delhi,2023-09-04,Loyal
CUST01098,Customer 01098,Female,53,Chennai,Tamil Nadu,2025-05-23,New
CUST01099,Customer 01099,Male,61,Coimbatore,Tamil Nadu,2022-05-21,Regular
CUST01100,Customer 01100,Male,24,Kolkata,West Bengal,2026-03-11,Regular
CUST01101,Customer 01101,Female,44,Kolkata,West Bengal,2023-07-15,Regular
CUST01102,Customer 01102,Female,19,Mumbai,Maharashtra,2023-05-14,Loyal
CUST01103,Customer 01103,Male,34,Ahmedabad,Gujarat,2023-09-19,New
CUST01104,Customer 01104,Female,18,Ahmedabad,Gujarat,2023-05-17,Regular
CUST01105,Customer 01105,Male,63,Mumbai,Maharashtra,2024-01-11,Regular
CUST01106,Customer 01106,Female,47,Bengaluru,Karnataka,2024-02-03,Regular
CUST01107,Customer 01107,Female,39,Chennai,Tamil Nadu,2025-04-29,Loyal
CUST01108,Customer 01108,Female,45,Kolkata,West Bengal,2023-11-06,New
CUST01109,Customer 01109,Female,50,Kolkata,West Bengal,2022-02-18,New
CUST01110,Customer 01110,Male,43,Bengaluru,Karnataka,2025-10-18,Regular
CUST01111,Customer 01111,Male,52,Kolkata,West Bengal,2023-09-19,New
CUST01112,Customer 01112,Male,28,Coimbatore,Tamil Nadu,2023-11-11,New
CUST01113,Customer 01113,Male,24,Chennai,Tamil Nadu,2026-02-28,Regular
CUST01114,Customer 01114,Female,45,Madurai,Tamil Nadu,2022-10-04,New
CUST01115,Customer 01115,Male,42,Kolkata,West Bengal,2022-02-16,Regular
CUST01116,Customer 01116,Male,58,Mumbai,Maharashtra,2024-07-14,Regular
CUST01117,Customer 01117,Male,48,Coimbatore,Tamil Nadu,2022-08-04,New
CUST01118,Customer 01118,Other,20,Kolkata,West Bengal,2022-08-18,Regular
CUST01119,Customer 01119,Male,50,Coimbatore,Tamil Nadu,2022-11-19,New
CUST01120,Customer 01120,Female,51,Pune,Maharashtra,2025-12-15,VIP
CUST01121,Customer 01121,Male,38,Madurai,Tamil Nadu,2022-08-13,Regular
CUST01122,Customer 01122,Male,54,Hyderabad,Telangana,2025-08-03,Regular
CUST01123,Customer 01123,Female,36,Mumbai,Maharashtra,2022-02-15,Loyal
CUST01124,Customer 01124,Female,54,Mumbai,Maharashtra,2024-11-03,Regular
CUST01125,Customer 01125,Female,38,Chennai,Tamil Nadu,2023-09-25,Loyal
CUST01126,Customer 01126,Female,31,Coimbatore,Tamil Nadu,2023-01-10,Loyal
CUST01127,Customer 01127,Male,27,Bengaluru,Karnataka,2023-12-04,New
CUST01128,Customer 01128,Male,24,Mumbai,Maharashtra,2024-09-13,VIP
CUST01129,Customer 01129,Female,46,Coimbatore,Tamil Nadu,2022-11-29,New
CUST01130,Customer 01130,Male,57,Coimbatore,Tamil Nadu,2022-06-15,New
CUST01131,Customer 01131,Female,25,Delhi,Delhi,2023-05-22,Loyal
CUST01132,Customer 01132,Female,56,Delhi,Delhi,2022-04-27,New
CUST01133,Customer 01133,Male,30,Hyderabad,Telangana,2024-07-31,Regular
CUST01134,Customer 01134,Female,63,Pune,Maharashtra,2023-09-28,Loyal
CUST01135,Customer 01135,Male,36,Hyderabad,Telangana,2026-05-09,VIP
CUST01136,Customer 01136,Male,28,Kolkata,West Bengal,2026-01-02,Regular
CUST01137,Customer 01137,Male,19,Bengaluru,Karnataka,2025-08-20,VIP
CUST01138,Customer 01138,Female,23,Kolkata,West Bengal,2023-04-02,Regular
CUST01139,Customer 01139,Male,46,Ahmedabad,Gujarat,2024-05-18,New
CUST01140,Customer 01140,Female,58,Kolkata,West Bengal,2025-07-18,Regular
CUST01141,Customer 01141,Female,22,Chennai,Tamil Nadu,2022-08-04,Regular
CUST01142,Customer 01142,Female,58,Kolkata,West Bengal,2022-04-23,Regular
CUST01143,Customer 01143,Female,47,Hyderabad,Telangana,2024-11-05,Regular
CUST01144,Customer 01144,Male,56,Mumbai,Maharashtra,2022-08-04,Regular
CUST01145,Customer 01145,Male,53,Mumbai,Maharashtra,2023-03-03,Regular
CUST01146,Customer 01146,Male,44,Delhi,Delhi,2025-03-04,VIP
CUST01147,Customer 01147,Female,35,Bengaluru,Karnataka,2024-12-02,Regular
CUST01148,Customer 01148,Other,53,Bengaluru,Karnataka,2024-02-03,Regular
CUST01149,Customer 01149,Female,33,Chennai,Tamil Nadu,2022-10-11,Loyal
CUST01150,Customer 01150,Female,22,Hyderabad,Telangana,2024-04-13,Regular
CUST01151,Customer 01151,Female,26,Delhi,Delhi,2025-01-26,Loyal
CUST01152,Customer 01152,Male,51,Ahmedabad,Gujarat,2024-12-19,New
CUST01153,Customer 01153,Female,51,Bengaluru,Karnataka,2022-08-18,Regular
CUST01154,Customer 01154,Female,53,Mumbai,Maharashtra,2023-01-20,New
CUST01155,Customer 01155,Male,48,Kolkata,West Bengal,2022-06-08,New
CUST01156,Customer 01156,Other,37,Kolkata,West Bengal,2024-04-03,Regular
CUST01157,Customer 01157,Male,34,Delhi,Delhi,2023-04-16,Regular
CUST01158,Customer 01158,Female,37,Hyderabad,Telangana,2022-07-27,Loyal
CUST01159,Customer 01159,Female,45,Hyderabad,Telangana,2022-06-23,Regular
CUST01160,Customer 01160,Female,38,Pune,Maharashtra,2025-01-09,Regular
CUST01161,Customer 01161,Male,36,Madurai,Tamil Nadu,2024-11-07,Loyal
CUST01162,Customer 01162,Female,20,Bengaluru,Karnataka,2024-10-13,Regular
CUST01163,Customer 01163,Female,47,Hyderabad,Telangana,2023-12-09,Loyal
CUST01164,Customer 01164,Male,22,Mumbai,Maharashtra,2025-08-07,Regular
CUST01165,Customer 01165,Female,59,Delhi,Delhi,2025-10-15,New
CUST01166,Customer 01166,Female,23,Ahmedabad,Gujarat,2025-07-26,Regular
CUST01167,Customer 01167,Female,20,Pune,Maharashtra,2024-09-01,Regular
CUST01168,Customer 01168,Male,59,Coimbatore,Tamil Nadu,2023-02-01,Regular
CUST01169,Customer 01169,Female,41,Chennai,Tamil Nadu,2024-08-31,Loyal
CUST01170,Customer 01170,Female,61,Ahmedabad,Gujarat,2024-02-05,Regular
CUST01171,Customer 01171,Male,18,Coimbatore,Tamil Nadu,2025-03-11,Regular
CUST01172,Customer 01172,Male,53,Kolkata,West Bengal,2023-11-08,Regular
CUST01173,Customer 01173,Other,32,Chennai,Tamil Nadu,2023-06-01,New
CUST01174,Customer 01174,Female,58,Bengaluru,Karnataka,2025-06-28,Regular
CUST01175,Customer 01175,Female,55,Mumbai,Maharashtra,2023-10-24,Regular
CUST01176,Customer 01176,Male,61,Chennai,Tamil Nadu,2026-04-13,Regular
CUST01177,Customer 01177,Male,35,Madurai,Tamil Nadu,2025-06-14,Regular
CUST01178,Customer 01178,Male,40,Coimbatore,Tamil Nadu,2025-03-01,Loyal
CUST01179,Customer 01179,Male,64,Bengaluru,Karnataka,2022-11-02,New
CUST01180,Customer 01180,Female,46,Madurai,Tamil Nadu,2022-12-24,Regular
CUST01181,Customer 01181,Female,58,Kolkata,West Bengal,2025-08-01,Loyal
CUST01182,Customer 01182,Female,39,Madurai,Tamil Nadu,2025-08-09,Loyal
CUST01183,Customer 01183,Male,41,Pune,Maharashtra,2025-04-01,Regular
CUST01184,Customer 01184,Female,62,Pune,Maharashtra,2023-02-23,Loyal
CUST01185,Customer 01185,Male,65,Delhi,Delhi,2026-01-31,New
CUST01186,Customer 01186,Male,30,Ahmedabad,Gujarat,2023-10-04,New
CUST01187,Customer 01187,Female,50,Ahmedabad,Gujarat,2026-05-13,Loyal
CUST01188,Customer 01188,Female,39,Bengaluru,Karnataka,2023-05-22,Loyal
CUST01189,Customer 01189,Female,52,Kolkata,West Bengal,2026-02-10,New
CUST01190,Customer 01190,Male,34,Hyderabad,Telangana,2025-10-17,New
CUST01191,Customer 01191,Female,39,Pune,Maharashtra,2022-11-08,New
CUST01192,Customer 01192,Female,22,Bengaluru,Karnataka,2023-12-05,Regular
CUST01193,Customer 01193,Female,42,Hyderabad,Telangana,2022-09-02,Loyal
CUST01194,Customer 01194,Male,23,Ahmedabad,Gujarat,2023-04-22,Regular
CUST01195,Customer 01195,Other,34,Delhi,Delhi,2023-09-07,Regular
CUST01196,Customer 01196,Female,48,Madurai,Tamil Nadu,2023-03-12,Regular
CUST01197,Customer 01197,Female,34,Pune,Maharashtra,2022-09-07,Loyal
CUST01198,Customer 01198,Male,50,Bengaluru,Karnataka,2024-11-11,New
CUST01199,Customer 01199,Male,56,Chennai,Tamil Nadu,2023-04-22,Regular
CUST01200,Customer 01200,Male,65,Hyderabad,Telangana,2026-05-15,Loyal
CUST01201,Customer 01201,Male,54,Madurai,Tamil Nadu,2023-05-26,New
CUST01202,Customer 01202,Female,65,Pune,Maharashtra,2025-09-21,Loyal
CUST01203,Customer 01203,Male,21,Ahmedabad,Gujarat,2024-02-13,Regular
CUST01204,Customer 01204,Male,60,Kolkata,West Bengal,2025-09-27,New
CUST01205,Customer 01205,Male,31,Hyderabad,Telangana,2025-09-23,New
CUST01206,Customer 01206,Male,30,Ahmedabad,Gujarat,2026-02-12,Regular
CUST01207,Customer 01207,Male,44,Pune,Maharashtra,2024-07-12,Regular
CUST01208,Customer 01208,Female,41,Hyderabad,Telangana,2024-12-01,Regular
CUST01209,Customer 01209,Female,44,Madurai,Tamil Nadu,2022-03-15,New
CUST01210,Customer 01210,Male,25,Pune,Maharashtra,2024-03-19,Regular
CUST01211,Customer 01211,Male,64,Coimbatore,Tamil Nadu,2024-04-10,Regular
CUST01212,Customer 01212,Male,56,Bengaluru,Karnataka,2024-11-11,Regular
CUST01213,Customer 01213,Male,38,Madurai,Tamil Nadu,2022-08-08,Regular
CUST01214,Customer 01214,Female,58,Hyderabad,Telangana,2022-03-20,Regular
CUST01215,Customer 01215,Female,28,Kolkata,West Bengal,2022-08-23,New
CUST01216,Customer 01216,Female,48,Ahmedabad,Gujarat,2022-06-06,New
CUST01217,Customer 01217,Female,44,Chennai,Tamil Nadu,2022-11-23,New
CUST01218,Customer 01218,Male,59,Ahmedabad,Gujarat,2025-02-11,New
CUST01219,Customer 01219,Female,63,Hyderabad,Telangana,2023-10-04,New
CUST01220,Customer 01220,Female,65,Ahmedabad,Gujarat,2023-09-13,Regular
CUST01221,Customer 01221,Female,44,Bengaluru,Karnataka,2024-09-11,Loyal
CUST01222,Customer 01222,Male,25,Pune,Maharashtra,2025-07-22,Regular
CUST01223,Customer 01223,Female,50,Chennai,Tamil Nadu,2025-11-05,Regular
CUST01224,Customer 01224,Female,29,Mumbai,Maharashtra,2024-11-09,New
CUST01225,Customer 01225,Female,52,Hyderabad,Telangana,2025-05-17,VIP
CUST01226,Customer 01226,Male,51,Delhi,Delhi,2023-08-29,New
CUST01227,Customer 01227,Female,33,Mumbai,Maharashtra,2024-05-13,Regular
CUST01228,Customer 01228,Female,53,Ahmedabad,Gujarat,2024-01-19,Loyal
CUST01229,Customer 01229,Female,19,Hyderabad,Telangana,2025-03-29,Regular
CUST01230,Customer 01230,Female,29,Coimbatore,Tamil Nadu,2024-07-03,New
CUST01231,Customer 01231,Female,44,Delhi,Delhi,2024-06-17,Regular
CUST01232,Customer 01232,Male,34,Chennai,Tamil Nadu,2024-09-24,New
CUST01233,Customer 01233,Female,37,Kolkata,West Bengal,2024-05-09,Regular
CUST01234,Customer 01234,Male,38,Coimbatore,Tamil Nadu,2023-07-27,Regular
CUST01235,Customer 01235,Female,47,Mumbai,Maharashtra,2022-02-07,Loyal
CUST01236,Customer 01236,Male,59,Pune,Maharashtra,2022-04-28,New
CUST01237,Customer 01237,Female,37,Bengaluru,Karnataka,2023-01-25,Loyal
CUST01238,Customer 01238,Female,25,Kolkata,West Bengal,2023-11-11,Loyal
CUST01239,Customer 01239,Female,35,Coimbatore,Tamil Nadu,2023-01-12,New
CUST01240,Customer 01240,Female,35,Pune,Maharashtra,2024-04-28,Regular
CUST01241,Customer 01241,Female,35,Pune,Maharashtra,2023-01-11,Regular
CUST01242,Customer 01242,Female,19,Hyderabad,Telangana,2023-08-18,Regular
CUST01243,Customer 01243,Male,29,Coimbatore,Tamil Nadu,2024-01-17,New
CUST01244,Customer 01244,Male,49,Chennai,Tamil Nadu,2024-12-01,New
CUST01245,Customer 01245,Male,59,Ahmedabad,Gujarat,2026-02-02,Loyal
CUST01246,Customer 01246,Male,25,Delhi,Delhi,2023-04-03,New
CUST01247,Customer 01247,Female,27,Delhi,Delhi,2025-02-27,New
CUST01248,Customer 01248,Female,28,Mumbai,Maharashtra,2024-11-17,Loyal
CUST01249,Customer 01249,Female,31,Mumbai,Maharashtra,2024-01-11,Regular
CUST01250,Customer 01250,Male,43,Delhi,Delhi,2023-09-21,Regular
CUST01251,Customer 01251,Male,64,Chennai,Tamil Nadu,2022-11-22,Regular
CUST01252,Customer 01252,Female,47,Bengaluru,Karnataka,2026-03-13,Regular
CUST01253,Customer 01253,Female,59,Madurai,Tamil Nadu,2023-09-11,Regular
CUST01254,Customer 01254,Male,21,Ahmedabad,Gujarat,2022-11-21,VIP
CUST01255,Customer 01255,Female,56,Bengaluru,Karnataka,2025-03-29,New
CUST01256,Customer 01256,Female,28,Hyderabad,Telangana,2023-05-31,New
CUST01257,Customer 01257,Male,41,Madurai,Tamil Nadu,2024-01-16,New
CUST01258,Customer 01258,Female,39,Madurai,Tamil Nadu,2025-07-01,Regular
CUST01259,Customer 01259,Male,20,Coimbatore,Tamil Nadu,2022-09-05,Regular
CUST01260,Customer 01260,Female,54,Chennai,Tamil Nadu,2025-10-08,New
CUST01261,Customer 01261,Male,19,Chennai,Tamil Nadu,2023-02-02,Regular
CUST01262,Customer 01262,Male,29,Madurai,Tamil Nadu,2023-08-05,New
CUST01263,Customer 01263,Female,38,Coimbatore,Tamil Nadu,2022-07-22,Regular
CUST01264,Customer 01264,Male,22,Ahmedabad,Gujarat,2025-08-18,VIP
CUST01265,Customer 01265,Female,24,Madurai,Tamil Nadu,2025-03-17,Regular
CUST01266,Customer 01266,Male,21,Kolkata,West Bengal,2022-08-09,New
CUST01267,Customer 01267,Male,60,Mumbai,Maharashtra,2024-05-16,Regular
CUST01268,Customer 01268,Male,58,Mumbai,Maharashtra,2026-05-03,New
CUST01269,Customer 01269,Female,53,Bengaluru,Karnataka,2022-09-20,Loyal
CUST01270,Customer 01270,Female,39,Hyderabad,Telangana,2022-10-23,Regular
CUST01271,Customer 01271,Male,46,Mumbai,Maharashtra,2025-08-31,VIP
CUST01272,Customer 01272,Female,26,Pune,Maharashtra,2024-10-16,Loyal
CUST01273,Customer 01273,Female,43,Bengaluru,Karnataka,2022-10-19,Regular
CUST01274,Customer 01274,Female,29,Mumbai,Maharashtra,2023-11-15,Loyal
CUST01275,Customer 01275,Female,65,Hyderabad,Telangana,2024-05-25,Loyal
CUST01276,Customer 01276,Female,18,Chennai,Tamil Nadu,2024-11-20,New
CUST01277,Customer 01277,Female,25,Chennai,Tamil Nadu,2024-12-03,Regular
CUST01278,Customer 01278,Male,50,Ahmedabad,Gujarat,2023-07-09,Regular
CUST01279,Customer 01279,Male,21,Madurai,Tamil Nadu,2025-03-03,Regular
CUST01280,Customer 01280,Male,31,Kolkata,West Bengal,2022-12-15,New
CUST01281,Customer 01281,Male,46,Chennai,Tamil Nadu,2022-08-07,New
CUST01282,Customer 01282,Female,31,Coimbatore,Tamil Nadu,2024-10-19,Regular
CUST01283,Customer 01283,Male,26,Mumbai,Maharashtra,2023-03-26,New
CUST01284,Customer 01284,Male,26,Coimbatore,Tamil Nadu,2023-05-19,Loyal
CUST01285,Customer 01285,Female,43,Hyderabad,Telangana,2022-03-27,Regular
CUST01286,Customer 01286,Male,64,Chennai,Tamil Nadu,2025-06-28,Regular
CUST01287,Customer 01287,Male,59,Kolkata,West Bengal,2025-07-12,Regular
CUST01288,Customer 01288,Male,34,Hyderabad,Telangana,2023-06-07,Regular
CUST01289,Customer 01289,Female,58,Pune,Maharashtra,2025-01-08,VIP
CUST01290,Customer 01290,Male,21,Pune,Maharashtra,2023-04-06,Regular
CUST01291,Customer 01291,Male,63,Coimbatore,Tamil Nadu,2024-10-10,Loyal
CUST01292,Customer 01292,Female,20,Madurai,Tamil Nadu,2023-09-22,Regular
CUST01293,Customer 01293,Female,46,Bengaluru,Karnataka,2022-09-09,Loyal
CUST01294,Customer 01294,Female,42,Madurai,Tamil Nadu,2022-01-18,Loyal
CUST01295,Customer 01295,Female,38,Ahmedabad,Gujarat,2025-07-03,Loyal
CUST01296,Customer 01296,Male,29,Madurai,Tamil Nadu,2025-06-22,New
CUST01297,Customer 01297,Male,18,Ahmedabad,Gujarat,2025-03-22,Regular
CUST01298,Customer 01298,Male,18,Ahmedabad,Gujarat,2023-05-15,New
CUST01299,Customer 01299,Male,62,Kolkata,West Bengal,2023-04-03,Regular
CUST01300,Customer 01300,Male,63,Chennai,Tamil Nadu,2026-04-15,Regular
CUST01301,Customer 01301,Male,65,Kolkata,West Bengal,2022-04-25,Regular
CUST01302,Customer 01302,Female,24,Ahmedabad,Gujarat,2024-01-23,Loyal
CUST01303,Customer 01303,Female,27,Hyderabad,Telangana,2024-02-08,Regular
CUST01304,Customer 01304,Male,32,Pune,Maharashtra,2023-03-23,Loyal
CUST01305,Customer 01305,Female,57,Ahmedabad,Gujarat,2022-12-19,New
CUST01306,Customer 01306,Male,28,Kolkata,West Bengal,2023-09-17,Regular
CUST01307,Customer 01307,Male,63,Hyderabad,Telangana,2023-06-25,Regular
CUST01308,Customer 01308,Female,62,Kolkata,West Bengal,2022-11-18,Regular
CUST01309,Customer 01309,Male,40,Madurai,Tamil Nadu,2026-01-22,New
CUST01310,Customer 01310,Male,30,Mumbai,Maharashtra,2022-08-14,Loyal
CUST01311,Customer 01311,Male,44,Coimbatore,Tamil Nadu,2022-12-27,Regular
CUST01312,Customer 01312,Female,58,Bengaluru,Karnataka,2026-04-04,Loyal
CUST01313,Customer 01313,Female,34,Kolkata,West Bengal,2024-04-13,Loyal
CUST01314,Customer 01314,Male,30,Bengaluru,Karnataka,2022-04-22,Regular
CUST01315,Customer 01315,Female,29,Delhi,Delhi,2022-07-31,Loyal
CUST01316,Customer 01316,Female,46,Kolkata,West Bengal,2025-06-10,Loyal
CUST01317,Customer 01317,Female,38,Mumbai,Maharashtra,2024-08-05,VIP
CUST01318,Customer 01318,Female,37,Bengaluru,Karnataka,2022-06-08,Loyal
CUST01319,Customer 01319,Male,37,Ahmedabad,Gujarat,2023-07-26,Loyal
CUST01320,Customer 01320,Male,48,Kolkata,West Bengal,2025-09-09,Regular
CUST01321,Customer 01321,Female,25,Chennai,Tamil Nadu,2025-01-21,New
CUST01322,Customer 01322,Female,41,Coimbatore,Tamil Nadu,2025-06-25,Loyal
CUST01323,Customer 01323,Female,28,Mumbai,Maharashtra,2023-11-01,Loyal
CUST01324,Customer 01324,Female,56,Bengaluru,Karnataka,2025-03-10,Regular
CUST01325,Customer 01325,Female,50,Mumbai,Maharashtra,2024-06-29,Regular
CUST01326,Customer 01326,Female,59,Hyderabad,Telangana,2024-10-19,Regular
CUST01327,Customer 01327,Female,32,Coimbatore,Tamil Nadu,2023-02-08,Regular
CUST01328,Customer 01328,Female,21,Ahmedabad,Gujarat,2023-02-08,New
CUST01329,Customer 01329,Female,18,Kolkata,West Bengal,2023-08-24,New
CUST01330,Customer 01330,Male,49,Kolkata,West Bengal,2025-12-08,Loyal
CUST01331,Customer 01331,Male,28,Kolkata,West Bengal,2026-01-03,Regular
CUST01332,Customer 01332,Female,47,Coimbatore,Tamil Nadu,2025-06-10,Regular
CUST01333,Customer 01333,Female,54,Chennai,Tamil Nadu,2022-07-12,Loyal
CUST01334,Customer 01334,Female,36,Delhi,Delhi,2025-01-27,Loyal
CUST01335,Customer 01335,Female,53,Pune,Maharashtra,2025-02-10,New
CUST01336,Customer 01336,Male,51,Madurai,Tamil Nadu,2026-04-09,New
CUST01337,Customer 01337,Male,24,Bengaluru,Karnataka,2025-07-28,Regular
CUST01338,Customer 01338,Female,62,Chennai,Tamil Nadu,2024-09-26,Loyal
CUST01339,Customer 01339,Male,37,Ahmedabad,Gujarat,2023-06-07,New
CUST01340,Customer 01340,Male,29,Bengaluru,Karnataka,2022-12-16,Regular
CUST01341,Customer 01341,Male,49,Kolkata,West Bengal,2022-11-12,Loyal
CUST01342,Customer 01342,Male,19,Mumbai,Maharashtra,2024-07-31,VIP
CUST01343,Customer 01343,Female,39,Ahmedabad,Gujarat,2026-03-04,Regular
CUST01344,Customer 01344,Male,58,Bengaluru,Karnataka,2026-04-10,New
CUST01345,Customer 01345,Female,65,Kolkata,West Bengal,2024-07-01,Regular
CUST01346,Customer 01346,Male,57,Bengaluru,Karnataka,2023-10-14,New
CUST01347,Customer 01347,Female,41,Mumbai,Maharashtra,2023-09-27,New
CUST01348,Customer 01348,Male,48,Kolkata,West Bengal,2024-10-07,Regular
CUST01349,Customer 01349,Female,21,Delhi,Delhi,2025-12-30,Regular
CUST01350,Customer 01350,Female,41,Chennai,Tamil Nadu,2026-03-27,New
CUST01351,Customer 01351,Male,60,Hyderabad,Telangana,2023-08-16,Loyal
CUST01352,Customer 01352,Female,34,Madurai,Tamil Nadu,2023-03-20,Regular
CUST01353,Customer 01353,Female,57,Coimbatore,Tamil Nadu,2023-09-13,Regular
CUST01354,Customer 01354,Male,36,Madurai,Tamil Nadu,2025-05-16,VIP
CUST01355,Customer 01355,Male,57,Ahmedabad,Gujarat,2024-01-26,Regular
CUST01356,Customer 01356,Female,55,Madurai,Tamil Nadu,2025-07-23,Loyal
CUST01357,Customer 01357,Female,51,Kolkata,West Bengal,2023-05-12,Regular
CUST01358,Customer 01358,Male,64,Delhi,Delhi,2024-02-12,New
CUST01359,Customer 01359,Male,50,Hyderabad,Telangana,2025-08-13,Regular
CUST01360,Customer 01360,Female,23,Chennai,Tamil Nadu,2023-01-09,Regular
CUST01361,Customer 01361,Female,53,Chennai,Tamil Nadu,2026-05-18,New
CUST01362,Customer 01362,Female,30,Mumbai,Maharashtra,2022-07-03,Regular
CUST01363,Customer 01363,Male,64,Coimbatore,Tamil Nadu,2022-02-01,New
CUST01364,Customer 01364,Female,26,Bengaluru,Karnataka,2022-10-10,Regular
CUST01365,Customer 01365,Male,52,Delhi,Delhi,2024-04-15,Regular
CUST01366,Customer 01366,Male,51,Bengaluru,Karnataka,2024-05-22,Regular
CUST01367,Customer 01367,Female,33,Hyderabad,Telangana,2025-12-26,Regular
CUST01368,Customer 01368,Other,35,Madurai,Tamil Nadu,2026-03-23,VIP
CUST01369,Customer 01369,Male,35,Chennai,Tamil Nadu,2023-11-17,Regular
CUST01370,Customer 01370,Male,55,Hyderabad,Telangana,2023-04-07,VIP
CUST01371,Customer 01371,Female,60,Madurai,Tamil Nadu,2024-05-20,New
CUST01372,Customer 01372,Female,49,Chennai,Tamil Nadu,2024-09-10,Regular
CUST01373,Customer 01373,Female,24,Madurai,Tamil Nadu,2023-01-03,Regular
CUST01374,Customer 01374,Female,40,Coimbatore,Tamil Nadu,2023-10-20,Loyal
CUST01375,Customer 01375,Male,40,Delhi,Delhi,2025-06-29,Loyal
CUST01376,Customer 01376,Other,63,Ahmedabad,Gujarat,2022-06-15,Loyal
CUST01377,Customer 01377,Female,35,Hyderabad,Telangana,2024-09-26,New
CUST01378,Customer 01378,Female,24,Hyderabad,Telangana,2026-04-02,Loyal
CUST01379,Customer 01379,Female,59,Pune,Maharashtra,2023-08-25,New
CUST01380,Customer 01380,Female,57,Kolkata,West Bengal,2025-10-26,New
CUST01381,Customer 01381,Male,41,Coimbatore,Tamil Nadu,2025-01-31,New
CUST01382,Customer 01382,Male,31,Coimbatore,Tamil Nadu,2023-08-17,Regular
CUST01383,Customer 01383,Female,22,Bengaluru,Karnataka,2022-05-06,Loyal
CUST01384,Customer 01384,Male,63,Madurai,Tamil Nadu,2022-02-07,New
CUST01385,Customer 01385,Male,39,Kolkata,West Bengal,2022-12-14,New
CUST01386,Customer 01386,Female,39,Delhi,Delhi,2025-05-21,Regular
CUST01387,Customer 01387,Female,27,Delhi,Delhi,2025-09-04,VIP
CUST01388,Customer 01388,Male,43,Coimbatore,Tamil Nadu,2024-01-07,Regular
CUST01389,Customer 01389,Female,32,Delhi,Delhi,2024-01-04,Regular
CUST01390,Customer 01390,Female,55,Pune,Maharashtra,2023-03-02,Regular
CUST01391,Customer 01391,Female,58,Hyderabad,Telangana,2025-06-24,Loyal
CUST01392,Customer 01392,Female,59,Mumbai,Maharashtra,2023-10-10,VIP
CUST01393,Customer 01393,Male,18,Ahmedabad,Gujarat,2022-10-13,Regular
CUST01394,Customer 01394,Male,31,Bengaluru,Karnataka,2025-06-08,Regular
CUST01395,Customer 01395,Male,53,Madurai,Tamil Nadu,2022-11-16,Loyal
CUST01396,Customer 01396,Female,48,Ahmedabad,Gujarat,2023-05-27,VIP
CUST01397,Customer 01397,Female,45,Madurai,Tamil Nadu,2026-03-25,New
CUST01398,Customer 01398,Female,51,Chennai,Tamil Nadu,2022-08-13,Regular
CUST01399,Customer 01399,Female,52,Ahmedabad,Gujarat,2023-05-21,Loyal
CUST01400,Customer 01400,Female,56,Mumbai,Maharashtra,2025-02-04,Regular
CUST01401,Customer 01401,Female,40,Coimbatore,Tamil Nadu,2024-01-12,Regular
CUST01402,Customer 01402,Male,63,Pune,Maharashtra,2025-09-16,Regular
CUST01403,Customer 01403,Male,61,Hyderabad,Telangana,2024-10-25,Regular
CUST01404,Customer 01404,Female,36,Hyderabad,Telangana,2023-04-13,Regular
CUST01405,Customer 01405,Male,35,Pune,Maharashtra,2026-03-20,VIP
CUST01406,Customer 01406,Male,32,Kolkata,West Bengal,2024-07-26,Regular
CUST01407,Customer 01407,Female,18,Chennai,Tamil Nadu,2024-02-04,Loyal
CUST01408,Customer 01408,Male,42,Madurai,Tamil Nadu,2022-06-12,Loyal
CUST01409,Customer 01409,Female,43,Mumbai,Maharashtra,2023-10-15,Regular
CUST01410,Customer 01410,Male,52,Delhi,Delhi,2024-06-19,Loyal
CUST01411,Customer 01411,Male,32,Ahmedabad,Gujarat,2024-03-18,Regular
CUST01412,Customer 01412,Male,21,Chennai,Tamil Nadu,2026-04-04,Regular
CUST01413,Customer 01413,Female,32,Ahmedabad,Gujarat,2022-03-23,Regular
CUST01414,Customer 01414,Male,59,Mumbai,Maharashtra,2023-04-26,Regular
CUST01415,Customer 01415,Female,55,Bengaluru,Karnataka,2023-05-31,New
CUST01416,Customer 01416,Female,62,Bengaluru,Karnataka,2022-07-06,Regular
CUST01417,Customer 01417,Female,56,Chennai,Tamil Nadu,2022-05-26,Regular
CUST01418,Customer 01418,Male,18,Coimbatore,Tamil Nadu,2024-10-02,Regular
CUST01419,Customer 01419,Male,39,Mumbai,Maharashtra,2022-06-01,VIP
CUST01420,Customer 01420,Female,28,Mumbai,Maharashtra,2025-10-18,VIP
CUST01421,Customer 01421,Female,63,Pune,Maharashtra,2022-04-03,New
CUST01422,Customer 01422,Other,55,Coimbatore,Tamil Nadu,2024-11-20,Regular
CUST01423,Customer 01423,Male,54,Madurai,Tamil Nadu,2023-06-24,New
CUST01424,Customer 01424,Female,43,Madurai,Tamil Nadu,2023-10-11,Regular
CUST01425,Customer 01425,Male,44,Delhi,Delhi,2023-08-25,Loyal
CUST01426,Customer 01426,Male,30,Hyderabad,Telangana,2022-02-18,Loyal
CUST01427,Customer 01427,Male,24,Bengaluru,Karnataka,2025-07-05,New
CUST01428,Customer 01428,Male,25,Madurai,Tamil Nadu,2026-03-22,Regular
CUST01429,Customer 01429,Female,63,Coimbatore,Tamil Nadu,2023-06-25,New
CUST01430,Customer 01430,Male,40,Mumbai,Maharashtra,2025-12-04,Regular
CUST01431,Customer 01431,Female,43,Madurai,Tamil Nadu,2022-06-05,Loyal
CUST01432,Customer 01432,Male,61,Mumbai,Maharashtra,2024-02-14,Regular
CUST01433,Customer 01433,Female,44,Madurai,Tamil Nadu,2023-06-30,Loyal
CUST01434,Customer 01434,Male,26,Bengaluru,Karnataka,2026-01-03,Regular
CUST01435,Customer 01435,Male,63,Ahmedabad,Gujarat,2025-06-14,Regular
CUST01436,Customer 01436,Male,55,Madurai,Tamil Nadu,2023-10-12,New
CUST01437,Customer 01437,Male,64,Coimbatore,Tamil Nadu,2025-10-23,New
CUST01438,Customer 01438,Female,30,Madurai,Tamil Nadu,2024-09-27,Loyal
CUST01439,Customer 01439,Male,24,Hyderabad,Telangana,2024-12-16,Loyal
CUST01440,Customer 01440,Female,28,Bengaluru,Karnataka,2022-06-24,Loyal
CUST01441,Customer 01441,Male,27,Coimbatore,Tamil Nadu,2025-05-22,New
CUST01442,Customer 01442,Female,50,Pune,Maharashtra,2022-01-27,Loyal
CUST01443,Customer 01443,Female,56,Coimbatore,Tamil Nadu,2025-02-16,New
CUST01444,Customer 01444,Male,20,Hyderabad,Telangana,2022-05-27,New
CUST01445,Customer 01445,Male,58,Ahmedabad,Gujarat,2024-05-17,Regular
CUST01446,Customer 01446,Male,46,Bengaluru,Karnataka,2022-09-22,Regular
CUST01447,Customer 01447,Female,54,Pune,Maharashtra,2025-11-27,Loyal
CUST01448,Customer 01448,Male,62,Hyderabad,Telangana,2022-09-15,Regular
CUST01449,Customer 01449,Female,33,Hyderabad,Telangana,2025-04-27,New
CUST01450,Customer 01450,Female,33,Chennai,Tamil Nadu,2024-04-06,New
CUST01451,Customer 01451,Female,61,Bengaluru,Karnataka,2024-01-13,Regular
CUST01452,Customer 01452,Female,60,Coimbatore,Tamil Nadu,2026-03-03,New
CUST01453,Customer 01453,Female,24,Mumbai,Maharashtra,2023-12-11,Regular
CUST01454,Customer 01454,Male,32,Ahmedabad,Gujarat,2025-06-16,Loyal
CUST01455,Customer 01455,Female,55,Mumbai,Maharashtra,2025-09-12,New
CUST01456,Customer 01456,Female,23,Coimbatore,Tamil Nadu,2024-12-29,Loyal
CUST01457,Customer 01457,Male,35,Coimbatore,Tamil Nadu,2024-11-14,Regular
CUST01458,Customer 01458,Female,36,Bengaluru,Karnataka,2025-03-25,Regular
CUST01459,Customer 01459,Male,19,Coimbatore,Tamil Nadu,2022-08-07,Regular
CUST01460,Customer 01460,Female,20,Chennai,Tamil Nadu,2023-07-15,Loyal
CUST01461,Customer 01461,Female,63,Pune,Maharashtra,2025-11-03,Regular
CUST01462,Customer 01462,Male,42,Coimbatore,Tamil Nadu,2024-06-10,New
CUST01463,Customer 01463,Female,53,Mumbai,Maharashtra,2025-05-02,Loyal
CUST01464,Customer 01464,Male,45,Coimbatore,Tamil Nadu,2024-11-29,New
CUST01465,Customer 01465,Male,55,Chennai,Tamil Nadu,2023-08-20,VIP
CUST01466,Customer 01466,Male,45,Madurai,Tamil Nadu,2022-12-09,New
CUST01467,Customer 01467,Female,49,Madurai,Tamil Nadu,2023-05-18,Loyal
CUST01468,Customer 01468,Male,58,Hyderabad,Telangana,2023-03-26,Regular
CUST01469,Customer 01469,Male,53,Ahmedabad,Gujarat,2022-12-02,Regular
CUST01470,Customer 01470,Female,56,Delhi,Delhi,2022-01-04,New
CUST01471,Customer 01471,Male,53,Pune,Maharashtra,2024-01-29,New
CUST01472,Customer 01472,Male,60,Kolkata,West Bengal,2023-06-01,Loyal
CUST01473,Customer 01473,Male,40,Hyderabad,Telangana,2026-03-01,Loyal
CUST01474,Customer 01474,Male,19,Ahmedabad,Gujarat,2025-06-03,Regular
CUST01475,Customer 01475,Male,27,Madurai,Tamil Nadu,2025-03-19,Regular
CUST01476,Customer 01476,Male,23,Mumbai,Maharashtra,2022-08-26,New
CUST01477,Customer 01477,Other,25,Kolkata,West Bengal,2022-04-13,Regular
CUST01478,Customer 01478,Female,32,Ahmedabad,Gujarat,2025-04-13,Regular
CUST01479,Customer 01479,Male,62,Ahmedabad,Gujarat,2024-10-06,New
CUST01480,Customer 01480,Male,46,Hyderabad,Telangana,2026-01-24,Regular
CUST01481,Customer 01481,Male,45,Kolkata,West Bengal,2024-11-23,Regular
CUST01482,Customer 01482,Female,39,Bengaluru,Karnataka,2023-06-02,New
CUST01483,Customer 01483,Male,51,Delhi,Delhi,2023-03-16,New
CUST01484,Customer 01484,Male,37,Bengaluru,Karnataka,2025-08-01,Regular
CUST01485,Customer 01485,Female,50,Kolkata,West Bengal,2022-08-13,New
CUST01486,Customer 01486,Male,32,Bengaluru,Karnataka,2023-07-19,Loyal
CUST01487,Customer 01487,Male,24,Chennai,Tamil Nadu,2025-07-04,Regular
CUST01488,Customer 01488,Female,41,Madurai,Tamil Nadu,2024-12-18,New
CUST01489,Customer 01489,Female,43,Chennai,Tamil Nadu,2022-09-03,Loyal
CUST01490,Customer 01490,Male,27,Coimbatore,Tamil Nadu,2026-03-23,Regular
CUST01491,Customer 01491,Female,32,Bengaluru,Karnataka,2025-05-22,Regular
CUST01492,Customer 01492,Male,54,Coimbatore,Tamil Nadu,2024-07-16,Regular
CUST01493,Customer 01493,Female,41,Mumbai,Maharashtra,2024-08-10,New
CUST01494,Customer 01494,Female,28,Pune,Maharashtra,2024-03-29,Regular
CUST01495,Customer 01495,Female,57,Mumbai,Maharashtra,2022-08-04,Regular
CUST01496,Customer 01496,Female,38,Kolkata,West Bengal,2025-11-27,Loyal
CUST01497,Customer 01497,Female,57,Ahmedabad,Gujarat,2022-10-10,Regular
CUST01498,Customer 01498,Female,55,Madurai,Tamil Nadu,2026-05-16,Regular
CUST01499,Customer 01499,Female,32,Bengaluru,Karnataka,2023-07-27,Loyal
CUST01500,Customer 01500,Male,32,Hyderabad,Telangana,2025-05-23,Regular
CUST01501,Customer 01501,Male,54,Pune,Maharashtra,2023-01-17,Regular
CUST01502,Customer 01502,Female,62,Delhi,Delhi,2024-12-04,Regular
CUST01503,Customer 01503,Female,31,Delhi,Delhi,2022-06-21,New
CUST01504,Customer 01504,Male,60,Delhi,Delhi,2025-05-29,Loyal
CUST01505,Customer 01505,Female,38,Bengaluru,Karnataka,2025-11-09,Loyal
CUST01506,Customer 01506,Female,61,Delhi,Delhi,2025-01-23,New
CUST01507,Customer 01507,Other,37,Chennai,Tamil Nadu,2022-02-13,Loyal
CUST01508,Customer 01508,Female,50,Pune,Maharashtra,2022-08-16,Regular
CUST01509,Customer 01509,Male,20,Chennai,Tamil Nadu,2023-07-28,Regular
CUST01510,Customer 01510,Male,57,Ahmedabad,Gujarat,2022-11-13,New
CUST01511,Customer 01511,Male,40,Pune,Maharashtra,2024-01-01,Regular
CUST01512,Customer 01512,Male,61,Chennai,Tamil Nadu,2025-09-20,Regular
CUST01513,Customer 01513,Female,64,Pune,Maharashtra,2023-08-24,New
CUST01514,Customer 01514,Female,40,Ahmedabad,Gujarat,2023-09-16,Regular
CUST01515,Customer 01515,Female,44,Coimbatore,Tamil Nadu,2023-04-12,VIP
CUST01516,Customer 01516,Female,52,Bengaluru,Karnataka,2022-10-24,Loyal
CUST01517,Customer 01517,Male,42,Bengaluru,Karnataka,2023-06-29,Regular
CUST01518,Customer 01518,Male,49,Delhi,Delhi,2023-05-04,Regular
CUST01519,Customer 01519,Male,39,Mumbai,Maharashtra,2024-10-16,New
CUST01520,Customer 01520,Male,25,Delhi,Delhi,2022-08-03,VIP
CUST01521,Customer 01521,Female,55,Kolkata,West Bengal,2026-03-28,Loyal
CUST01522,Customer 01522,Male,35,Chennai,Tamil Nadu,2024-10-22,Regular
CUST01523,Customer 01523,Male,45,Pune,Maharashtra,2023-10-23,New
CUST01524,Customer 01524,Male,45,Mumbai,Maharashtra,2023-10-16,New
CUST01525,Customer 01525,Female,28,Ahmedabad,Gujarat,2024-03-12,New
CUST01526,Customer 01526,Male,29,Kolkata,West Bengal,2025-05-15,Regular
CUST01527,Customer 01527,Female,19,Ahmedabad,Gujarat,2022-12-07,New
CUST01528,Customer 01528,Male,54,Bengaluru,Karnataka,2023-12-05,Regular
CUST01529,Customer 01529,Female,21,Bengaluru,Karnataka,2023-02-11,Regular
CUST01530,Customer 01530,Male,58,Delhi,Delhi,2024-05-02,New
CUST01531,Customer 01531,Female,62,Chennai,Tamil Nadu,2022-11-02,Loyal
CUST01532,Customer 01532,Female,62,Mumbai,Maharashtra,2026-03-11,New
CUST01533,Customer 01533,Female,64,Madurai,Tamil Nadu,2026-02-01,Loyal
CUST01534,Customer 01534,Female,51,Kolkata,West Bengal,2024-05-23,Regular
CUST01535,Customer 01535,Male,40,Kolkata,West Bengal,2026-05-01,Regular
CUST01536,Customer 01536,Male,30,Delhi,Delhi,2023-05-10,New
CUST01537,Customer 01537,Male,24,Bengaluru,Karnataka,2025-07-08,VIP
CUST01538,Customer 01538,Female,49,Delhi,Delhi,2023-08-01,Regular
CUST01539,Customer 01539,Male,40,Pune,Maharashtra,2025-10-19,Regular
CUST01540,Customer 01540,Male,25,Mumbai,Maharashtra,2026-03-18,New
CUST01541,Customer 01541,Female,64,Chennai,Tamil Nadu,2023-06-25,Regular
CUST01542,Customer 01542,Female,64,Coimbatore,Tamil Nadu,2024-02-07,Regular
CUST01543,Customer 01543,Male,54,Hyderabad,Telangana,2026-05-16,VIP
CUST01544,Customer 01544,Female,51,Hyderabad,Telangana,2024-06-14,VIP
CUST01545,Customer 01545,Female,65,Delhi,Delhi,2023-03-31,Loyal
CUST01546,Customer 01546,Male,46,Pune,Maharashtra,2025-03-13,VIP
CUST01547,Customer 01547,Male,54,Mumbai,Maharashtra,2025-04-30,New
CUST01548,Customer 01548,Female,40,Madurai,Tamil Nadu,2025-10-08,Regular
CUST01549,Customer 01549,Female,55,Hyderabad,Telangana,2022-10-26,Regular
CUST01550,Customer 01550,Male,46,Mumbai,Maharashtra,2026-01-23,New
CUST01551,Customer 01551,Male,61,Chennai,Tamil Nadu,2023-03-03,VIP
CUST01552,Customer 01552,Female,22,Ahmedabad,Gujarat,2023-12-17,New
CUST01553,Customer 01553,Female,57,Pune,Maharashtra,2024-01-27,Loyal
CUST01554,Customer 01554,Female,28,Bengaluru,Karnataka,2022-01-31,Loyal
CUST01555,Customer 01555,Male,31,Mumbai,Maharashtra,2022-11-28,Regular
CUST01556,Customer 01556,Male,59,Chennai,Tamil Nadu,2025-12-05,New
CUST01557,Customer 01557,Female,19,Madurai,Tamil Nadu,2022-02-21,New
CUST01558,Customer 01558,Male,52,Coimbatore,Tamil Nadu,2025-11-08,New
CUST01559,Customer 01559,Other,62,Bengaluru,Karnataka,2022-08-31,Regular
CUST01560,Customer 01560,Female,52,Coimbatore,Tamil Nadu,2024-02-14,Regular
CUST01561,Customer 01561,Male,59,Madurai,Tamil Nadu,2023-11-17,Regular
CUST01562,Customer 01562,Female,45,Chennai,Tamil Nadu,2025-12-11,Loyal
CUST01563,Customer 01563,Male,25,Hyderabad,Telangana,2026-02-07,Regular
CUST01564,Customer 01564,Female,49,Coimbatore,Tamil Nadu,2025-11-16,New
CUST01565,Customer 01565,Male,21,Bengaluru,Karnataka,2025-11-13,Loyal
CUST01566,Customer 01566,Male,62,Delhi,Delhi,2023-07-27,Regular
CUST01567,Customer 01567,Female,24,Kolkata,West Bengal,2024-05-21,Regular
CUST01568,Customer 01568,Female,56,Mumbai,Maharashtra,2023-12-01,Loyal
CUST01569,Customer 01569,Male,65,Hyderabad,Telangana,2026-02-01,VIP
CUST01570,Customer 01570,Female,44,Coimbatore,Tamil Nadu,2025-12-02,Loyal
CUST01571,Customer 01571,Male,54,Ahmedabad,Gujarat,2023-06-03,New
CUST01572,Customer 01572,Male,34,Mumbai,Maharashtra,2025-04-27,Regular
CUST01573,Customer 01573,Male,27,Delhi,Delhi,2023-08-18,New
CUST01574,Customer 01574,Male,21,Madurai,Tamil Nadu,2025-10-06,VIP
CUST01575,Customer 01575,Male,40,Kolkata,West Bengal,2022-10-10,New
CUST01576,Customer 01576,Male,31,Chennai,Tamil Nadu,2025-03-26,New
CUST01577,Customer 01577,Male,22,Delhi,Delhi,2023-08-22,Loyal
CUST01578,Customer 01578,Male,19,Delhi,Delhi,2022-05-28,VIP
CUST01579,Customer 01579,Male,63,Madurai,Tamil Nadu,2022-03-11,Regular
CUST01580,Customer 01580,Female,41,Pune,Maharashtra,2025-10-25,New
CUST01581,Customer 01581,Male,35,Madurai,Tamil Nadu,2026-03-19,Regular
CUST01582,Customer 01582,Female,44,Pune,Maharashtra,2022-08-22,Loyal
CUST01583,Customer 01583,Female,41,Pune,Maharashtra,2023-11-10,Regular
CUST01584,Customer 01584,Female,46,Hyderabad,Telangana,2023-09-28,New
CUST01585,Customer 01585,Female,28,Hyderabad,Telangana,2023-04-12,New
CUST01586,Customer 01586,Female,65,Bengaluru,Karnataka,2023-07-11,Loyal
CUST01587,Customer 01587,Male,35,Coimbatore,Tamil Nadu,2024-06-12,Regular
CUST01588,Customer 01588,Female,65,Coimbatore,Tamil Nadu,2024-04-15,Loyal
CUST01589,Customer 01589,Female,21,Chennai,Tamil Nadu,2025-08-03,Regular
CUST01590,Customer 01590,Female,50,Coimbatore,Tamil Nadu,2023-09-10,Regular
CUST01591,Customer 01591,Female,31,Hyderabad,Telangana,2025-08-10,VIP
CUST01592,Customer 01592,Male,61,Bengaluru,Karnataka,2026-02-13,Regular
CUST01593,Customer 01593,Female,59,Bengaluru,Karnataka,2022-05-14,Regular
CUST01594,Customer 01594,Female,49,Pune,Maharashtra,2022-01-08,New
CUST01595,Customer 01595,Male,21,Madurai,Tamil Nadu,2022-01-28,New
CUST01596,Customer 01596,Male,37,Chennai,Tamil Nadu,2024-02-22,Loyal
CUST01597,Customer 01597,Female,38,Pune,Maharashtra,2026-03-24,Loyal
CUST01598,Customer 01598,Female,20,Madurai,Tamil Nadu,2025-08-26,Regular
CUST01599,Customer 01599,Female,42,Coimbatore,Tamil Nadu,2023-06-25,New
CUST01600,Customer 01600,Female,21,Pune,Maharashtra,2023-09-19,New
CUST01601,Customer 01601,Male,64,Mumbai,Maharashtra,2026-02-26,Loyal
CUST01602,Customer 01602,Male,28,Coimbatore,Tamil Nadu,2024-11-23,Regular
CUST01603,Customer 01603,Male,33,Madurai,Tamil Nadu,2022-01-07,Loyal
CUST01604,Customer 01604,Male,53,Chennai,Tamil Nadu,2022-02-09,Regular
CUST01605,Customer 01605,Male,23,Madurai,Tamil Nadu,2025-09-15,VIP
CUST01606,Customer 01606,Male,48,Pune,Maharashtra,2024-06-27,Loyal
CUST01607,Customer 01607,Female,57,Pune,Maharashtra,2022-03-03,New
CUST01608,Customer 01608,Female,30,Delhi,Delhi,2025-01-14,Loyal
CUST01609,Customer 01609,Male,40,Chennai,Tamil Nadu,2025-02-13,New
CUST01610,Customer 01610,Male,21,Ahmedabad,Gujarat,2025-08-13,New
CUST01611,Customer 01611,Male,54,Coimbatore,Tamil Nadu,2023-01-14,Regular
CUST01612,Customer 01612,Female,59,Bengaluru,Karnataka,2022-11-18,Regular
CUST01613,Customer 01613,Male,54,Chennai,Tamil Nadu,2024-01-03,Regular
CUST01614,Customer 01614,Male,61,Bengaluru,Karnataka,2025-11-19,Regular
CUST01615,Customer 01615,Female,50,Chennai,Tamil Nadu,2025-10-12,New
CUST01616,Customer 01616,Female,59,Chennai,Tamil Nadu,2026-05-05,New
CUST01617,Customer 01617,Male,46,Madurai,Tamil Nadu,2024-04-18,Regular
CUST01618,Customer 01618,Male,54,Chennai,Tamil Nadu,2023-02-23,Regular
CUST01619,Customer 01619,Male,36,Delhi,Delhi,2026-02-10,Regular
CUST01620,Customer 01620,Female,37,Ahmedabad,Gujarat,2025-09-21,Regular
CUST01621,Customer 01621,Female,49,Pune,Maharashtra,2022-01-20,Loyal
CUST01622,Customer 01622,Male,61,Kolkata,West Bengal,2023-02-16,Regular
CUST01623,Customer 01623,Female,33,Bengaluru,Karnataka,2023-07-03,New
CUST01624,Customer 01624,Male,22,Pune,Maharashtra,2025-07-06,Regular
CUST01625,Customer 01625,Male,63,Kolkata,West Bengal,2023-08-28,Regular
CUST01626,Customer 01626,Male,29,Ahmedabad,Gujarat,2022-12-23,Regular
CUST01627,Customer 01627,Female,62,Ahmedabad,Gujarat,2022-07-20,Regular
CUST01628,Customer 01628,Male,38,Bengaluru,Karnataka,2025-12-05,Regular
CUST01629,Customer 01629,Male,31,Bengaluru,Karnataka,2025-08-04,New
CUST01630,Customer 01630,Male,54,Ahmedabad,Gujarat,2024-12-07,Regular
CUST01631,Customer 01631,Male,39,Kolkata,West Bengal,2024-02-04,New
CUST01632,Customer 01632,Female,47,Chennai,Tamil Nadu,2026-05-01,Regular
CUST01633,Customer 01633,Male,40,Coimbatore,Tamil Nadu,2025-10-25,Regular
CUST01634,Customer 01634,Male,22,Mumbai,Maharashtra,2022-08-19,Regular
CUST01635,Customer 01635,Female,46,Pune,Maharashtra,2025-01-23,Regular
CUST01636,Customer 01636,Female,47,Madurai,Tamil Nadu,2022-10-30,New
CUST01637,Customer 01637,Female,35,Pune,Maharashtra,2025-05-26,VIP
CUST01638,Customer 01638,Female,63,Madurai,Tamil Nadu,2026-04-25,Loyal
CUST01639,Customer 01639,Male,18,Kolkata,West Bengal,2023-01-22,Regular
CUST01640,Customer 01640,Female,56,Madurai,Tamil Nadu,2023-12-16,New
CUST01641,Customer 01641,Female,34,Bengaluru,Karnataka,2024-07-13,New
CUST01642,Customer 01642,Male,20,Coimbatore,Tamil Nadu,2025-01-19,Regular
CUST01643,Customer 01643,Female,59,Coimbatore,Tamil Nadu,2022-02-27,Regular
CUST01644,Customer 01644,Male,24,Bengaluru,Karnataka,2023-03-10,New
CUST01645,Customer 01645,Other,44,Delhi,Delhi,2023-06-06,Regular
CUST01646,Customer 01646,Female,45,Kolkata,West Bengal,2024-02-07,Regular
CUST01647,Customer 01647,Female,61,Delhi,Delhi,2024-04-08,Regular
CUST01648,Customer 01648,Female,48,Delhi,Delhi,2023-04-28,Regular
CUST01649,Customer 01649,Female,32,Pune,Maharashtra,2023-01-02,Loyal
CUST01650,Customer 01650,Male,65,Ahmedabad,Gujarat,2024-06-07,New
CUST01651,Customer 01651,Male,25,Pune,Maharashtra,2025-12-01,Regular
CUST01652,Customer 01652,Male,23,Ahmedabad,Gujarat,2026-03-22,New
CUST01653,Customer 01653,Male,45,Mumbai,Maharashtra,2025-09-16,Regular
CUST01654,Customer 01654,Female,21,Madurai,Tamil Nadu,2025-06-12,Regular
CUST01655,Customer 01655,Male,47,Ahmedabad,Gujarat,2024-06-01,New
CUST01656,Customer 01656,Male,60,Bengaluru,Karnataka,2023-02-15,Regular
CUST01657,Customer 01657,Female,34,Pune,Maharashtra,2022-07-02,Loyal
CUST01658,Customer 01658,Female,51,Kolkata,West Bengal,2025-08-03,New
CUST01659,Customer 01659,Male,23,Madurai,Tamil Nadu,2025-02-20,Regular
CUST01660,Customer 01660,Male,53,Mumbai,Maharashtra,2022-06-07,VIP
CUST01661,Customer 01661,Male,52,Ahmedabad,Gujarat,2025-09-08,Regular
CUST01662,Customer 01662,Female,56,Mumbai,Maharashtra,2022-01-13,Loyal
CUST01663,Customer 01663,Male,56,Kolkata,West Bengal,2023-07-20,Loyal
CUST01664,Customer 01664,Female,33,Delhi,Delhi,2024-05-21,New
CUST01665,Customer 01665,Male,19,Coimbatore,Tamil Nadu,2023-07-09,New
CUST01666,Customer 01666,Male,25,Kolkata,West Bengal,2023-11-09,Loyal
CUST01667,Customer 01667,Female,32,Hyderabad,Telangana,2024-05-12,Loyal
CUST01668,Customer 01668,Male,44,Kolkata,West Bengal,2023-09-10,New
CUST01669,Customer 01669,Male,33,Mumbai,Maharashtra,2026-05-06,Regular
CUST01670,Customer 01670,Male,18,Bengaluru,Karnataka,2022-07-23,Regular
CUST01671,Customer 01671,Female,27,Pune,Maharashtra,2024-08-14,Loyal
CUST01672,Customer 01672,Female,24,Bengaluru,Karnataka,2022-10-29,Regular
CUST01673,Customer 01673,Male,65,Mumbai,Maharashtra,2024-12-02,Loyal
CUST01674,Customer 01674,Male,27,Pune,Maharashtra,2024-03-05,VIP
CUST01675,Customer 01675,Male,29,Hyderabad,Telangana,2023-08-20,Loyal
CUST01676,Customer 01676,Female,34,Coimbatore,Tamil Nadu,2023-12-30,Regular
CUST01677,Customer 01677,Female,62,Madurai,Tamil Nadu,2023-05-21,Regular
CUST01678,Customer 01678,Female,29,Mumbai,Maharashtra,2023-10-01,New
CUST01679,Customer 01679,Female,32,Ahmedabad,Gujarat,2022-07-10,Regular
CUST01680,Customer 01680,Male,63,Mumbai,Maharashtra,2024-06-17,Regular
CUST01681,Customer 01681,Male,49,Mumbai,Maharashtra,2022-03-01,Regular
CUST01682,Customer 01682,Male,49,Pune,Maharashtra,2026-01-29,Regular
CUST01683,Customer 01683,Male,43,Chennai,Tamil Nadu,2025-11-03,Regular
CUST01684,Customer 01684,Male,31,Kolkata,West Bengal,2025-12-23,Loyal
CUST01685,Customer 01685,Female,43,Chennai,Tamil Nadu,2022-03-03,Regular
CUST01686,Customer 01686,Female,22,Hyderabad,Telangana,2022-10-29,New
CUST01687,Customer 01687,Female,55,Ahmedabad,Gujarat,2023-09-30,Regular
CUST01688,Customer 01688,Male,63,Coimbatore,Tamil Nadu,2024-09-25,VIP
CUST01689,Customer 01689,Female,21,Delhi,Delhi,2022-06-21,Loyal
CUST01690,Customer 01690,Female,45,Hyderabad,Telangana,2026-03-09,New
CUST01691,Customer 01691,Female,18,Delhi,Delhi,2022-03-04,Regular
CUST01692,Customer 01692,Male,30,Delhi,Delhi,2024-02-11,Loyal
CUST01693,Customer 01693,Male,60,Coimbatore,Tamil Nadu,2022-01-16,New
CUST01694,Customer 01694,Male,20,Bengaluru,Karnataka,2023-11-22,Regular
CUST01695,Customer 01695,Male,42,Chennai,Tamil Nadu,2024-04-21,Regular
CUST01696,Customer 01696,Female,59,Mumbai,Maharashtra,2025-01-29,Regular
CUST01697,Customer 01697,Male,33,Madurai,Tamil Nadu,2025-04-14,Regular
CUST01698,Customer 01698,Male,38,Delhi,Delhi,2025-05-01,New
CUST01699,Customer 01699,Female,30,Ahmedabad,Gujarat,2024-06-17,Regular
CUST01700,Customer 01700,Female,61,Hyderabad,Telangana,2025-07-20,New
CUST01701,Customer 01701,Male,53,Bengaluru,Karnataka,2026-01-30,Regular
CUST01702,Customer 01702,Female,25,Delhi,Delhi,2024-07-21,Regular
CUST01703,Customer 01703,Male,61,Bengaluru,Karnataka,2022-06-24,Regular
CUST01704,Customer 01704,Male,36,Bengaluru,Karnataka,2025-06-11,New
CUST01705,Customer 01705,Male,64,Delhi,Delhi,2025-05-24,Regular
CUST01706,Customer 01706,Female,33,Pune,Maharashtra,2026-02-23,Regular
CUST01707,Customer 01707,Female,29,Kolkata,West Bengal,2023-02-21,Regular
CUST01708,Customer 01708,Male,37,Ahmedabad,Gujarat,2026-04-06,Regular
CUST01709,Customer 01709,Female,35,Mumbai,Maharashtra,2023-03-27,Regular
CUST01710,Customer 01710,Male,29,Mumbai,Maharashtra,2024-04-15,New
CUST01711,Customer 01711,Female,65,Ahmedabad,Gujarat,2022-10-07,New
CUST01712,Customer 01712,Male,42,Pune,Maharashtra,2022-09-01,New
CUST01713,Customer 01713,Male,28,Mumbai,Maharashtra,2023-11-06,Regular
CUST01714,Customer 01714,Female,39,Bengaluru,Karnataka,2022-05-26,Regular
CUST01715,Customer 01715,Female,63,Coimbatore,Tamil Nadu,2024-12-26,Loyal
CUST01716,Customer 01716,Male,51,Hyderabad,Telangana,2022-04-13,Loyal
CUST01717,Customer 01717,Male,30,Chennai,Tamil Nadu,2022-11-06,Loyal
CUST01718,Customer 01718,Male,63,Mumbai,Maharashtra,2022-04-27,Regular
CUST01719,Customer 01719,Male,55,Ahmedabad,Gujarat,2026-02-04,Regular
CUST01720,Customer 01720,Female,29,Coimbatore,Tamil Nadu,2024-02-02,Loyal
CUST01721,Customer 01721,Other,56,Delhi,Delhi,2025-09-06,New
CUST01722,Customer 01722,Male,53,Kolkata,West Bengal,2025-12-29,Regular
CUST01723,Customer 01723,Male,45,Ahmedabad,Gujarat,2025-10-25,New
CUST01724,Customer 01724,Female,44,Bengaluru,Karnataka,2024-01-08,Loyal
CUST01725,Customer 01725,Male,56,Kolkata,West Bengal,2022-07-06,Regular
CUST01726,Customer 01726,Female,30,Hyderabad,Telangana,2024-02-24,New
CUST01727,Customer 01727,Male,60,Hyderabad,Telangana,2026-02-01,Regular
CUST01728,Customer 01728,Female,57,Pune,Maharashtra,2023-12-08,New
CUST01729,Customer 01729,Female,44,Madurai,Tamil Nadu,2024-05-25,VIP
CUST01730,Customer 01730,Female,48,Pune,Maharashtra,2024-03-06,Regular
CUST01731,Customer 01731,Female,19,Coimbatore,Tamil Nadu,2023-04-18,Regular
CUST01732,Customer 01732,Male,35,Kolkata,West Bengal,2023-07-10,Regular
CUST01733,Customer 01733,Female,43,Madurai,Tamil Nadu,2026-01-17,Loyal
CUST01734,Customer 01734,Female,59,Delhi,Delhi,2026-01-09,Loyal
CUST01735,Customer 01735,Male,48,Bengaluru,Karnataka,2023-11-13,Loyal
CUST01736,Customer 01736,Male,55,Kolkata,West Bengal,2022-04-04,Loyal
CUST01737,Customer 01737,Male,39,Pune,Maharashtra,2024-01-06,New
CUST01738,Customer 01738,Male,53,Chennai,Tamil Nadu,2024-02-29,Loyal
CUST01739,Customer 01739,Male,36,Madurai,Tamil Nadu,2022-02-07,Regular
CUST01740,Customer 01740,Female,31,Madurai,Tamil Nadu,2024-02-21,Loyal
CUST01741,Customer 01741,Male,31,Bengaluru,Karnataka,2023-04-27,Regular
CUST01742,Customer 01742,Female,46,Mumbai,Maharashtra,2022-04-21,New
CUST01743,Customer 01743,Male,34,Hyderabad,Telangana,2023-02-14,Regular
CUST01744,Customer 01744,Male,54,Hyderabad,Telangana,2025-04-06,New
CUST01745,Customer 01745,Female,26,Chennai,Tamil Nadu,2026-05-09,Regular
CUST01746,Customer 01746,Female,18,Coimbatore,Tamil Nadu,2023-02-01,Regular
CUST01747,Customer 01747,Male,21,Coimbatore,Tamil Nadu,2025-02-24,New
CUST01748,Customer 01748,Male,24,Delhi,Delhi,2022-02-11,VIP
CUST01749,Customer 01749,Male,28,Kolkata,West Bengal,2022-02-10,Loyal
CUST01750,Customer 01750,Female,31,Ahmedabad,Gujarat,2026-05-05,Loyal
CUST01751,Customer 01751,Female,59,Mumbai,Maharashtra,2026-02-19,Loyal
CUST01752,Customer 01752,Male,36,Pune,Maharashtra,2023-02-03,Regular
CUST01753,Customer 01753,Female,57,Ahmedabad,Gujarat,2022-07-01,Regular
CUST01754,Customer 01754,Female,20,Ahmedabad,Gujarat,2025-04-19,New
CUST01755,Customer 01755,Male,25,Madurai,Tamil Nadu,2024-01-14,Loyal
CUST01756,Customer 01756,Other,46,Chennai,Tamil Nadu,2023-12-19,Loyal
CUST01757,Customer 01757,Female,54,Hyderabad,Telangana,2023-04-09,Loyal
CUST01758,Customer 01758,Male,60,Delhi,Delhi,2024-12-09,Loyal
CUST01759,Customer 01759,Male,26,Coimbatore,Tamil Nadu,2025-12-02,Regular
CUST01760,Customer 01760,Male,36,Chennai,Tamil Nadu,2025-11-25,Regular
CUST01761,Customer 01761,Male,29,Madurai,Tamil Nadu,2025-03-15,VIP
CUST01762,Customer 01762,Female,44,Pune,Maharashtra,2022-10-25,Regular
CUST01763,Customer 01763,Male,54,Delhi,Delhi,2022-05-25,Regular
CUST01764,Customer 01764,Female,65,Madurai,Tamil Nadu,2022-01-16,Regular
CUST01765,Customer 01765,Female,42,Hyderabad,Telangana,2025-01-13,Regular
CUST01766,Customer 01766,Female,62,Hyderabad,Telangana,2025-05-24,Loyal
CUST01767,Customer 01767,Female,55,Hyderabad,Telangana,2026-02-14,Regular
CUST01768,Customer 01768,Male,65,Chennai,Tamil Nadu,2024-12-11,Regular
CUST01769,Customer 01769,Male,34,Chennai,Tamil Nadu,2026-04-21,Regular
CUST01770,Customer 01770,Female,61,Coimbatore,Tamil Nadu,2022-04-17,Regular
CUST01771,Customer 01771,Male,50,Coimbatore,Tamil Nadu,2022-08-07,Loyal
CUST01772,Customer 01772,Male,56,Pune,Maharashtra,2024-07-23,New
CUST01773,Customer 01773,Female,31,Delhi,Delhi,2022-12-03,New
CUST01774,Customer 01774,Female,45,Bengaluru,Karnataka,2024-07-09,New
CUST01775,Customer 01775,Male,35,Bengaluru,Karnataka,2023-01-06,Loyal
CUST01776,Customer 01776,Female,50,Madurai,Tamil Nadu,2024-09-24,Regular
CUST01777,Customer 01777,Female,59,Hyderabad,Telangana,2024-03-20,VIP
CUST01778,Customer 01778,Male,32,Delhi,Delhi,2022-09-11,Regular
CUST01779,Customer 01779,Male,28,Ahmedabad,Gujarat,2025-11-29,Regular
CUST01780,Customer 01780,Female,53,Chennai,Tamil Nadu,2023-08-03,Loyal
CUST01781,Customer 01781,Male,32,Kolkata,West Bengal,2023-09-28,New
CUST01782,Customer 01782,Male,65,Mumbai,Maharashtra,2024-11-19,Regular
CUST01783,Customer 01783,Female,47,Pune,Maharashtra,2022-07-04,Regular
CUST01784,Customer 01784,Female,32,Hyderabad,Telangana,2025-08-05,Regular
CUST01785,Customer 01785,Male,40,Hyderabad,Telangana,2025-10-14,Regular
CUST01786,Customer 01786,Male,60,Hyderabad,Telangana,2023-04-19,New
CUST01787,Customer 01787,Male,65,Chennai,Tamil Nadu,2024-09-11,New
CUST01788,Customer 01788,Other,32,Chennai,Tamil Nadu,2026-05-08,Regular
CUST01789,Customer 01789,Male,46,Mumbai,Maharashtra,2025-11-24,Loyal
CUST01790,Customer 01790,Female,28,Ahmedabad,Gujarat,2024-09-10,New
CUST01791,Customer 01791,Female,62,Delhi,Delhi,2025-03-02,Regular
CUST01792,Customer 01792,Male,35,Hyderabad,Telangana,2023-05-17,New
CUST01793,Customer 01793,Other,57,Bengaluru,Karnataka,2026-03-07,Regular
CUST01794,Customer 01794,Female,48,Coimbatore,Tamil Nadu,2024-05-23,Regular
CUST01795,Customer 01795,Female,26,Bengaluru,Karnataka,2025-01-05,Loyal
CUST01796,Customer 01796,Male,39,Madurai,Tamil Nadu,2022-12-16,Loyal
CUST01797,Customer 01797,Female,28,Bengaluru,Karnataka,2022-03-01,Regular
CUST01798,Customer 01798,Female,34,Madurai,Tamil Nadu,2026-01-18,New
CUST01799,Customer 01799,Other,50,Kolkata,West Bengal,2024-05-28,New
CUST01800,Customer 01800,Male,28,Coimbatore,Tamil Nadu,2023-04-10,VIP
CUST01801,Customer 01801,Female,56,Bengaluru,Karnataka,2022-11-07,Regular
CUST01802,Customer 01802,Male,25,Kolkata,West Bengal,2025-01-19,New
CUST01803,Customer 01803,Male,21,Pune,Maharashtra,2024-07-19,New
CUST01804,Customer 01804,Male,53,Delhi,Delhi,2024-08-22,Regular
CUST01805,Customer 01805,Female,36,Kolkata,West Bengal,2025-08-14,New
CUST01806,Customer 01806,Male,41,Delhi,Delhi,2025-09-10,Loyal
CUST01807,Customer 01807,Female,58,Bengaluru,Karnataka,2022-10-07,Regular
CUST01808,Customer 01808,Other,35,Ahmedabad,Gujarat,2023-12-12,Regular
CUST01809,Customer 01809,Male,50,Kolkata,West Bengal,2024-08-24,Regular
CUST01810,Customer 01810,Female,63,Coimbatore,Tamil Nadu,2025-02-15,Regular
CUST01811,Customer 01811,Male,53,Bengaluru,Karnataka,2023-11-26,Regular
CUST01812,Customer 01812,Male,27,Hyderabad,Telangana,2024-06-28,Loyal
CUST01813,Customer 01813,Female,31,Chennai,Tamil Nadu,2023-07-21,Regular
CUST01814,Customer 01814,Female,24,Kolkata,West Bengal,2022-09-28,Regular
CUST01815,Customer 01815,Female,29,Coimbatore,Tamil Nadu,2026-03-21,Loyal
CUST01816,Customer 01816,Female,39,Pune,Maharashtra,2025-01-29,New
CUST01817,Customer 01817,Male,44,Hyderabad,Telangana,2025-11-12,Regular
CUST01818,Customer 01818,Male,65,Pune,Maharashtra,2025-08-02,Regular
CUST01819,Customer 01819,Female,54,Bengaluru,Karnataka,2024-09-06,Loyal
CUST01820,Customer 01820,Male,28,Chennai,Tamil Nadu,2024-12-12,New
CUST01821,Customer 01821,Male,53,Kolkata,West Bengal,2024-04-20,Regular
CUST01822,Customer 01822,Female,30,Kolkata,West Bengal,2024-09-30,New
CUST01823,Customer 01823,Male,49,Ahmedabad,Gujarat,2022-08-28,New
CUST01824,Customer 01824,Male,25,Ahmedabad,Gujarat,2025-05-22,Loyal
CUST01825,Customer 01825,Female,24,Bengaluru,Karnataka,2022-12-27,Regular
CUST01826,Customer 01826,Female,60,Bengaluru,Karnataka,2025-10-19,Loyal
CUST01827,Customer 01827,Female,60,Chennai,Tamil Nadu,2024-01-04,Regular
CUST01828,Customer 01828,Female,34,Ahmedabad,Gujarat,2024-05-01,Regular
CUST01829,Customer 01829,Male,39,Coimbatore,Tamil Nadu,2024-05-09,Loyal
CUST01830,Customer 01830,Female,63,Coimbatore,Tamil Nadu,2023-12-02,Regular
CUST01831,Customer 01831,Female,51,Chennai,Tamil Nadu,2025-09-12,New
CUST01832,Customer 01832,Male,37,Coimbatore,Tamil Nadu,2024-04-15,New
CUST01833,Customer 01833,Male,25,Madurai,Tamil Nadu,2026-02-08,New
CUST01834,Customer 01834,Female,39,Delhi,Delhi,2024-04-02,Regular
CUST01835,Customer 01835,Female,44,Chennai,Tamil Nadu,2022-04-07,VIP
CUST01836,Customer 01836,Female,51,Chennai,Tamil Nadu,2022-11-23,Loyal
CUST01837,Customer 01837,Female,38,Mumbai,Maharashtra,2022-03-14,VIP
CUST01838,Customer 01838,Female,32,Hyderabad,Telangana,2024-09-20,VIP
CUST01839,Customer 01839,Other,22,Hyderabad,Telangana,2025-07-03,Regular
CUST01840,Customer 01840,Female,55,Madurai,Tamil Nadu,2025-04-08,New
CUST01841,Customer 01841,Male,34,Ahmedabad,Gujarat,2024-09-20,Regular
CUST01842,Customer 01842,Female,25,Bengaluru,Karnataka,2022-11-29,Loyal
CUST01843,Customer 01843,Male,36,Bengaluru,Karnataka,2025-03-26,Regular
CUST01844,Customer 01844,Female,22,Pune,Maharashtra,2025-12-13,Regular
CUST01845,Customer 01845,Female,40,Madurai,Tamil Nadu,2023-04-03,New
CUST01846,Customer 01846,Female,36,Chennai,Tamil Nadu,2024-01-04,Regular
CUST01847,Customer 01847,Female,31,Madurai,Tamil Nadu,2024-05-25,Regular
CUST01848,Customer 01848,Male,27,Madurai,Tamil Nadu,2024-05-07,Regular
CUST01849,Customer 01849,Male,48,Madurai,Tamil Nadu,2022-04-09,Loyal
CUST01850,Customer 01850,Male,30,Hyderabad,Telangana,2024-01-02,New
CUST01851,Customer 01851,Female,39,Madurai,Tamil Nadu,2024-07-13,VIP
CUST01852,Customer 01852,Female,54,Delhi,Delhi,2022-09-01,New
CUST01853,Customer 01853,Female,56,Bengaluru,Karnataka,2026-02-09,VIP
CUST01854,Customer 01854,Male,27,Pune,Maharashtra,2026-01-04,Regular
CUST01855,Customer 01855,Female,48,Delhi,Delhi,2025-05-02,Loyal
CUST01856,Customer 01856,Female,60,Pune,Maharashtra,2025-10-30,New
CUST01857,Customer 01857,Male,52,Mumbai,Maharashtra,2023-10-24,Regular
CUST01858,Customer 01858,Female,30,Pune,Maharashtra,2024-10-02,Loyal
CUST01859,Customer 01859,Female,47,Bengaluru,Karnataka,2023-01-02,New
CUST01860,Customer 01860,Female,51,Bengaluru,Karnataka,2025-03-24,New
CUST01861,Customer 01861,Male,53,Madurai,Tamil Nadu,2023-05-14,Regular
CUST01862,Customer 01862,Female,52,Kolkata,West Bengal,2026-04-07,New
CUST01863,Customer 01863,Male,64,Mumbai,Maharashtra,2026-01-21,New
CUST01864,Customer 01864,Other,21,Chennai,Tamil Nadu,2022-04-23,Regular
CUST01865,Customer 01865,Male,21,Coimbatore,Tamil Nadu,2024-08-02,New
CUST01866,Customer 01866,Male,64,Pune,Maharashtra,2024-11-13,Regular
CUST01867,Customer 01867,Female,23,Kolkata,West Bengal,2022-10-10,Loyal
CUST01868,Customer 01868,Male,45,Madurai,Tamil Nadu,2025-08-08,Regular
CUST01869,Customer 01869,Female,47,Hyderabad,Telangana,2025-10-18,New
CUST01870,Customer 01870,Female,44,Chennai,Tamil Nadu,2023-02-05,Regular
CUST01871,Customer 01871,Female,22,Ahmedabad,Gujarat,2023-07-22,Regular
CUST01872,Customer 01872,Other,61,Kolkata,West Bengal,2025-07-13,Regular
CUST01873,Customer 01873,Male,56,Hyderabad,Telangana,2024-12-13,Regular
CUST01874,Customer 01874,Female,52,Mumbai,Maharashtra,2023-12-15,Loyal
CUST01875,Customer 01875,Male,56,Madurai,Tamil Nadu,2023-02-26,Loyal
CUST01876,Customer 01876,Male,61,Chennai,Tamil Nadu,2024-04-28,New
CUST01877,Customer 01877,Female,32,Chennai,Tamil Nadu,2026-02-06,Regular
CUST01878,Customer 01878,Male,36,Chennai,Tamil Nadu,2025-06-20,Regular
CUST01879,Customer 01879,Female,47,Mumbai,Maharashtra,2025-10-09,VIP
CUST01880,Customer 01880,Female,55,Pune,Maharashtra,2025-11-12,VIP
CUST01881,Customer 01881,Female,49,Ahmedabad,Gujarat,2025-04-16,Regular
CUST01882,Customer 01882,Other,57,Mumbai,Maharashtra,2023-04-20,Regular
CUST01883,Customer 01883,Male,46,Coimbatore,Tamil Nadu,2026-05-16,Regular
CUST01884,Customer 01884,Female,23,Ahmedabad,Gujarat,2023-02-09,Regular
CUST01885,Customer 01885,Female,43,Bengaluru,Karnataka,2022-02-05,New
CUST01886,Customer 01886,Female,44,Madurai,Tamil Nadu,2022-12-24,Regular
CUST01887,Customer 01887,Male,52,Mumbai,Maharashtra,2023-07-12,Regular
CUST01888,Customer 01888,Female,45,Hyderabad,Telangana,2025-09-12,Regular
CUST01889,Customer 01889,Male,22,Ahmedabad,Gujarat,2024-12-03,Regular
CUST01890,Customer 01890,Male,58,Coimbatore,Tamil Nadu,2022-11-16,Loyal
CUST01891,Customer 01891,Female,65,Bengaluru,Karnataka,2024-01-08,Regular
CUST01892,Customer 01892,Female,33,Pune,Maharashtra,2023-10-20,Regular
CUST01893,Customer 01893,Female,58,Hyderabad,Telangana,2023-04-17,Loyal
CUST01894,Customer 01894,Female,35,Ahmedabad,Gujarat,2025-07-16,Regular
CUST01895,Customer 01895,Female,30,Madurai,Tamil Nadu,2023-06-09,New
CUST01896,Customer 01896,Male,60,Hyderabad,Telangana,2022-01-25,New
CUST01897,Customer 01897,Male,42,Bengaluru,Karnataka,2023-10-02,New
CUST01898,Customer 01898,Male,27,Hyderabad,Telangana,2026-04-24,New
CUST01899,Customer 01899,Female,46,Delhi,Delhi,2025-03-26,Loyal
CUST01900,Customer 01900,Male,27,Kolkata,West Bengal,2024-05-25,Regular
CUST01901,Customer 01901,Male,23,Pune,Maharashtra,2025-04-23,New
CUST01902,Customer 01902,Female,33,Bengaluru,Karnataka,2022-06-23,Loyal
CUST01903,Customer 01903,Male,42,Hyderabad,Telangana,2025-11-18,Regular
CUST01904,Customer 01904,Male,61,Kolkata,West Bengal,2022-07-05,Regular
CUST01905,Customer 01905,Female,21,Kolkata,West Bengal,2025-07-28,New
CUST01906,Customer 01906,Male,54,Hyderabad,Telangana,2024-09-27,New
CUST01907,Customer 01907,Male,51,Madurai,Tamil Nadu,2025-08-11,Regular
CUST01908,Customer 01908,Male,36,Delhi,Delhi,2023-06-12,Loyal
CUST01909,Customer 01909,Female,50,Mumbai,Maharashtra,2025-04-26,New
CUST01910,Customer 01910,Female,21,Delhi,Delhi,2025-12-06,Regular
CUST01911,Customer 01911,Male,61,Hyderabad,Telangana,2024-08-29,VIP
CUST01912,Customer 01912,Female,51,Pune,Maharashtra,2023-11-15,Regular
CUST01913,Customer 01913,Male,29,Mumbai,Maharashtra,2022-07-05,Regular
CUST01914,Customer 01914,Female,48,Bengaluru,Karnataka,2026-04-17,Loyal
CUST01915,Customer 01915,Male,33,Delhi,Delhi,2023-07-29,Loyal
CUST01916,Customer 01916,Female,19,Hyderabad,Telangana,2025-08-17,Regular
CUST01917,Customer 01917,Female,19,Delhi,Delhi,2022-11-05,Loyal
CUST01918,Customer 01918,Female,53,Mumbai,Maharashtra,2025-04-27,Regular
CUST01919,Customer 01919,Male,23,Coimbatore,Tamil Nadu,2025-12-05,Loyal
CUST01920,Customer 01920,Male,40,Ahmedabad,Gujarat,2023-06-22,VIP
CUST01921,Customer 01921,Female,56,Delhi,Delhi,2025-11-11,Regular
CUST01922,Customer 01922,Male,64,Bengaluru,Karnataka,2024-05-07,Regular
CUST01923,Customer 01923,Female,61,Bengaluru,Karnataka,2026-04-24,Regular
CUST01924,Customer 01924,Female,54,Chennai,Tamil Nadu,2022-07-12,Loyal
CUST01925,Customer 01925,Female,63,Delhi,Delhi,2025-04-01,Loyal
CUST01926,Customer 01926,Male,33,Ahmedabad,Gujarat,2022-02-22,New
CUST01927,Customer 01927,Female,60,Madurai,Tamil Nadu,2023-04-20,Loyal
CUST01928,Customer 01928,Female,61,Kolkata,West Bengal,2022-06-23,Loyal
CUST01929,Customer 01929,Female,36,Ahmedabad,Gujarat,2025-05-04,Loyal
CUST01930,Customer 01930,Male,41,Kolkata,West Bengal,2025-05-19,Loyal
CUST01931,Customer 01931,Male,44,Kolkata,West Bengal,2023-12-01,New
CUST01932,Customer 01932,Male,24,Coimbatore,Tamil Nadu,2023-01-25,Regular
CUST01933,Customer 01933,Male,47,Chennai,Tamil Nadu,2025-08-24,Loyal
CUST01934,Customer 01934,Female,58,Ahmedabad,Gujarat,2023-04-02,VIP
CUST01935,Customer 01935,Female,31,Ahmedabad,Gujarat,2025-09-16,New
CUST01936,Customer 01936,Male,61,Coimbatore,Tamil Nadu,2026-02-27,Regular
CUST01937,Customer 01937,Female,32,Delhi,Delhi,2025-09-14,Loyal
CUST01938,Customer 01938,Male,29,Delhi,Delhi,2024-11-18,Loyal
CUST01939,Customer 01939,Male,46,Delhi,Delhi,2022-05-02,Regular
CUST01940,Customer 01940,Male,40,Pune,Maharashtra,2026-01-21,New
CUST01941,Customer 01941,Male,30,Kolkata,West Bengal,2023-02-22,Loyal
CUST01942,Customer 01942,Female,26,Pune,Maharashtra,2022-06-08,Loyal
CUST01943,Customer 01943,Male,41,Chennai,Tamil Nadu,2023-08-21,Loyal
CUST01944,Customer 01944,Female,56,Coimbatore,Tamil Nadu,2023-05-31,Loyal
CUST01945,Customer 01945,Male,47,Ahmedabad,Gujarat,2024-10-22,Regular
CUST01946,Customer 01946,Female,18,Kolkata,West Bengal,2025-08-18,VIP
CUST01947,Customer 01947,Male,27,Pune,Maharashtra,2025-01-07,Loyal
CUST01948,Customer 01948,Male,55,Pune,Maharashtra,2023-10-21,Regular
CUST01949,Customer 01949,Male,64,Hyderabad,Telangana,2023-11-09,VIP
CUST01950,Customer 01950,Male,32,Pune,Maharashtra,2022-11-11,Loyal
CUST01951,Customer 01951,Male,26,Madurai,Tamil Nadu,2022-11-24,Loyal
CUST01952,Customer 01952,Female,30,Ahmedabad,Gujarat,2022-10-03,Regular
CUST01953,Customer 01953,Female,40,Madurai,Tamil Nadu,2023-12-17,Regular
CUST01954,Customer 01954,Female,50,Ahmedabad,Gujarat,2023-03-28,Regular
CUST01955,Customer 01955,Female,26,Coimbatore,Tamil Nadu,2026-05-08,Regular
CUST01956,Customer 01956,Male,20,Ahmedabad,Gujarat,2023-05-01,Regular
CUST01957,Customer 01957,Male,47,Madurai,Tamil Nadu,2025-02-04,Regular
CUST01958,Customer 01958,Other,26,Ahmedabad,Gujarat,2023-07-21,New
CUST01959,Customer 01959,Female,42,Coimbatore,Tamil Nadu,2022-09-03,Loyal
CUST01960,Customer 01960,Female,64,Coimbatore,Tamil Nadu,2024-07-23,Regular
CUST01961,Customer 01961,Female,41,Chennai,Tamil Nadu,2024-06-07,Regular
CUST01962,Customer 01962,Male,49,Ahmedabad,Gujarat,2022-06-13,Regular
CUST01963,Customer 01963,Male,24,Hyderabad,Telangana,2023-06-11,New
CUST01964,Customer 01964,Male,53,Delhi,Delhi,2022-01-01,Loyal
CUST01965,Customer 01965,Male,42,Bengaluru,Karnataka,2024-05-12,Regular
CUST01966,Customer 01966,Male,37,Coimbatore,Tamil Nadu,2022-05-17,Regular
CUST01967,Customer 01967,Male,34,Mumbai,Maharashtra,2022-05-31,Regular
CUST01968,Customer 01968,Female,53,Delhi,Delhi,2025-04-18,Regular
CUST01969,Customer 01969,Female,43,Kolkata,West Bengal,2024-09-30,Regular
CUST01970,Customer 01970,Female,36,Ahmedabad,Gujarat,2026-02-19,New
CUST01971,Customer 01971,Female,54,Madurai,Tamil Nadu,2024-11-07,Regular
CUST01972,Customer 01972,Male,65,Bengaluru,Karnataka,2025-06-02,Regular
CUST01973,Customer 01973,Male,20,Mumbai,Maharashtra,2025-02-02,Loyal
CUST01974,Customer 01974,Female,60,Delhi,Delhi,2024-09-25,Regular
CUST01975,Customer 01975,Male,45,Ahmedabad,Gujarat,2023-11-29,New
CUST01976,Customer 01976,Male,39,Chennai,Tamil Nadu,2024-12-24,New
CUST01977,Customer 01977,Male,64,Kolkata,West Bengal,2022-11-29,Regular
CUST01978,Customer 01978,Male,36,Bengaluru,Karnataka,2023-01-07,Regular
CUST01979,Customer 01979,Female,63,Hyderabad,Telangana,2025-05-15,New
CUST01980,Customer 01980,Male,33,Chennai,Tamil Nadu,2025-06-06,Regular
CUST01981,Customer 01981,Female,23,Mumbai,Maharashtra,2023-08-04,New
CUST01982,Customer 01982,Female,54,Bengaluru,Karnataka,2025-03-11,Regular
CUST01983,Customer 01983,Male,48,Chennai,Tamil Nadu,2023-11-17,Regular
CUST01984,Customer 01984,Male,65,Kolkata,West Bengal,2023-12-10,VIP
CUST01985,Customer 01985,Male,51,Hyderabad,Telangana,2025-09-16,New
CUST01986,Customer 01986,Male,48,Chennai,Tamil Nadu,2024-07-16,Regular
CUST01987,Customer 01987,Female,28,Pune,Maharashtra,2024-01-10,VIP
CUST01988,Customer 01988,Female,53,Hyderabad,Telangana,2022-09-28,Regular
CUST01989,Customer 01989,Female,23,Mumbai,Maharashtra,2023-12-12,Regular
CUST01990,Customer 01990,Male,44,Kolkata,West Bengal,2022-11-21,Regular
CUST01991,Customer 01991,Female,24,Ahmedabad,Gujarat,2024-09-16,New
CUST01992,Customer 01992,Female,49,Madurai,Tamil Nadu,2026-03-31,Regular
CUST01993,Customer 01993,Female,25,Madurai,Tamil Nadu,2024-03-08,Loyal
CUST01994,Customer 01994,Female,50,Madurai,Tamil Nadu,2024-07-08,Regular
CUST01995,Customer 01995,Female,64,Bengaluru,Karnataka,2023-07-01,Regular
CUST01996,Customer 01996,Female,61,Mumbai,Maharashtra,2024-12-28,Regular
CUST01997,Customer 01997,Female,32,Kolkata,West Bengal,2024-06-26,Regular
CUST01998,Customer 01998,Male,44,Hyderabad,Telangana,2022-07-31,Regular
CUST01999,Customer 01999,Female,47,Bengaluru,Karnataka,2026-05-01,Regular
CUST02000,Customer 02000,Male,39,Mumbai,Maharashtra,2025-11-06,Regular
CUST02001,Customer 02001,Male,64,Ahmedabad,Gujarat,2025-12-14,Regular
CUST02002,Customer 02002,Other,46,Pune,Maharashtra,2023-08-20,Loyal
CUST02003,Customer 02003,Female,58,Kolkata,West Bengal,2022-02-17,Regular
CUST02004,Customer 02004,Male,65,Madurai,Tamil Nadu,2022-08-19,Regular
CUST02005,Customer 02005,Male,47,Chennai,Tamil Nadu,2023-08-02,New
CUST02006,Customer 02006,Male,19,Kolkata,West Bengal,2026-02-09,Regular
CUST02007,Customer 02007,Female,32,Coimbatore,Tamil Nadu,2024-08-07,Regular
CUST02008,Customer 02008,Female,64,Mumbai,Maharashtra,2025-01-17,Loyal
CUST02009,Customer 02009,Female,44,Delhi,Delhi,2024-07-20,Regular
CUST02010,Customer 02010,Female,24,Ahmedabad,Gujarat,2022-02-21,Regular
CUST02011,Customer 02011,Male,44,Pune,Maharashtra,2026-04-07,Loyal
CUST02012,Customer 02012,Female,38,Ahmedabad,Gujarat,2023-02-26,New
CUST02013,Customer 02013,Male,30,Kolkata,West Bengal,2023-09-03,Loyal
CUST02014,Customer 02014,Female,34,Delhi,Delhi,2023-03-22,Regular
CUST02015,Customer 02015,Female,28,Coimbatore,Tamil Nadu,2024-08-18,Regular
CUST02016,Customer 02016,Female,27,Hyderabad,Telangana,2022-05-11,VIP
CUST02017,Customer 02017,Male,50,Chennai,Tamil Nadu,2023-08-23,Loyal
CUST02018,Customer 02018,Male,31,Delhi,Delhi,2023-01-09,Regular
CUST02019,Customer 02019,Male,54,Mumbai,Maharashtra,2023-07-05,Regular
CUST02020,Customer 02020,Female,25,Madurai,Tamil Nadu,2023-06-14,Regular
CUST02021,Customer 02021,Male,50,Coimbatore,Tamil Nadu,2025-02-02,New
CUST02022,Customer 02022,Male,24,Chennai,Tamil Nadu,2023-01-22,Loyal
CUST02023,Customer 02023,Male,51,Pune,Maharashtra,2022-12-02,New
CUST02024,Customer 02024,Female,24,Madurai,Tamil Nadu,2024-01-06,Regular
CUST02025,Customer 02025,Male,24,Kolkata,West Bengal,2025-02-14,Loyal
CUST02026,Customer 02026,Female,58,Delhi,Delhi,2024-10-21,Loyal
CUST02027,Customer 02027,Female,53,Chennai,Tamil Nadu,2024-06-14,Regular
CUST02028,Customer 02028,Female,24,Bengaluru,Karnataka,2023-06-22,Loyal
CUST02029,Customer 02029,Male,37,Hyderabad,Telangana,2025-12-30,Regular
CUST02030,Customer 02030,Male,35,Hyderabad,Telangana,2023-05-11,Loyal
CUST02031,Customer 02031,Male,62,Coimbatore,Tamil Nadu,2024-11-01,Regular
CUST02032,Customer 02032,Male,60,Pune,Maharashtra,2025-08-10,Loyal
CUST02033,Customer 02033,Male,58,Coimbatore,Tamil Nadu,2023-05-23,New
CUST02034,Customer 02034,Female,31,Bengaluru,Karnataka,2023-11-12,Regular
CUST02035,Customer 02035,Male,57,Mumbai,Maharashtra,2023-07-19,Regular
CUST02036,Customer 02036,Female,31,Pune,Maharashtra,2024-02-20,Loyal
CUST02037,Customer 02037,Male,38,Ahmedabad,Gujarat,2024-01-30,Loyal
CUST02038,Customer 02038,Female,44,Mumbai,Maharashtra,2022-05-08,New
CUST02039,Customer 02039,Female,63,Pune,Maharashtra,2025-01-04,New
CUST02040,Customer 02040,Female,43,Pune,Maharashtra,2025-07-16,Regular
CUST02041,Customer 02041,Female,44,Bengaluru,Karnataka,2022-05-26,Regular
CUST02042,Customer 02042,Female,41,Kolkata,West Bengal,2025-11-27,Regular
CUST02043,Customer 02043,Female,22,Bengaluru,Karnataka,2023-05-14,Regular
CUST02044,Customer 02044,Male,59,Pune,Maharashtra,2024-08-23,Regular
CUST02045,Customer 02045,Female,55,Chennai,Tamil Nadu,2023-07-14,Regular
CUST02046,Customer 02046,Male,45,Mumbai,Maharashtra,2025-05-07,VIP
CUST02047,Customer 02047,Male,59,Bengaluru,Karnataka,2024-07-12,Regular
CUST02048,Customer 02048,Male,60,Kolkata,West Bengal,2026-03-07,Regular
CUST02049,Customer 02049,Male,49,Delhi,Delhi,2023-02-07,Regular
CUST02050,Customer 02050,Male,41,Coimbatore,Tamil Nadu,2024-09-02,Regular
CUST02051,Customer 02051,Male,23,Pune,Maharashtra,2025-05-17,Regular
CUST02052,Customer 02052,Male,27,Ahmedabad,Gujarat,2022-12-08,Regular
CUST02053,Customer 02053,Female,63,Delhi,Delhi,2024-12-07,New
CUST02054,Customer 02054,Male,20,Hyderabad,Telangana,2023-06-25,Regular
CUST02055,Customer 02055,Female,24,Madurai,Tamil Nadu,2025-04-14,Regular
CUST02056,Customer 02056,Male,46,Kolkata,West Bengal,2023-05-26,New
CUST02057,Customer 02057,Female,51,Ahmedabad,Gujarat,2022-01-19,Regular
CUST02058,Customer 02058,Female,24,Madurai,Tamil Nadu,2023-05-10,Regular
CUST02059,Customer 02059,Female,34,Kolkata,West Bengal,2022-12-21,New
CUST02060,Customer 02060,Female,30,Chennai,Tamil Nadu,2023-07-13,New
CUST02061,Customer 02061,Male,38,Coimbatore,Tamil Nadu,2022-12-11,Regular
CUST02062,Customer 02062,Other,48,Delhi,Delhi,2024-12-19,Loyal
CUST02063,Customer 02063,Female,26,Mumbai,Maharashtra,2023-11-19,VIP
CUST02064,Customer 02064,Female,62,Kolkata,West Bengal,2022-08-17,New
CUST02065,Customer 02065,Female,64,Mumbai,Maharashtra,2022-05-27,New
CUST02066,Customer 02066,Male,30,Coimbatore,Tamil Nadu,2025-08-14,New
CUST02067,Customer 02067,Female,34,Pune,Maharashtra,2025-09-18,Regular
CUST02068,Customer 02068,Male,25,Hyderabad,Telangana,2022-11-28,Regular
CUST02069,Customer 02069,Female,26,Delhi,Delhi,2023-03-09,Regular
CUST02070,Customer 02070,Male,26,Coimbatore,Tamil Nadu,2023-02-03,Loyal
CUST02071,Customer 02071,Female,57,Coimbatore,Tamil Nadu,2024-04-15,Regular
CUST02072,Customer 02072,Male,65,Chennai,Tamil Nadu,2025-09-20,VIP
CUST02073,Customer 02073,Male,47,Madurai,Tamil Nadu,2025-05-17,New
CUST02074,Customer 02074,Female,24,Hyderabad,Telangana,2025-12-05,New
CUST02075,Customer 02075,Female,34,Delhi,Delhi,2023-08-10,Regular
CUST02076,Customer 02076,Female,56,Pune,Maharashtra,2023-08-22,New
CUST02077,Customer 02077,Male,55,Pune,Maharashtra,2025-07-18,VIP
CUST02078,Customer 02078,Male,22,Bengaluru,Karnataka,2025-04-18,Regular
CUST02079,Customer 02079,Female,34,Coimbatore,Tamil Nadu,2025-12-09,Regular
CUST02080,Customer 02080,Other,57,Kolkata,West Bengal,2024-01-27,Regular
CUST02081,Customer 02081,Female,18,Chennai,Tamil Nadu,2022-12-12,New
CUST02082,Customer 02082,Male,33,Hyderabad,Telangana,2026-03-23,New
CUST02083,Customer 02083,Female,34,Pune,Maharashtra,2026-01-01,Regular
CUST02084,Customer 02084,Male,47,Delhi,Delhi,2024-11-02,Regular
CUST02085,Customer 02085,Female,48,Bengaluru,Karnataka,2025-11-28,VIP
CUST02086,Customer 02086,Male,52,Delhi,Delhi,2024-01-08,Regular
CUST02087,Customer 02087,Male,62,Chennai,Tamil Nadu,2023-01-15,Regular
CUST02088,Customer 02088,Female,25,Kolkata,West Bengal,2023-02-25,New
CUST02089,Customer 02089,Female,65,Bengaluru,Karnataka,2025-04-18,Loyal
CUST02090,Customer 02090,Male,47,Bengaluru,Karnataka,2024-10-07,New
CUST02091,Customer 02091,Male,56,Madurai,Tamil Nadu,2025-07-30,Loyal
CUST02092,Customer 02092,Male,38,Hyderabad,Telangana,2023-02-22,Regular
CUST02093,Customer 02093,Female,32,Bengaluru,Karnataka,2022-12-22,New
CUST02094,Customer 02094,Male,51,Madurai,Tamil Nadu,2022-01-16,Regular
CUST02095,Customer 02095,Male,44,Madurai,Tamil Nadu,2022-11-11,VIP
CUST02096,Customer 02096,Female,19,Chennai,Tamil Nadu,2023-06-17,Regular
CUST02097,Customer 02097,Female,27,Mumbai,Maharashtra,2024-11-05,Regular
CUST02098,Customer 02098,Female,22,Delhi,Delhi,2026-01-28,New
CUST02099,Customer 02099,Female,44,Kolkata,West Bengal,2026-01-26,Regular
CUST02100,Customer 02100,Female,21,Ahmedabad,Gujarat,2023-06-29,New
CUST02101,Customer 02101,Female,64,Delhi,Delhi,2023-11-25,Loyal
CUST02102,Customer 02102,Female,30,Bengaluru,Karnataka,2022-03-10,Loyal
CUST02103,Customer 02103,Female,34,Kolkata,West Bengal,2023-02-15,VIP
CUST02104,Customer 02104,Male,38,Pune,Maharashtra,2024-12-11,New
CUST02105,Customer 02105,Other,40,Mumbai,Maharashtra,2024-12-24,Regular
CUST02106,Customer 02106,Male,50,Pune,Maharashtra,2024-03-22,New
CUST02107,Customer 02107,Male,32,Pune,Maharashtra,2024-07-07,Regular
CUST02108,Customer 02108,Male,31,Hyderabad,Telangana,2024-04-26,Loyal
CUST02109,Customer 02109,Male,26,Delhi,Delhi,2024-01-10,Regular
CUST02110,Customer 02110,Other,61,Ahmedabad,Gujarat,2026-01-30,Loyal
CUST02111,Customer 02111,Female,54,Chennai,Tamil Nadu,2025-07-19,Loyal
CUST02112,Customer 02112,Female,47,Ahmedabad,Gujarat,2023-03-15,Regular
CUST02113,Customer 02113,Female,46,Pune,Maharashtra,2023-06-14,Regular
CUST02114,Customer 02114,Female,40,Bengaluru,Karnataka,2023-12-31,New
CUST02115,Customer 02115,Male,51,Mumbai,Maharashtra,2022-09-30,Regular
CUST02116,Customer 02116,Female,24,Coimbatore,Tamil Nadu,2023-04-04,New
CUST02117,Customer 02117,Female,26,Ahmedabad,Gujarat,2024-03-30,VIP
CUST02118,Customer 02118,Male,21,Pune,Maharashtra,2025-04-11,Regular
CUST02119,Customer 02119,Female,19,Mumbai,Maharashtra,2023-07-22,Regular
CUST02120,Customer 02120,Male,44,Kolkata,West Bengal,2024-05-10,Loyal
CUST02121,Customer 02121,Male,50,Delhi,Delhi,2026-03-25,Loyal
CUST02122,Customer 02122,Male,49,Madurai,Tamil Nadu,2023-05-12,Loyal
CUST02123,Customer 02123,Male,61,Hyderabad,Telangana,2024-03-05,Regular
CUST02124,Customer 02124,Female,62,Mumbai,Maharashtra,2024-03-15,Regular
CUST02125,Customer 02125,Female,63,Bengaluru,Karnataka,2026-04-07,Regular
CUST02126,Customer 02126,Male,54,Bengaluru,Karnataka,2024-12-31,Regular
CUST02127,Customer 02127,Female,44,Mumbai,Maharashtra,2024-07-22,New
CUST02128,Customer 02128,Female,45,Bengaluru,Karnataka,2024-09-18,Regular
CUST02129,Customer 02129,Male,20,Delhi,Delhi,2024-04-19,VIP
CUST02130,Customer 02130,Male,53,Bengaluru,Karnataka,2025-04-10,Regular
CUST02131,Customer 02131,Other,60,Ahmedabad,Gujarat,2023-09-27,Regular
CUST02132,Customer 02132,Female,25,Madurai,Tamil Nadu,2023-08-26,New
CUST02133,Customer 02133,Other,61,Bengaluru,Karnataka,2024-01-06,New
CUST02134,Customer 02134,Male,58,Madurai,Tamil Nadu,2025-08-08,New
CUST02135,Customer 02135,Female,54,Pune,Maharashtra,2025-06-29,Regular
CUST02136,Customer 02136,Male,62,Chennai,Tamil Nadu,2025-12-03,Loyal
CUST02137,Customer 02137,Male,55,Delhi,Delhi,2024-09-17,Regular
CUST02138,Customer 02138,Female,39,Chennai,Tamil Nadu,2023-01-02,Regular
CUST02139,Customer 02139,Male,31,Pune,Maharashtra,2022-09-13,Regular
CUST02140,Customer 02140,Male,32,Delhi,Delhi,2026-03-29,Regular
CUST02141,Customer 02141,Male,63,Mumbai,Maharashtra,2023-03-16,Loyal
CUST02142,Customer 02142,Male,21,Mumbai,Maharashtra,2025-09-20,Regular
CUST02143,Customer 02143,Female,35,Madurai,Tamil Nadu,2023-03-11,Regular
CUST02144,Customer 02144,Female,18,Pune,Maharashtra,2023-11-21,Regular
CUST02145,Customer 02145,Male,29,Madurai,Tamil Nadu,2026-01-24,Loyal
CUST02146,Customer 02146,Male,58,Hyderabad,Telangana,2022-11-04,Regular
CUST02147,Customer 02147,Male,59,Bengaluru,Karnataka,2025-01-23,New
CUST02148,Customer 02148,Female,34,Coimbatore,Tamil Nadu,2023-02-13,New
CUST02149,Customer 02149,Male,36,Hyderabad,Telangana,2024-04-05,VIP
CUST02150,Customer 02150,Female,53,Bengaluru,Karnataka,2025-04-06,Loyal
CUST02151,Customer 02151,Male,65,Delhi,Delhi,2022-03-28,New
CUST02152,Customer 02152,Male,24,Madurai,Tamil Nadu,2022-01-03,Loyal
CUST02153,Customer 02153,Female,26,Delhi,Delhi,2023-01-07,Regular
CUST02154,Customer 02154,Female,25,Delhi,Delhi,2026-04-01,Regular
CUST02155,Customer 02155,Male,42,Bengaluru,Karnataka,2023-10-04,New
CUST02156,Customer 02156,Female,24,Pune,Maharashtra,2024-11-12,Loyal
CUST02157,Customer 02157,Female,59,Bengaluru,Karnataka,2022-04-08,New
CUST02158,Customer 02158,Female,25,Kolkata,West Bengal,2023-11-01,Loyal
CUST02159,Customer 02159,Female,41,Mumbai,Maharashtra,2026-03-26,New
CUST02160,Customer 02160,Female,34,Mumbai,Maharashtra,2022-11-17,Loyal
CUST02161,Customer 02161,Other,29,Hyderabad,Telangana,2023-06-18,New
CUST02162,Customer 02162,Male,63,Mumbai,Maharashtra,2024-03-30,New
CUST02163,Customer 02163,Female,48,Bengaluru,Karnataka,2023-01-02,Regular
CUST02164,Customer 02164,Male,29,Ahmedabad,Gujarat,2025-04-22,New
CUST02165,Customer 02165,Male,19,Madurai,Tamil Nadu,2023-02-21,Regular
CUST02166,Customer 02166,Male,29,Bengaluru,Karnataka,2023-12-30,Regular
CUST02167,Customer 02167,Male,44,Bengaluru,Karnataka,2025-05-22,VIP
CUST02168,Customer 02168,Female,63,Coimbatore,Tamil Nadu,2024-04-27,Regular
CUST02169,Customer 02169,Female,24,Madurai,Tamil Nadu,2023-11-01,Regular
CUST02170,Customer 02170,Female,30,Kolkata,West Bengal,2025-05-18,New
CUST02171,Customer 02171,Male,53,Mumbai,Maharashtra,2022-05-13,Regular
CUST02172,Customer 02172,Male,18,Madurai,Tamil Nadu,2022-02-22,New
CUST02173,Customer 02173,Female,52,Mumbai,Maharashtra,2024-01-11,Loyal
CUST02174,Customer 02174,Male,47,Hyderabad,Telangana,2023-11-26,Regular
CUST02175,Customer 02175,Female,48,Madurai,Tamil Nadu,2022-01-23,Loyal
CUST02176,Customer 02176,Female,34,Mumbai,Maharashtra,2025-02-03,Regular
CUST02177,Customer 02177,Female,25,Kolkata,West Bengal,2023-04-05,VIP
CUST02178,Customer 02178,Female,20,Chennai,Tamil Nadu,2023-10-12,New
CUST02179,Customer 02179,Female,27,Delhi,Delhi,2023-04-27,New
CUST02180,Customer 02180,Male,51,Delhi,Delhi,2022-04-30,Regular
CUST02181,Customer 02181,Female,39,Kolkata,West Bengal,2023-11-04,VIP
CUST02182,Customer 02182,Male,21,Coimbatore,Tamil Nadu,2022-07-27,Regular
CUST02183,Customer 02183,Male,49,Chennai,Tamil Nadu,2022-11-14,New
CUST02184,Customer 02184,Male,46,Hyderabad,Telangana,2022-12-04,Regular
CUST02185,Customer 02185,Female,63,Kolkata,West Bengal,2022-06-04,Loyal
CUST02186,Customer 02186,Male,28,Delhi,Delhi,2024-05-17,New
CUST02187,Customer 02187,Male,63,Delhi,Delhi,2025-03-24,New
CUST02188,Customer 02188,Male,30,Delhi,Delhi,2023-01-29,Loyal
CUST02189,Customer 02189,Female,21,Pune,Maharashtra,2023-05-20,Loyal
CUST02190,Customer 02190,Female,19,Kolkata,West Bengal,2024-08-28,Loyal
CUST02191,Customer 02191,Female,51,Bengaluru,Karnataka,2022-11-09,VIP
CUST02192,Customer 02192,Female,60,Hyderabad,Telangana,2025-07-06,New
CUST02193,Customer 02193,Male,39,Delhi,Delhi,2025-03-26,Regular
CUST02194,Customer 02194,Male,22,Mumbai,Maharashtra,2022-01-14,Regular
CUST02195,Customer 02195,Female,26,Kolkata,West Bengal,2022-03-18,Loyal
CUST02196,Customer 02196,Male,37,Pune,Maharashtra,2025-09-24,Loyal
CUST02197,Customer 02197,Male,38,Kolkata,West Bengal,2023-02-13,Loyal
CUST02198,Customer 02198,Male,34,Hyderabad,Telangana,2023-01-29,Regular
CUST02199,Customer 02199,Female,29,Pune,Maharashtra,2022-08-08,New
CUST02200,Customer 02200,Male,45,Hyderabad,Telangana,2024-01-14,Regular
CUST02201,Customer 02201,Female,35,Kolkata,West Bengal,2023-03-09,Regular
CUST02202,Customer 02202,Male,20,Bengaluru,Karnataka,2024-03-16,New
CUST02203,Customer 02203,Female,22,Hyderabad,Telangana,2026-01-18,Loyal
CUST02204,Customer 02204,Male,31,Pune,Maharashtra,2025-03-09,New
CUST02205,Customer 02205,Male,65,Pune,Maharashtra,2024-09-14,New
CUST02206,Customer 02206,Male,43,Hyderabad,Telangana,2026-03-02,Regular
CUST02207,Customer 02207,Female,36,Ahmedabad,Gujarat,2023-10-16,Loyal
CUST02208,Customer 02208,Male,58,Kolkata,West Bengal,2024-03-27,Regular
CUST02209,Customer 02209,Female,34,Ahmedabad,Gujarat,2026-04-03,Loyal
CUST02210,Customer 02210,Female,56,Coimbatore,Tamil Nadu,2024-01-25,Regular
CUST02211,Customer 02211,Female,59,Kolkata,West Bengal,2023-11-07,New
CUST02212,Customer 02212,Male,21,Hyderabad,Telangana,2024-04-11,New
CUST02213,Customer 02213,Male,59,Chennai,Tamil Nadu,2025-01-24,Loyal
CUST02214,Customer 02214,Male,52,Hyderabad,Telangana,2022-01-28,Regular
CUST02215,Customer 02215,Female,41,Ahmedabad,Gujarat,2024-09-14,Loyal
CUST02216,Customer 02216,Female,58,Bengaluru,Karnataka,2025-06-07,Regular
CUST02217,Customer 02217,Female,30,Hyderabad,Telangana,2023-02-20,Regular
CUST02218,Customer 02218,Female,50,Hyderabad,Telangana,2026-01-19,Regular
CUST02219,Customer 02219,Male,32,Bengaluru,Karnataka,2022-01-25,New
CUST02220,Customer 02220,Male,32,Hyderabad,Telangana,2025-11-28,Regular
CUST02221,Customer 02221,Female,48,Delhi,Delhi,2023-11-04,Regular
CUST02222,Customer 02222,Male,60,Chennai,Tamil Nadu,2023-06-26,Loyal
CUST02223,Customer 02223,Male,45,Mumbai,Maharashtra,2022-06-14,New
CUST02224,Customer 02224,Female,27,Chennai,Tamil Nadu,2022-07-27,Regular
CUST02225,Customer 02225,Male,24,Hyderabad,Telangana,2024-08-06,New
CUST02226,Customer 02226,Female,50,Delhi,Delhi,2024-09-11,Regular
CUST02227,Customer 02227,Female,24,Kolkata,West Bengal,2023-09-06,Regular
CUST02228,Customer 02228,Female,22,Hyderabad,Telangana,2023-01-08,VIP
CUST02229,Customer 02229,Male,43,Ahmedabad,Gujarat,2023-09-10,Regular
CUST02230,Customer 02230,Male,33,Delhi,Delhi,2022-03-10,Loyal
CUST02231,Customer 02231,Female,25,Bengaluru,Karnataka,2026-03-24,Regular
CUST02232,Customer 02232,Male,39,Delhi,Delhi,2025-10-08,New
CUST02233,Customer 02233,Male,51,Bengaluru,Karnataka,2022-04-11,Regular
CUST02234,Customer 02234,Male,57,Coimbatore,Tamil Nadu,2022-01-01,Regular
CUST02235,Customer 02235,Male,45,Mumbai,Maharashtra,2022-12-17,Regular
CUST02236,Customer 02236,Male,63,Madurai,Tamil Nadu,2022-01-07,Regular
CUST02237,Customer 02237,Female,53,Delhi,Delhi,2022-11-14,Loyal
CUST02238,Customer 02238,Male,64,Pune,Maharashtra,2023-09-15,VIP
CUST02239,Customer 02239,Male,24,Ahmedabad,Gujarat,2023-05-24,Regular
CUST02240,Customer 02240,Female,57,Hyderabad,Telangana,2022-07-05,Loyal
CUST02241,Customer 02241,Other,60,Ahmedabad,Gujarat,2023-12-29,Regular
CUST02242,Customer 02242,Male,45,Chennai,Tamil Nadu,2023-04-07,New
CUST02243,Customer 02243,Male,19,Madurai,Tamil Nadu,2022-12-09,Loyal
CUST02244,Customer 02244,Female,26,Chennai,Tamil Nadu,2023-09-27,New
CUST02245,Customer 02245,Female,23,Coimbatore,Tamil Nadu,2023-12-14,Loyal
CUST02246,Customer 02246,Female,18,Madurai,Tamil Nadu,2024-10-28,Regular
CUST02247,Customer 02247,Female,20,Madurai,Tamil Nadu,2023-07-30,Regular
CUST02248,Customer 02248,Male,27,Chennai,Tamil Nadu,2022-05-16,Regular
CUST02249,Customer 02249,Female,54,Bengaluru,Karnataka,2023-01-18,Loyal
CUST02250,Customer 02250,Male,61,Chennai,Tamil Nadu,2022-07-05,New
CUST02251,Customer 02251,Female,40,Ahmedabad,Gujarat,2023-10-01,New
CUST02252,Customer 02252,Female,50,Bengaluru,Karnataka,2024-07-16,Regular
CUST02253,Customer 02253,Other,26,Ahmedabad,Gujarat,2025-10-27,New
CUST02254,Customer 02254,Male,30,Coimbatore,Tamil Nadu,2024-08-21,Regular
CUST02255,Customer 02255,Male,45,Hyderabad,Telangana,2023-07-15,Loyal
CUST02256,Customer 02256,Female,24,Kolkata,West Bengal,2025-04-04,Loyal
CUST02257,Customer 02257,Female,43,Bengaluru,Karnataka,2024-06-16,Loyal
CUST02258,Customer 02258,Female,33,Coimbatore,Tamil Nadu,2023-10-01,Loyal
CUST02259,Customer 02259,Male,57,Pune,Maharashtra,2022-11-17,Loyal
CUST02260,Customer 02260,Male,43,Coimbatore,Tamil Nadu,2025-03-26,VIP
CUST02261,Customer 02261,Female,56,Chennai,Tamil Nadu,2024-05-07,New
CUST02262,Customer 02262,Male,49,Chennai,Tamil Nadu,2024-09-24,Regular
CUST02263,Customer 02263,Female,53,Kolkata,West Bengal,2022-10-12,VIP
CUST02264,Customer 02264,Male,59,Coimbatore,Tamil Nadu,2024-11-17,Regular
CUST02265,Customer 02265,Female,18,Mumbai,Maharashtra,2022-12-17,Loyal
CUST02266,Customer 02266,Female,38,Hyderabad,Telangana,2022-03-24,New
CUST02267,Customer 02267,Female,30,Chennai,Tamil Nadu,2023-10-28,Loyal
CUST02268,Customer 02268,Male,43,Kolkata,West Bengal,2025-10-25,Regular
CUST02269,Customer 02269,Female,62,Hyderabad,Telangana,2023-06-25,New
CUST02270,Customer 02270,Male,26,Coimbatore,Tamil Nadu,2025-11-19,New
CUST02271,Customer 02271,Female,54,Coimbatore,Tamil Nadu,2023-04-25,Regular
CUST02272,Customer 02272,Male,40,Madurai,Tamil Nadu,2022-08-01,Loyal
CUST02273,Customer 02273,Male,18,Kolkata,West Bengal,2024-07-18,Regular
CUST02274,Customer 02274,Male,19,Chennai,Tamil Nadu,2022-12-26,Loyal
CUST02275,Customer 02275,Male,60,Mumbai,Maharashtra,2022-08-02,Regular
CUST02276,Customer 02276,Other,45,Coimbatore,Tamil Nadu,2022-10-31,VIP
CUST02277,Customer 02277,Male,53,Mumbai,Maharashtra,2025-03-24,Regular
CUST02278,Customer 02278,Female,48,Coimbatore,Tamil Nadu,2025-11-04,New
CUST02279,Customer 02279,Other,58,Chennai,Tamil Nadu,2022-07-19,New
CUST02280,Customer 02280,Male,22,Hyderabad,Telangana,2022-08-26,VIP
CUST02281,Customer 02281,Female,54,Delhi,Delhi,2023-11-02,Regular
CUST02282,Customer 02282,Male,42,Hyderabad,Telangana,2025-04-05,New
CUST02283,Customer 02283,Male,25,Coimbatore,Tamil Nadu,2025-06-03,New
CUST02284,Customer 02284,Male,51,Ahmedabad,Gujarat,2024-05-28,Regular
CUST02285,Customer 02285,Female,56,Delhi,Delhi,2022-09-08,Loyal
CUST02286,Customer 02286,Male,49,Delhi,Delhi,2025-07-27,Regular
CUST02287,Customer 02287,Female,28,Mumbai,Maharashtra,2023-04-21,Regular
CUST02288,Customer 02288,Female,64,Kolkata,West Bengal,2023-05-13,Loyal
CUST02289,Customer 02289,Female,42,Mumbai,Maharashtra,2024-09-04,Regular
CUST02290,Customer 02290,Male,20,Mumbai,Maharashtra,2026-04-08,Loyal
CUST02291,Customer 02291,Female,62,Ahmedabad,Gujarat,2024-09-23,Regular
CUST02292,Customer 02292,Female,49,Hyderabad,Telangana,2023-12-02,VIP
CUST02293,Customer 02293,Female,52,Hyderabad,Telangana,2025-12-05,New
CUST02294,Customer 02294,Female,49,Pune,Maharashtra,2024-02-23,Loyal
CUST02295,Customer 02295,Female,51,Coimbatore,Tamil Nadu,2023-03-05,Regular
CUST02296,Customer 02296,Male,54,Ahmedabad,Gujarat,2023-06-23,New
CUST02297,Customer 02297,Male,22,Pune,Maharashtra,2024-06-19,Regular
CUST02298,Customer 02298,Male,62,Chennai,Tamil Nadu,2026-01-06,Regular
CUST02299,Customer 02299,Male,45,Coimbatore,Tamil Nadu,2024-08-25,New
CUST02300,Customer 02300,Male,45,Coimbatore,Tamil Nadu,2022-07-29,Regular
CUST02301,Customer 02301,Male,25,Madurai,Tamil Nadu,2026-04-20,VIP
CUST02302,Customer 02302,Male,44,Madurai,Tamil Nadu,2023-05-06,Regular
CUST02303,Customer 02303,Other,33,Bengaluru,Karnataka,2023-04-16,Regular
CUST02304,Customer 02304,Male,35,Bengaluru,Karnataka,2023-07-22,New
CUST02305,Customer 02305,Female,42,Mumbai,Maharashtra,2023-10-26,New
CUST02306,Customer 02306,Female,65,Chennai,Tamil Nadu,2026-01-26,Regular
CUST02307,Customer 02307,Female,18,Delhi,Delhi,2023-07-04,VIP
CUST02308,Customer 02308,Female,25,Delhi,Delhi,2026-02-09,Loyal
CUST02309,Customer 02309,Male,38,Madurai,Tamil Nadu,2022-07-17,Regular
CUST02310,Customer 02310,Male,51,Madurai,Tamil Nadu,2023-06-05,Regular
CUST02311,Customer 02311,Male,41,Madurai,Tamil Nadu,2026-03-03,Regular
CUST02312,Customer 02312,Male,54,Ahmedabad,Gujarat,2026-03-15,Regular
CUST02313,Customer 02313,Female,43,Kolkata,West Bengal,2025-09-10,Regular
CUST02314,Customer 02314,Female,64,Bengaluru,Karnataka,2023-11-19,Loyal
CUST02315,Customer 02315,Male,31,Ahmedabad,Gujarat,2023-04-12,New
CUST02316,Customer 02316,Male,46,Hyderabad,Telangana,2023-08-19,VIP
CUST02317,Customer 02317,Male,47,Delhi,Delhi,2022-05-19,New
CUST02318,Customer 02318,Male,20,Coimbatore,Tamil Nadu,2024-10-11,Regular
CUST02319,Customer 02319,Female,24,Bengaluru,Karnataka,2022-08-30,Loyal
CUST02320,Customer 02320,Male,53,Pune,Maharashtra,2022-11-12,Regular
CUST02321,Customer 02321,Female,28,Hyderabad,Telangana,2023-10-29,New
CUST02322,Customer 02322,Male,49,Bengaluru,Karnataka,2024-01-03,New
CUST02323,Customer 02323,Male,29,Ahmedabad,Gujarat,2022-05-15,Regular
CUST02324,Customer 02324,Female,32,Chennai,Tamil Nadu,2025-04-26,New
CUST02325,Customer 02325,Female,55,Coimbatore,Tamil Nadu,2023-08-02,Regular
CUST02326,Customer 02326,Other,41,Bengaluru,Karnataka,2024-12-28,Regular
CUST02327,Customer 02327,Female,18,Kolkata,West Bengal,2023-03-15,Loyal
CUST02328,Customer 02328,Male,35,Madurai,Tamil Nadu,2022-03-18,New
CUST02329,Customer 02329,Male,63,Madurai,Tamil Nadu,2023-02-04,Regular
CUST02330,Customer 02330,Female,24,Coimbatore,Tamil Nadu,2023-01-09,Regular
CUST02331,Customer 02331,Female,59,Ahmedabad,Gujarat,2024-11-01,Regular
CUST02332,Customer 02332,Female,58,Madurai,Tamil Nadu,2026-02-19,New
CUST02333,Customer 02333,Male,19,Bengaluru,Karnataka,2024-01-28,Regular
CUST02334,Customer 02334,Other,57,Pune,Maharashtra,2024-01-19,Regular
CUST02335,Customer 02335,Male,48,Delhi,Delhi,2024-02-03,New
CUST02336,Customer 02336,Female,50,Delhi,Delhi,2023-02-21,Loyal
CUST02337,Customer 02337,Female,47,Hyderabad,Telangana,2022-07-26,Loyal
CUST02338,Customer 02338,Male,48,Mumbai,Maharashtra,2022-12-07,New
CUST02339,Customer 02339,Female,51,Chennai,Tamil Nadu,2023-12-22,Regular
CUST02340,Customer 02340,Male,24,Coimbatore,Tamil Nadu,2022-11-07,Regular
CUST02341,Customer 02341,Other,42,Hyderabad,Telangana,2025-08-24,New
CUST02342,Customer 02342,Male,33,Mumbai,Maharashtra,2025-08-09,Regular
CUST02343,Customer 02343,Female,39,Ahmedabad,Gujarat,2023-09-17,VIP
CUST02344,Customer 02344,Male,53,Kolkata,West Bengal,2025-10-31,Regular
CUST02345,Customer 02345,Female,44,Kolkata,West Bengal,2026-03-31,VIP
CUST02346,Customer 02346,Female,34,Chennai,Tamil Nadu,2025-09-25,Regular
CUST02347,Customer 02347,Male,21,Madurai,Tamil Nadu,2022-03-24,New
CUST02348,Customer 02348,Male,52,Bengaluru,Karnataka,2026-01-15,New
CUST02349,Customer 02349,Female,58,Hyderabad,Telangana,2024-10-23,Loyal
CUST02350,Customer 02350,Male,39,Hyderabad,Telangana,2026-01-19,Regular
CUST02351,Customer 02351,Female,64,Coimbatore,Tamil Nadu,2024-05-22,New
CUST02352,Customer 02352,Male,52,Coimbatore,Tamil Nadu,2022-08-24,Regular
CUST02353,Customer 02353,Female,61,Kolkata,West Bengal,2023-01-24,Loyal
CUST02354,Customer 02354,Male,32,Kolkata,West Bengal,2023-01-28,Loyal
CUST02355,Customer 02355,Male,57,Pune,Maharashtra,2024-01-17,New
CUST02356,Customer 02356,Male,61,Pune,Maharashtra,2022-01-30,Regular
CUST02357,Customer 02357,Male,38,Madurai,Tamil Nadu,2024-09-08,VIP
CUST02358,Customer 02358,Male,30,Pune,Maharashtra,2025-03-17,Loyal
CUST02359,Customer 02359,Female,64,Bengaluru,Karnataka,2023-08-28,Regular
CUST02360,Customer 02360,Female,28,Bengaluru,Karnataka,2022-10-10,Loyal
CUST02361,Customer 02361,Female,44,Hyderabad,Telangana,2022-08-26,New
CUST02362,Customer 02362,Female,48,Delhi,Delhi,2024-01-01,New
CUST02363,Customer 02363,Male,61,Bengaluru,Karnataka,2025-09-04,New
CUST02364,Customer 02364,Female,49,Mumbai,Maharashtra,2025-09-22,New
CUST02365,Customer 02365,Male,47,Kolkata,West Bengal,2022-01-31,Loyal
CUST02366,Customer 02366,Female,35,Coimbatore,Tamil Nadu,2024-09-04,Regular
CUST02367,Customer 02367,Male,33,Pune,Maharashtra,2024-07-03,Regular
CUST02368,Customer 02368,Male,52,Hyderabad,Telangana,2022-07-26,Loyal
CUST02369,Customer 02369,Male,26,Chennai,Tamil Nadu,2024-06-21,Loyal
CUST02370,Customer 02370,Female,56,Coimbatore,Tamil Nadu,2025-06-06,New
CUST02371,Customer 02371,Male,54,Mumbai,Maharashtra,2023-08-06,Regular
CUST02372,Customer 02372,Female,27,Pune,Maharashtra,2025-09-27,Loyal
CUST02373,Customer 02373,Male,29,Mumbai,Maharashtra,2023-04-05,Loyal
CUST02374,Customer 02374,Female,25,Kolkata,West Bengal,2022-05-16,Loyal
CUST02375,Customer 02375,Female,20,Kolkata,West Bengal,2024-09-04,New
CUST02376,Customer 02376,Male,36,Madurai,Tamil Nadu,2022-10-11,Regular
CUST02377,Customer 02377,Female,28,Hyderabad,Telangana,2024-04-29,Loyal
CUST02378,Customer 02378,Female,25,Coimbatore,Tamil Nadu,2022-12-17,Loyal
CUST02379,Customer 02379,Female,43,Ahmedabad,Gujarat,2022-01-17,Regular
CUST02380,Customer 02380,Female,62,Ahmedabad,Gujarat,2025-05-23,New
CUST02381,Customer 02381,Female,40,Coimbatore,Tamil Nadu,2025-11-19,Loyal
CUST02382,Customer 02382,Female,27,Chennai,Tamil Nadu,2025-11-23,Regular
CUST02383,Customer 02383,Male,35,Hyderabad,Telangana,2023-02-18,Regular
CUST02384,Customer 02384,Female,29,Mumbai,Maharashtra,2025-06-21,Regular
CUST02385,Customer 02385,Male,56,Chennai,Tamil Nadu,2025-01-23,Regular
CUST02386,Customer 02386,Male,43,Delhi,Delhi,2022-01-06,Regular
CUST02387,Customer 02387,Female,28,Coimbatore,Tamil Nadu,2024-02-19,Regular
CUST02388,Customer 02388,Male,27,Mumbai,Maharashtra,2022-03-28,New
CUST02389,Customer 02389,Male,20,Ahmedabad,Gujarat,2022-07-08,VIP
CUST02390,Customer 02390,Female,24,Bengaluru,Karnataka,2023-02-24,VIP
CUST02391,Customer 02391,Female,21,Madurai,Tamil Nadu,2024-12-26,VIP
CUST02392,Customer 02392,Female,57,Ahmedabad,Gujarat,2022-09-05,Loyal
CUST02393,Customer 02393,Female,25,Hyderabad,Telangana,2024-05-09,Regular
CUST02394,Customer 02394,Female,55,Kolkata,West Bengal,2022-07-26,New
CUST02395,Customer 02395,Male,30,Bengaluru,Karnataka,2025-05-13,New
CUST02396,Customer 02396,Male,29,Madurai,Tamil Nadu,2025-09-04,New
CUST02397,Customer 02397,Female,52,Madurai,Tamil Nadu,2025-01-11,Regular
CUST02398,Customer 02398,Male,55,Delhi,Delhi,2023-02-28,Regular
CUST02399,Customer 02399,Female,60,Delhi,Delhi,2025-01-10,VIP
CUST02400,Customer 02400,Female,53,Pune,Maharashtra,2023-07-03,Regular
CUST02401,Customer 02401,Male,64,Ahmedabad,Gujarat,2023-05-02,Regular
CUST02402,Customer 02402,Female,19,Ahmedabad,Gujarat,2022-05-13,Regular
CUST02403,Customer 02403,Female,32,Ahmedabad,Gujarat,2022-04-25,New
CUST02404,Customer 02404,Male,51,Pune,Maharashtra,2023-01-12,VIP
CUST02405,Customer 02405,Other,56,Chennai,Tamil Nadu,2024-09-03,Regular
CUST02406,Customer 02406,Female,43,Madurai,Tamil Nadu,2022-07-30,Regular
CUST02407,Customer 02407,Male,65,Bengaluru,Karnataka,2022-05-12,VIP
CUST02408,Customer 02408,Female,22,Hyderabad,Telangana,2025-10-29,Regular
CUST02409,Customer 02409,Female,65,Madurai,Tamil Nadu,2022-06-03,Regular
CUST02410,Customer 02410,Female,42,Delhi,Delhi,2024-07-08,Regular
CUST02411,Customer 02411,Female,51,Mumbai,Maharashtra,2025-12-17,Loyal
CUST02412,Customer 02412,Female,64,Kolkata,West Bengal,2024-08-09,New
CUST02413,Customer 02413,Male,21,Pune,Maharashtra,2024-03-16,Loyal
CUST02414,Customer 02414,Female,51,Coimbatore,Tamil Nadu,2025-10-21,VIP
CUST02415,Customer 02415,Female,44,Mumbai,Maharashtra,2022-05-27,Regular
CUST02416,Customer 02416,Male,59,Hyderabad,Telangana,2025-02-24,Regular
CUST02417,Customer 02417,Male,46,Ahmedabad,Gujarat,2025-08-24,Loyal
CUST02418,Customer 02418,Other,22,Delhi,Delhi,2023-12-16,Regular
CUST02419,Customer 02419,Female,35,Delhi,Delhi,2025-02-15,VIP
CUST02420,Customer 02420,Female,21,Delhi,Delhi,2026-05-16,Regular
CUST02421,Customer 02421,Female,18,Ahmedabad,Gujarat,2022-08-19,Regular
CUST02422,Customer 02422,Female,37,Coimbatore,Tamil Nadu,2023-03-27,Regular
CUST02423,Customer 02423,Female,23,Pune,Maharashtra,2026-03-04,Regular
CUST02424,Customer 02424,Female,37,Mumbai,Maharashtra,2025-03-14,New
CUST02425,Customer 02425,Male,37,Ahmedabad,Gujarat,2024-06-25,Loyal
CUST02426,Customer 02426,Female,63,Hyderabad,Telangana,2024-12-08,Regular
CUST02427,Customer 02427,Female,44,Pune,Maharashtra,2022-04-17,Loyal
CUST02428,Customer 02428,Female,43,Hyderabad,Telangana,2022-04-03,New
CUST02429,Customer 02429,Female,49,Pune,Maharashtra,2024-04-08,Regular
CUST02430,Customer 02430,Female,27,Coimbatore,Tamil Nadu,2022-05-20,Loyal
CUST02431,Customer 02431,Male,35,Kolkata,West Bengal,2025-08-30,VIP
CUST02432,Customer 02432,Male,58,Hyderabad,Telangana,2022-01-11,Loyal
CUST02433,Customer 02433,Male,29,Ahmedabad,Gujarat,2023-03-24,Loyal
CUST02434,Customer 02434,Male,27,Pune,Maharashtra,2024-07-15,New
CUST02435,Customer 02435,Other,41,Delhi,Delhi,2023-01-30,Loyal
CUST02436,Customer 02436,Male,41,Madurai,Tamil Nadu,2026-03-09,New
CUST02437,Customer 02437,Male,55,Delhi,Delhi,2023-01-13,New
CUST02438,Customer 02438,Female,63,Chennai,Tamil Nadu,2022-12-27,New
CUST02439,Customer 02439,Female,42,Kolkata,West Bengal,2023-11-14,Loyal
CUST02440,Customer 02440,Male,25,Kolkata,West Bengal,2024-10-13,New
CUST02441,Customer 02441,Female,31,Delhi,Delhi,2026-04-21,New
CUST02442,Customer 02442,Female,60,Mumbai,Maharashtra,2023-10-04,New
CUST02443,Customer 02443,Male,48,Coimbatore,Tamil Nadu,2023-07-27,Regular
CUST02444,Customer 02444,Male,41,Hyderabad,Telangana,2024-09-23,Loyal
CUST02445,Customer 02445,Female,33,Ahmedabad,Gujarat,2026-05-04,Regular
CUST02446,Customer 02446,Female,37,Kolkata,West Bengal,2024-07-11,Regular
CUST02447,Customer 02447,Female,55,Delhi,Delhi,2023-01-31,New
CUST02448,Customer 02448,Male,64,Delhi,Delhi,2022-07-05,Regular
CUST02449,Customer 02449,Male,32,Coimbatore,Tamil Nadu,2025-05-29,New
CUST02450,Customer 02450,Female,31,Coimbatore,Tamil Nadu,2026-03-22,Regular
CUST02451,Customer 02451,Male,29,Bengaluru,Karnataka,2025-08-16,Regular
CUST02452,Customer 02452,Male,51,Bengaluru,Karnataka,2025-04-13,Regular
CUST02453,Customer 02453,Female,25,Mumbai,Maharashtra,2023-01-06,Loyal
CUST02454,Customer 02454,Male,36,Mumbai,Maharashtra,2026-03-13,VIP
CUST02455,Customer 02455,Female,63,Chennai,Tamil Nadu,2025-05-12,New
CUST02456,Customer 02456,Female,22,Mumbai,Maharashtra,2023-08-31,New
CUST02457,Customer 02457,Male,44,Pune,Maharashtra,2022-10-09,Loyal
CUST02458,Customer 02458,Female,58,Coimbatore,Tamil Nadu,2025-12-10,New
CUST02459,Customer 02459,Male,30,Ahmedabad,Gujarat,2024-11-22,Regular
CUST02460,Customer 02460,Female,49,Pune,Maharashtra,2022-03-23,Regular
CUST02461,Customer 02461,Male,48,Hyderabad,Telangana,2026-02-15,Loyal
CUST02462,Customer 02462,Male,58,Delhi,Delhi,2022-05-28,Regular
CUST02463,Customer 02463,Female,63,Mumbai,Maharashtra,2024-08-22,New
CUST02464,Customer 02464,Male,54,Delhi,Delhi,2024-09-18,New
CUST02465,Customer 02465,Female,19,Kolkata,West Bengal,2024-08-05,New
CUST02466,Customer 02466,Male,24,Chennai,Tamil Nadu,2023-05-10,Regular
CUST02467,Customer 02467,Male,65,Kolkata,West Bengal,2025-04-08,Regular
CUST02468,Customer 02468,Female,28,Chennai,Tamil Nadu,2023-12-24,Loyal
CUST02469,Customer 02469,Male,28,Bengaluru,Karnataka,2023-12-04,Regular
CUST02470,Customer 02470,Male,40,Delhi,Delhi,2024-10-27,Regular
CUST02471,Customer 02471,Female,48,Chennai,Tamil Nadu,2025-11-04,Regular
CUST02472,Customer 02472,Female,61,Madurai,Tamil Nadu,2024-04-05,New
CUST02473,Customer 02473,Female,62,Pune,Maharashtra,2023-03-10,VIP
CUST02474,Customer 02474,Other,25,Chennai,Tamil Nadu,2024-11-23,New
CUST02475,Customer 02475,Male,49,Chennai,Tamil Nadu,2023-07-17,Regular
CUST02476,Customer 02476,Female,65,Pune,Maharashtra,2022-05-18,New
CUST02477,Customer 02477,Male,38,Delhi,Delhi,2023-01-02,Regular
CUST02478,Customer 02478,Female,48,Delhi,Delhi,2022-04-16,VIP
CUST02479,Customer 02479,Male,18,Pune,Maharashtra,2024-03-04,New
CUST02480,Customer 02480,Other,30,Kolkata,West Bengal,2024-11-21,Regular
CUST02481,Customer 02481,Female,28,Madurai,Tamil Nadu,2023-09-28,New
CUST02482,Customer 02482,Female,46,Ahmedabad,Gujarat,2024-09-13,Loyal
CUST02483,Customer 02483,Female,21,Hyderabad,Telangana,2024-08-15,Regular
CUST02484,Customer 02484,Female,53,Madurai,Tamil Nadu,2026-03-28,Regular
CUST02485,Customer 02485,Female,32,Delhi,Delhi,2025-04-06,Regular
CUST02486,Customer 02486,Male,20,Ahmedabad,Gujarat,2024-05-04,Loyal
CUST02487,Customer 02487,Male,46,Bengaluru,Karnataka,2022-03-19,Regular
CUST02488,Customer 02488,Male,38,Mumbai,Maharashtra,2026-04-19,Regular
CUST02489,Customer 02489,Male,19,Chennai,Tamil Nadu,2022-07-28,Regular
CUST02490,Customer 02490,Female,23,Pune,Maharashtra,2025-12-05,Regular
CUST02491,Customer 02491,Female,48,Pune,Maharashtra,2022-01-08,New
CUST02492,Customer 02492,Female,41,Chennai,Tamil Nadu,2024-01-07,Regular
CUST02493,Customer 02493,Other,57,Mumbai,Maharashtra,2022-08-15,New
CUST02494,Customer 02494,Female,34,Hyderabad,Telangana,2022-06-24,Regular
CUST02495,Customer 02495,Male,22,Mumbai,Maharashtra,2022-03-22,Regular
CUST02496,Customer 02496,Male,19,Ahmedabad,Gujarat,2024-12-16,New
CUST02497,Customer 02497,Male,29,Mumbai,Maharashtra,2025-03-04,Regular
CUST02498,Customer 02498,Male,22,Ahmedabad,Gujarat,2022-08-26,Loyal
CUST02499,Customer 02499,Female,59,Mumbai,Maharashtra,2026-02-04,Regular
CUST02500,Customer 02500,Female,58,Hyderabad,Telangana,2025-05-25,New
CUST02501,Customer 02501,Female,37,Hyderabad,Telangana,2024-11-15,Loyal
CUST02502,Customer 02502,Female,25,Delhi,Delhi,2022-07-06,Regular
CUST02503,Customer 02503,Female,18,Chennai,Tamil Nadu,2023-09-22,New
CUST02504,Customer 02504,Male,23,Hyderabad,Telangana,2025-02-13,Regular
CUST02505,Customer 02505,Female,28,Ahmedabad,Gujarat,2024-10-10,Regular
CUST02506,Customer 02506,Male,20,Hyderabad,Telangana,2024-03-25,Regular
CUST02507,Customer 02507,Male,48,Delhi,Delhi,2023-09-06,Regular
CUST02508,Customer 02508,Male,45,Pune,Maharashtra,2024-06-10,Regular
CUST02509,Customer 02509,Female,64,Ahmedabad,Gujarat,2025-04-01,Loyal
CUST02510,Customer 02510,Male,60,Delhi,Delhi,2025-12-08,Regular
CUST02511,Customer 02511,Male,22,Kolkata,West Bengal,2022-06-27,Loyal
CUST02512,Customer 02512,Female,43,Kolkata,West Bengal,2024-09-11,VIP
CUST02513,Customer 02513,Female,33,Bengaluru,Karnataka,2022-10-07,Regular
CUST02514,Customer 02514,Male,48,Mumbai,Maharashtra,2024-03-08,Loyal
CUST02515,Customer 02515,Male,45,Chennai,Tamil Nadu,2025-05-20,New
CUST02516,Customer 02516,Female,24,Coimbatore,Tamil Nadu,2024-12-13,Regular
CUST02517,Customer 02517,Male,55,Madurai,Tamil Nadu,2022-03-08,VIP
CUST02518,Customer 02518,Female,26,Delhi,Delhi,2023-06-28,New
CUST02519,Customer 02519,Female,56,Pune,Maharashtra,2023-06-04,New
CUST02520,Customer 02520,Male,52,Madurai,Tamil Nadu,2023-05-14,Regular
CUST02521,Customer 02521,Male,60,Pune,Maharashtra,2024-08-03,Regular
CUST02522,Customer 02522,Male,44,Madurai,Tamil Nadu,2025-12-25,Regular
CUST02523,Customer 02523,Male,29,Delhi,Delhi,2023-12-28,New
CUST02524,Customer 02524,Male,42,Coimbatore,Tamil Nadu,2024-12-05,New
CUST02525,Customer 02525,Female,60,Madurai,Tamil Nadu,2024-11-24,Regular
CUST02526,Customer 02526,Male,46,Delhi,Delhi,2022-07-08,Regular
CUST02527,Customer 02527,Female,48,Hyderabad,Telangana,2025-01-17,Regular
CUST02528,Customer 02528,Female,51,Coimbatore,Tamil Nadu,2025-09-20,Regular
CUST02529,Customer 02529,Male,50,Ahmedabad,Gujarat,2024-08-04,Regular
CUST02530,Customer 02530,Male,44,Pune,Maharashtra,2022-05-16,New
CUST02531,Customer 02531,Male,19,Kolkata,West Bengal,2023-06-30,Loyal
CUST02532,Customer 02532,Male,31,Mumbai,Maharashtra,2024-03-03,New
CUST02533,Customer 02533,Female,30,Kolkata,West Bengal,2025-02-10,New
CUST02534,Customer 02534,Male,41,Coimbatore,Tamil Nadu,2025-04-10,Loyal
CUST02535,Customer 02535,Female,22,Ahmedabad,Gujarat,2025-09-24,Regular
CUST02536,Customer 02536,Male,51,Pune,Maharashtra,2023-07-09,Regular
CUST02537,Customer 02537,Male,40,Ahmedabad,Gujarat,2024-06-12,Regular
CUST02538,Customer 02538,Female,36,Madurai,Tamil Nadu,2024-08-03,Regular
CUST02539,Customer 02539,Female,47,Pune,Maharashtra,2023-06-09,Regular
CUST02540,Customer 02540,Male,60,Madurai,Tamil Nadu,2022-06-23,VIP
CUST02541,Customer 02541,Male,33,Delhi,Delhi,2023-09-29,Regular
CUST02542,Customer 02542,Female,57,Coimbatore,Tamil Nadu,2025-09-17,Regular
CUST02543,Customer 02543,Male,51,Delhi,Delhi,2022-07-26,Loyal
CUST02544,Customer 02544,Male,28,Bengaluru,Karnataka,2025-09-28,Regular
CUST02545,Customer 02545,Female,31,Ahmedabad,Gujarat,2024-08-06,Regular
CUST02546,Customer 02546,Female,65,Madurai,Tamil Nadu,2022-04-14,Regular
CUST02547,Customer 02547,Female,64,Hyderabad,Telangana,2024-11-29,Regular
CUST02548,Customer 02548,Female,32,Delhi,Delhi,2024-11-12,Loyal
CUST02549,Customer 02549,Female,52,Bengaluru,Karnataka,2025-06-29,New
CUST02550,Customer 02550,Female,24,Chennai,Tamil Nadu,2022-10-17,Loyal
CUST02551,Customer 02551,Female,46,Kolkata,West Bengal,2025-05-10,Regular
CUST02552,Customer 02552,Female,61,Pune,Maharashtra,2025-03-24,Loyal
CUST02553,Customer 02553,Female,39,Bengaluru,Karnataka,2023-07-21,New
CUST02554,Customer 02554,Male,40,Coimbatore,Tamil Nadu,2025-02-03,Loyal
CUST02555,Customer 02555,Male,41,Delhi,Delhi,2025-07-07,New
CUST02556,Customer 02556,Female,52,Coimbatore,Tamil Nadu,2024-08-21,Loyal
CUST02557,Customer 02557,Female,27,Kolkata,West Bengal,2025-05-08,Regular
CUST02558,Customer 02558,Male,25,Hyderabad,Telangana,2024-04-17,Regular
CUST02559,Customer 02559,Female,65,Ahmedabad,Gujarat,2025-05-25,Regular
CUST02560,Customer 02560,Male,65,Ahmedabad,Gujarat,2023-02-15,New
CUST02561,Customer 02561,Female,29,Coimbatore,Tamil Nadu,2026-05-02,Regular
CUST02562,Customer 02562,Female,46,Madurai,Tamil Nadu,2024-05-31,Regular
CUST02563,Customer 02563,Female,46,Hyderabad,Telangana,2025-02-14,Regular
CUST02564,Customer 02564,Male,40,Ahmedabad,Gujarat,2024-06-04,Loyal
CUST02565,Customer 02565,Female,43,Hyderabad,Telangana,2023-02-28,New
CUST02566,Customer 02566,Male,54,Bengaluru,Karnataka,2025-05-20,Regular
CUST02567,Customer 02567,Male,49,Hyderabad,Telangana,2022-06-04,Regular
CUST02568,Customer 02568,Male,55,Mumbai,Maharashtra,2025-07-10,Regular
CUST02569,Customer 02569,Female,23,Kolkata,West Bengal,2026-03-11,VIP
CUST02570,Customer 02570,Male,25,Ahmedabad,Gujarat,2022-05-31,Regular
CUST02571,Customer 02571,Male,34,Hyderabad,Telangana,2022-07-31,New
CUST02572,Customer 02572,Female,29,Coimbatore,Tamil Nadu,2025-04-30,New
CUST02573,Customer 02573,Female,39,Chennai,Tamil Nadu,2024-05-30,Regular
CUST02574,Customer 02574,Female,31,Mumbai,Maharashtra,2024-01-25,Regular
CUST02575,Customer 02575,Female,51,Mumbai,Maharashtra,2025-01-26,New
CUST02576,Customer 02576,Male,36,Madurai,Tamil Nadu,2023-06-25,New
CUST02577,Customer 02577,Female,23,Hyderabad,Telangana,2023-12-02,Regular
CUST02578,Customer 02578,Female,35,Madurai,Tamil Nadu,2022-06-21,Regular
CUST02579,Customer 02579,Male,53,Madurai,Tamil Nadu,2023-01-06,New
CUST02580,Customer 02580,Male,54,Chennai,Tamil Nadu,2025-03-24,Regular
CUST02581,Customer 02581,Male,55,Bengaluru,Karnataka,2025-03-09,VIP
CUST02582,Customer 02582,Male,32,Hyderabad,Telangana,2024-07-01,VIP
CUST02583,Customer 02583,Female,55,Delhi,Delhi,2024-03-12,Loyal
CUST02584,Customer 02584,Female,57,Ahmedabad,Gujarat,2022-09-13,Loyal
CUST02585,Customer 02585,Female,26,Madurai,Tamil Nadu,2024-09-16,New
CUST02586,Customer 02586,Female,23,Kolkata,West Bengal,2023-11-07,New
CUST02587,Customer 02587,Male,19,Pune,Maharashtra,2024-05-13,Regular
CUST02588,Customer 02588,Female,33,Kolkata,West Bengal,2023-02-20,Regular
CUST02589,Customer 02589,Male,18,Chennai,Tamil Nadu,2022-11-25,Loyal
CUST02590,Customer 02590,Other,47,Chennai,Tamil Nadu,2025-11-02,New
CUST02591,Customer 02591,Male,65,Coimbatore,Tamil Nadu,2024-07-06,Regular
CUST02592,Customer 02592,Female,50,Bengaluru,Karnataka,2025-07-13,Regular
CUST02593,Customer 02593,Male,18,Ahmedabad,Gujarat,2026-04-14,Regular
CUST02594,Customer 02594,Male,56,Madurai,Tamil Nadu,2025-03-08,Regular
CUST02595,Customer 02595,Male,33,Kolkata,West Bengal,2024-08-19,New
CUST02596,Customer 02596,Female,34,Pune,Maharashtra,2024-04-03,VIP
CUST02597,Customer 02597,Female,65,Chennai,Tamil Nadu,2026-03-16,Regular
CUST02598,Customer 02598,Male,65,Chennai,Tamil Nadu,2022-09-06,Regular
CUST02599,Customer 02599,Female,55,Bengaluru,Karnataka,2024-01-15,New
CUST02600,Customer 02600,Female,35,Pune,Maharashtra,2022-11-04,Regular
CUST02601,Customer 02601,Female,39,Pune,Maharashtra,2023-07-27,Regular
CUST02602,Customer 02602,Female,39,Bengaluru,Karnataka,2025-05-27,New
CUST02603,Customer 02603,Male,52,Chennai,Tamil Nadu,2024-03-08,Regular
CUST02604,Customer 02604,Male,48,Ahmedabad,Gujarat,2024-09-27,New
CUST02605,Customer 02605,Female,57,Hyderabad,Telangana,2024-01-31,Regular
CUST02606,Customer 02606,Female,44,Hyderabad,Telangana,2022-10-20,Regular
CUST02607,Customer 02607,Other,53,Bengaluru,Karnataka,2023-02-14,Loyal
CUST02608,Customer 02608,Female,21,Pune,Maharashtra,2022-07-17,New
CUST02609,Customer 02609,Male,22,Madurai,Tamil Nadu,2022-03-21,New
CUST02610,Customer 02610,Female,42,Bengaluru,Karnataka,2025-11-09,Loyal
CUST02611,Customer 02611,Male,48,Ahmedabad,Gujarat,2022-05-17,New
CUST02612,Customer 02612,Other,31,Bengaluru,Karnataka,2022-08-01,New
CUST02613,Customer 02613,Male,47,Mumbai,Maharashtra,2023-09-11,New
CUST02614,Customer 02614,Female,64,Kolkata,West Bengal,2024-08-17,Loyal
CUST02615,Customer 02615,Female,29,Pune,Maharashtra,2025-05-15,Loyal
CUST02616,Customer 02616,Male,44,Coimbatore,Tamil Nadu,2025-03-02,Regular
CUST02617,Customer 02617,Male,62,Coimbatore,Tamil Nadu,2022-06-15,Regular
CUST02618,Customer 02618,Female,41,Pune,Maharashtra,2026-03-07,Regular
CUST02619,Customer 02619,Female,47,Ahmedabad,Gujarat,2023-03-06,Loyal
CUST02620,Customer 02620,Male,35,Mumbai,Maharashtra,2025-04-18,New
CUST02621,Customer 02621,Female,31,Mumbai,Maharashtra,2022-05-01,Loyal
CUST02622,Customer 02622,Female,36,Chennai,Tamil Nadu,2025-04-12,New
CUST02623,Customer 02623,Male,39,Kolkata,West Bengal,2022-11-27,Regular
CUST02624,Customer 02624,Male,43,Hyderabad,Telangana,2024-12-27,New
CUST02625,Customer 02625,Female,24,Delhi,Delhi,2025-03-07,Loyal
CUST02626,Customer 02626,Female,45,Ahmedabad,Gujarat,2025-08-24,Regular
CUST02627,Customer 02627,Female,55,Delhi,Delhi,2025-09-15,Regular
CUST02628,Customer 02628,Female,22,Delhi,Delhi,2025-06-15,Regular
CUST02629,Customer 02629,Male,53,Pune,Maharashtra,2026-04-03,Regular
CUST02630,Customer 02630,Male,35,Coimbatore,Tamil Nadu,2025-01-04,Loyal
CUST02631,Customer 02631,Male,31,Coimbatore,Tamil Nadu,2025-03-20,New
CUST02632,Customer 02632,Male,65,Hyderabad,Telangana,2023-09-12,Regular
CUST02633,Customer 02633,Female,40,Pune,Maharashtra,2025-09-01,New
CUST02634,Customer 02634,Female,31,Delhi,Delhi,2022-02-06,Regular
CUST02635,Customer 02635,Male,49,Madurai,Tamil Nadu,2024-08-21,Loyal
CUST02636,Customer 02636,Male,22,Coimbatore,Tamil Nadu,2024-04-24,Regular
CUST02637,Customer 02637,Female,39,Ahmedabad,Gujarat,2025-02-23,Loyal
CUST02638,Customer 02638,Female,45,Ahmedabad,Gujarat,2024-03-07,Regular
CUST02639,Customer 02639,Female,60,Chennai,Tamil Nadu,2022-10-13,Regular
CUST02640,Customer 02640,Female,29,Bengaluru,Karnataka,2025-06-17,Regular
CUST02641,Customer 02641,Female,35,Madurai,Tamil Nadu,2024-06-05,VIP
CUST02642,Customer 02642,Female,53,Coimbatore,Tamil Nadu,2022-08-08,Regular
CUST02643,Customer 02643,Male,48,Mumbai,Maharashtra,2024-10-27,Regular
CUST02644,Customer 02644,Male,30,Coimbatore,Tamil Nadu,2022-08-04,Loyal
CUST02645,Customer 02645,Male,37,Chennai,Tamil Nadu,2023-11-12,Loyal
CUST02646,Customer 02646,Female,62,Ahmedabad,Gujarat,2022-10-20,Regular
CUST02647,Customer 02647,Female,53,Delhi,Delhi,2026-04-12,Regular
CUST02648,Customer 02648,Female,24,Mumbai,Maharashtra,2026-02-16,Regular
CUST02649,Customer 02649,Male,40,Pune,Maharashtra,2022-02-12,Regular
CUST02650,Customer 02650,Male,51,Kolkata,West Bengal,2025-08-23,Regular
CUST02651,Customer 02651,Male,49,Delhi,Delhi,2025-01-21,VIP
CUST02652,Customer 02652,Male,38,Kolkata,West Bengal,2025-07-16,New
CUST02653,Customer 02653,Female,23,Madurai,Tamil Nadu,2023-11-24,Regular
CUST02654,Customer 02654,Female,33,Bengaluru,Karnataka,2025-05-23,Loyal
CUST02655,Customer 02655,Other,52,Mumbai,Maharashtra,2024-08-16,New
CUST02656,Customer 02656,Female,64,Hyderabad,Telangana,2022-04-24,Regular
CUST02657,Customer 02657,Female,37,Mumbai,Maharashtra,2025-04-23,Loyal
CUST02658,Customer 02658,Female,59,Coimbatore,Tamil Nadu,2024-07-09,Loyal
CUST02659,Customer 02659,Male,58,Ahmedabad,Gujarat,2025-02-22,Regular
CUST02660,Customer 02660,Female,28,Coimbatore,Tamil Nadu,2025-02-02,New
CUST02661,Customer 02661,Female,49,Coimbatore,Tamil Nadu,2022-08-25,New
CUST02662,Customer 02662,Female,31,Madurai,Tamil Nadu,2023-10-15,Regular
CUST02663,Customer 02663,Male,41,Delhi,Delhi,2022-06-07,New
CUST02664,Customer 02664,Male,61,Hyderabad,Telangana,2026-02-06,New
CUST02665,Customer 02665,Male,56,Hyderabad,Telangana,2024-06-26,Loyal
CUST02666,Customer 02666,Female,60,Coimbatore,Tamil Nadu,2026-03-09,Loyal
CUST02667,Customer 02667,Male,48,Kolkata,West Bengal,2024-08-18,Loyal
CUST02668,Customer 02668,Female,34,Madurai,Tamil Nadu,2025-07-21,New
CUST02669,Customer 02669,Female,42,Coimbatore,Tamil Nadu,2024-05-02,New
CUST02670,Customer 02670,Male,26,Bengaluru,Karnataka,2025-02-14,Loyal
CUST02671,Customer 02671,Female,39,Ahmedabad,Gujarat,2024-06-04,Loyal
CUST02672,Customer 02672,Female,62,Delhi,Delhi,2026-05-17,Loyal
CUST02673,Customer 02673,Male,65,Pune,Maharashtra,2026-04-09,VIP
CUST02674,Customer 02674,Female,52,Bengaluru,Karnataka,2022-03-01,Loyal
CUST02675,Customer 02675,Male,54,Kolkata,West Bengal,2023-02-05,Regular
CUST02676,Customer 02676,Male,34,Mumbai,Maharashtra,2024-04-07,Regular
CUST02677,Customer 02677,Female,45,Mumbai,Maharashtra,2025-04-18,Regular
CUST02678,Customer 02678,Female,18,Bengaluru,Karnataka,2025-06-09,Regular
CUST02679,Customer 02679,Other,26,Coimbatore,Tamil Nadu,2023-04-21,Regular
CUST02680,Customer 02680,Female,30,Pune,Maharashtra,2023-10-17,Loyal
CUST02681,Customer 02681,Female,64,Chennai,Tamil Nadu,2024-04-24,New
CUST02682,Customer 02682,Female,49,Chennai,Tamil Nadu,2024-07-12,Loyal
CUST02683,Customer 02683,Female,45,Kolkata,West Bengal,2025-06-22,New
CUST02684,Customer 02684,Female,48,Coimbatore,Tamil Nadu,2023-09-30,Regular
CUST02685,Customer 02685,Male,25,Hyderabad,Telangana,2023-10-11,Loyal
CUST02686,Customer 02686,Female,25,Hyderabad,Telangana,2026-05-11,New
CUST02687,Customer 02687,Male,51,Delhi,Delhi,2022-08-01,Regular
CUST02688,Customer 02688,Female,40,Pune,Maharashtra,2026-01-22,New
CUST02689,Customer 02689,Male,27,Pune,Maharashtra,2024-09-16,Loyal
CUST02690,Customer 02690,Female,54,Mumbai,Maharashtra,2024-03-14,Loyal
CUST02691,Customer 02691,Male,65,Madurai,Tamil Nadu,2022-05-08,VIP
CUST02692,Customer 02692,Male,42,Kolkata,West Bengal,2024-08-09,Loyal
CUST02693,Customer 02693,Female,50,Chennai,Tamil Nadu,2022-08-05,Loyal
CUST02694,Customer 02694,Male,62,Kolkata,West Bengal,2023-12-12,New
CUST02695,Customer 02695,Female,21,Hyderabad,Telangana,2022-01-20,Regular
CUST02696,Customer 02696,Male,24,Hyderabad,Telangana,2026-05-10,Regular
CUST02697,Customer 02697,Male,50,Bengaluru,Karnataka,2024-12-19,Regular
CUST02698,Customer 02698,Male,19,Delhi,Delhi,2023-11-06,Loyal
CUST02699,Customer 02699,Female,65,Pune,Maharashtra,2023-12-15,New
CUST02700,Customer 02700,Male,63,Ahmedabad,Gujarat,2024-01-09,New
CUST02701,Customer 02701,Female,49,Kolkata,West Bengal,2025-02-26,Regular
CUST02702,Customer 02702,Male,22,Hyderabad,Telangana,2023-07-11,New
CUST02703,Customer 02703,Male,63,Madurai,Tamil Nadu,2022-07-16,Regular
CUST02704,Customer 02704,Male,34,Mumbai,Maharashtra,2024-07-24,Regular
CUST02705,Customer 02705,Male,29,Chennai,Tamil Nadu,2026-02-24,Loyal
CUST02706,Customer 02706,Female,29,Delhi,Delhi,2023-11-09,New
CUST02707,Customer 02707,Female,52,Madurai,Tamil Nadu,2023-05-19,VIP
CUST02708,Customer 02708,Female,38,Delhi,Delhi,2025-06-24,New
CUST02709,Customer 02709,Male,38,Bengaluru,Karnataka,2024-01-08,Regular
CUST02710,Customer 02710,Male,19,Ahmedabad,Gujarat,2024-03-02,Regular
CUST02711,Customer 02711,Male,38,Hyderabad,Telangana,2025-07-07,New
CUST02712,Customer 02712,Female,32,Mumbai,Maharashtra,2025-10-02,New
CUST02713,Customer 02713,Male,28,Madurai,Tamil Nadu,2022-07-16,New
CUST02714,Customer 02714,Female,27,Delhi,Delhi,2025-02-04,Regular
CUST02715,Customer 02715,Male,35,Pune,Maharashtra,2024-02-20,Loyal
CUST02716,Customer 02716,Male,40,Bengaluru,Karnataka,2024-01-14,Regular
CUST02717,Customer 02717,Male,48,Pune,Maharashtra,2025-03-29,Regular
CUST02718,Customer 02718,Male,43,Mumbai,Maharashtra,2023-02-26,Regular
CUST02719,Customer 02719,Female,19,Madurai,Tamil Nadu,2025-05-15,New
CUST02720,Customer 02720,Male,56,Bengaluru,Karnataka,2025-08-29,New
CUST02721,Customer 02721,Female,24,Madurai,Tamil Nadu,2023-03-08,Loyal
CUST02722,Customer 02722,Male,41,Hyderabad,Telangana,2024-07-14,New
CUST02723,Customer 02723,Female,56,Coimbatore,Tamil Nadu,2022-08-23,VIP
CUST02724,Customer 02724,Male,49,Bengaluru,Karnataka,2022-11-23,New
CUST02725,Customer 02725,Female,43,Pune,Maharashtra,2024-07-22,Regular
CUST02726,Customer 02726,Female,40,Mumbai,Maharashtra,2023-04-24,VIP
CUST02727,Customer 02727,Other,31,Ahmedabad,Gujarat,2023-03-04,Regular
CUST02728,Customer 02728,Male,46,Hyderabad,Telangana,2023-10-28,Loyal
CUST02729,Customer 02729,Female,42,Coimbatore,Tamil Nadu,2025-01-28,Regular
CUST02730,Customer 02730,Male,48,Ahmedabad,Gujarat,2025-06-15,Regular
CUST02731,Customer 02731,Male,19,Chennai,Tamil Nadu,2025-02-04,New
CUST02732,Customer 02732,Male,19,Hyderabad,Telangana,2024-05-07,Loyal
CUST02733,Customer 02733,Male,40,Mumbai,Maharashtra,2025-10-19,Regular
CUST02734,Customer 02734,Other,64,Delhi,Delhi,2023-10-04,Regular
CUST02735,Customer 02735,Male,28,Bengaluru,Karnataka,2024-03-21,VIP
CUST02736,Customer 02736,Female,46,Madurai,Tamil Nadu,2026-02-25,Regular
CUST02737,Customer 02737,Female,59,Mumbai,Maharashtra,2024-12-02,Regular
CUST02738,Customer 02738,Female,52,Bengaluru,Karnataka,2023-07-29,VIP
CUST02739,Customer 02739,Female,26,Ahmedabad,Gujarat,2025-01-01,Regular
CUST02740,Customer 02740,Male,49,Madurai,Tamil Nadu,2024-10-15,Regular
CUST02741,Customer 02741,Female,47,Kolkata,West Bengal,2025-08-20,Loyal
CUST02742,Customer 02742,Male,32,Pune,Maharashtra,2024-10-25,Regular
CUST02743,Customer 02743,Female,31,Chennai,Tamil Nadu,2024-03-13,New
CUST02744,Customer 02744,Female,34,Hyderabad,Telangana,2025-10-04,Regular
CUST02745,Customer 02745,Other,39,Mumbai,Maharashtra,2023-02-04,Loyal
CUST02746,Customer 02746,Male,47,Chennai,Tamil Nadu,2023-08-18,New
CUST02747,Customer 02747,Male,34,Delhi,Delhi,2025-12-27,Regular
CUST02748,Customer 02748,Male,33,Bengaluru,Karnataka,2026-05-15,Regular
CUST02749,Customer 02749,Male,25,Bengaluru,Karnataka,2025-02-04,New
CUST02750,Customer 02750,Male,56,Mumbai,Maharashtra,2022-04-27,Regular
CUST02751,Customer 02751,Female,48,Coimbatore,Tamil Nadu,2023-01-18,Regular
CUST02752,Customer 02752,Male,29,Coimbatore,Tamil Nadu,2024-05-08,Regular
CUST02753,Customer 02753,Female,50,Kolkata,West Bengal,2022-03-23,Regular
CUST02754,Customer 02754,Female,29,Pune,Maharashtra,2024-04-11,New
CUST02755,Customer 02755,Female,42,Madurai,Tamil Nadu,2024-05-22,Regular
CUST02756,Customer 02756,Male,55,Delhi,Delhi,2023-10-15,New
CUST02757,Customer 02757,Male,65,Chennai,Tamil Nadu,2024-01-04,New
CUST02758,Customer 02758,Male,35,Coimbatore,Tamil Nadu,2025-12-04,Regular
CUST02759,Customer 02759,Male,36,Kolkata,West Bengal,2022-03-11,Regular
CUST02760,Customer 02760,Female,20,Kolkata,West Bengal,2023-01-22,New
CUST02761,Customer 02761,Male,52,Mumbai,Maharashtra,2023-06-08,Regular
CUST02762,Customer 02762,Female,22,Delhi,Delhi,2022-10-24,VIP
CUST02763,Customer 02763,Female,52,Ahmedabad,Gujarat,2023-09-09,New
CUST02764,Customer 02764,Female,44,Madurai,Tamil Nadu,2023-12-20,Regular
CUST02765,Customer 02765,Male,54,Pune,Maharashtra,2024-12-24,Loyal
CUST02766,Customer 02766,Male,63,Hyderabad,Telangana,2026-05-18,New
CUST02767,Customer 02767,Female,38,Mumbai,Maharashtra,2022-06-27,Loyal
CUST02768,Customer 02768,Female,33,Madurai,Tamil Nadu,2024-10-28,VIP
CUST02769,Customer 02769,Male,45,Hyderabad,Telangana,2025-03-28,New
CUST02770,Customer 02770,Male,42,Hyderabad,Telangana,2022-01-11,Loyal
CUST02771,Customer 02771,Male,50,Delhi,Delhi,2024-02-24,Regular
CUST02772,Customer 02772,Female,34,Delhi,Delhi,2023-02-15,New
CUST02773,Customer 02773,Male,60,Chennai,Tamil Nadu,2024-06-10,Regular
CUST02774,Customer 02774,Female,47,Kolkata,West Bengal,2023-08-30,New
CUST02775,Customer 02775,Male,58,Madurai,Tamil Nadu,2022-06-04,Regular
CUST02776,Customer 02776,Female,21,Mumbai,Maharashtra,2025-05-14,New
CUST02777,Customer 02777,Female,19,Bengaluru,Karnataka,2025-02-12,Loyal
CUST02778,Customer 02778,Female,26,Mumbai,Maharashtra,2025-11-03,Regular
CUST02779,Customer 02779,Male,48,Chennai,Tamil Nadu,2023-08-22,Regular
CUST02780,Customer 02780,Male,42,Pune,Maharashtra,2024-04-03,New
CUST02781,Customer 02781,Male,54,Kolkata,West Bengal,2022-12-16,Regular
CUST02782,Customer 02782,Female,53,Bengaluru,Karnataka,2025-01-26,New
CUST02783,Customer 02783,Female,22,Coimbatore,Tamil Nadu,2024-07-31,Loyal
CUST02784,Customer 02784,Female,41,Pune,Maharashtra,2022-01-19,New
CUST02785,Customer 02785,Male,41,Delhi,Delhi,2022-11-09,Regular
CUST02786,Customer 02786,Female,46,Hyderabad,Telangana,2024-07-15,Regular
CUST02787,Customer 02787,Male,62,Coimbatore,Tamil Nadu,2023-06-12,Regular
CUST02788,Customer 02788,Female,48,Mumbai,Maharashtra,2023-07-11,Regular
CUST02789,Customer 02789,Male,54,Mumbai,Maharashtra,2023-03-21,Regular
CUST02790,Customer 02790,Female,36,Delhi,Delhi,2022-08-19,Regular
CUST02791,Customer 02791,Male,40,Chennai,Tamil Nadu,2023-09-17,Regular
CUST02792,Customer 02792,Male,52,Madurai,Tamil Nadu,2024-10-07,Loyal
CUST02793,Customer 02793,Female,23,Coimbatore,Tamil Nadu,2024-06-07,Loyal
CUST02794,Customer 02794,Male,23,Coimbatore,Tamil Nadu,2022-12-25,Regular
CUST02795,Customer 02795,Female,54,Ahmedabad,Gujarat,2025-11-07,Loyal
CUST02796,Customer 02796,Female,47,Pune,Maharashtra,2026-03-16,Loyal
CUST02797,Customer 02797,Female,18,Kolkata,West Bengal,2022-02-13,Regular
CUST02798,Customer 02798,Male,25,Pune,Maharashtra,2025-10-20,New
CUST02799,Customer 02799,Female,45,Madurai,Tamil Nadu,2024-05-26,Regular
CUST02800,Customer 02800,Female,42,Mumbai,Maharashtra,2025-02-08,Regular
CUST02801,Customer 02801,Male,50,Mumbai,Maharashtra,2022-08-11,Regular
CUST02802,Customer 02802,Female,55,Mumbai,Maharashtra,2025-11-10,Regular
CUST02803,Customer 02803,Male,31,Ahmedabad,Gujarat,2024-06-20,Regular
CUST02804,Customer 02804,Male,28,Mumbai,Maharashtra,2025-07-12,Regular
CUST02805,Customer 02805,Male,19,Madurai,Tamil Nadu,2022-09-28,Regular
CUST02806,Customer 02806,Male,47,Delhi,Delhi,2022-07-31,New
CUST02807,Customer 02807,Male,47,Kolkata,West Bengal,2026-02-28,New
CUST02808,Customer 02808,Female,21,Madurai,Tamil Nadu,2025-08-30,Regular
CUST02809,Customer 02809,Female,30,Kolkata,West Bengal,2025-11-11,Regular
CUST02810,Customer 02810,Male,24,Madurai,Tamil Nadu,2022-09-04,Loyal
CUST02811,Customer 02811,Female,55,Mumbai,Maharashtra,2024-08-05,New
CUST02812,Customer 02812,Female,20,Delhi,Delhi,2026-05-10,New
CUST02813,Customer 02813,Female,26,Coimbatore,Tamil Nadu,2024-03-31,Regular
CUST02814,Customer 02814,Female,31,Pune,Maharashtra,2025-10-05,Regular
CUST02815,Customer 02815,Female,28,Hyderabad,Telangana,2022-03-13,Regular
CUST02816,Customer 02816,Male,54,Delhi,Delhi,2025-08-12,Regular
CUST02817,Customer 02817,Male,31,Coimbatore,Tamil Nadu,2025-05-21,New
CUST02818,Customer 02818,Male,36,Chennai,Tamil Nadu,2022-10-22,New
CUST02819,Customer 02819,Female,25,Madurai,Tamil Nadu,2022-06-20,New
CUST02820,Customer 02820,Male,24,Chennai,Tamil Nadu,2022-09-03,Regular
CUST02821,Customer 02821,Female,24,Coimbatore,Tamil Nadu,2025-03-10,Loyal
CUST02822,Customer 02822,Male,20,Delhi,Delhi,2023-09-09,Regular
CUST02823,Customer 02823,Female,20,Madurai,Tamil Nadu,2022-08-28,New
CUST02824,Customer 02824,Male,35,Hyderabad,Telangana,2022-11-07,Loyal
CUST02825,Customer 02825,Male,62,Mumbai,Maharashtra,2025-12-10,Loyal
CUST02826,Customer 02826,Male,50,Madurai,Tamil Nadu,2023-02-02,New
CUST02827,Customer 02827,Male,54,Madurai,Tamil Nadu,2024-07-11,Regular
CUST02828,Customer 02828,Male,45,Delhi,Delhi,2024-03-02,New
CUST02829,Customer 02829,Female,53,Delhi,Delhi,2022-01-22,New
CUST02830,Customer 02830,Male,33,Coimbatore,Tamil Nadu,2025-01-06,Regular
CUST02831,Customer 02831,Male,32,Bengaluru,Karnataka,2024-03-23,VIP
CUST02832,Customer 02832,Female,46,Madurai,Tamil Nadu,2024-06-22,Regular
CUST02833,Customer 02833,Male,35,Pune,Maharashtra,2026-02-07,VIP
CUST02834,Customer 02834,Female,63,Madurai,Tamil Nadu,2024-04-11,Regular
CUST02835,Customer 02835,Other,63,Coimbatore,Tamil Nadu,2025-10-08,Loyal
CUST02836,Customer 02836,Male,36,Kolkata,West Bengal,2025-10-26,New
CUST02837,Customer 02837,Male,46,Chennai,Tamil Nadu,2024-11-10,New
CUST02838,Customer 02838,Male,23,Mumbai,Maharashtra,2023-05-22,Loyal
CUST02839,Customer 02839,Female,62,Bengaluru,Karnataka,2022-06-09,Regular
CUST02840,Customer 02840,Female,64,Hyderabad,Telangana,2024-01-14,Regular
CUST02841,Customer 02841,Female,44,Hyderabad,Telangana,2025-10-16,Regular
CUST02842,Customer 02842,Female,24,Hyderabad,Telangana,2024-03-23,Regular
CUST02843,Customer 02843,Male,44,Delhi,Delhi,2026-04-29,Regular
CUST02844,Customer 02844,Female,36,Hyderabad,Telangana,2025-08-13,Regular
CUST02845,Customer 02845,Female,34,Mumbai,Maharashtra,2025-10-07,Loyal
CUST02846,Customer 02846,Female,58,Chennai,Tamil Nadu,2022-06-29,Regular
CUST02847,Customer 02847,Female,28,Hyderabad,Telangana,2026-02-04,Regular
CUST02848,Customer 02848,Female,22,Madurai,Tamil Nadu,2025-11-19,New
CUST02849,Customer 02849,Male,19,Madurai,Tamil Nadu,2022-08-01,Loyal
CUST02850,Customer 02850,Male,64,Delhi,Delhi,2023-06-14,Regular
CUST02851,Customer 02851,Female,29,Mumbai,Maharashtra,2025-11-19,New
CUST02852,Customer 02852,Male,59,Chennai,Tamil Nadu,2022-01-27,New
CUST02853,Customer 02853,Female,59,Bengaluru,Karnataka,2024-07-27,Regular
CUST02854,Customer 02854,Male,28,Coimbatore,Tamil Nadu,2024-05-19,Regular
CUST02855,Customer 02855,Female,27,Chennai,Tamil Nadu,2026-01-12,Regular
CUST02856,Customer 02856,Female,45,Coimbatore,Tamil Nadu,2023-03-14,Regular
CUST02857,Customer 02857,Male,24,Kolkata,West Bengal,2022-10-12,Regular
CUST02858,Customer 02858,Female,31,Coimbatore,Tamil Nadu,2023-10-23,Loyal
CUST02859,Customer 02859,Female,30,Pune,Maharashtra,2023-10-11,New
CUST02860,Customer 02860,Female,22,Madurai,Tamil Nadu,2022-07-08,Regular
CUST02861,Customer 02861,Male,59,Mumbai,Maharashtra,2025-05-07,Regular
CUST02862,Customer 02862,Male,25,Ahmedabad,Gujarat,2025-01-30,Regular
CUST02863,Customer 02863,Male,18,Delhi,Delhi,2023-04-24,New
CUST02864,Customer 02864,Male,22,Pune,Maharashtra,2023-08-26,New
CUST02865,Customer 02865,Female,28,Coimbatore,Tamil Nadu,2024-10-11,New
CUST02866,Customer 02866,Other,60,Hyderabad,Telangana,2025-06-01,Regular
CUST02867,Customer 02867,Female,65,Mumbai,Maharashtra,2023-06-01,Regular
CUST02868,Customer 02868,Female,27,Pune,Maharashtra,2026-03-31,New
CUST02869,Customer 02869,Female,32,Delhi,Delhi,2026-01-04,Regular
CUST02870,Customer 02870,Male,56,Madurai,Tamil Nadu,2026-03-21,Regular
CUST02871,Customer 02871,Female,64,Mumbai,Maharashtra,2024-07-04,Loyal
CUST02872,Customer 02872,Male,46,Delhi,Delhi,2022-08-18,New
CUST02873,Customer 02873,Female,42,Kolkata,West Bengal,2024-05-18,Regular
CUST02874,Customer 02874,Male,65,Kolkata,West Bengal,2025-02-11,Loyal
CUST02875,Customer 02875,Male,23,Delhi,Delhi,2026-03-20,Loyal
CUST02876,Customer 02876,Female,28,Pune,Maharashtra,2025-04-22,Regular
CUST02877,Customer 02877,Female,34,Mumbai,Maharashtra,2024-01-29,Regular
CUST02878,Customer 02878,Female,32,Pune,Maharashtra,2022-02-03,Loyal
CUST02879,Customer 02879,Female,33,Bengaluru,Karnataka,2022-10-23,Loyal
CUST02880,Customer 02880,Male,19,Coimbatore,Tamil Nadu,2023-03-29,Loyal
CUST02881,Customer 02881,Female,53,Bengaluru,Karnataka,2026-03-09,New
CUST02882,Customer 02882,Male,36,Kolkata,West Bengal,2025-11-30,New
CUST02883,Customer 02883,Female,55,Madurai,Tamil Nadu,2025-02-24,Regular
CUST02884,Customer 02884,Female,38,Chennai,Tamil Nadu,2022-05-22,VIP
CUST02885,Customer 02885,Male,28,Coimbatore,Tamil Nadu,2023-10-10,Loyal
CUST02886,Customer 02886,Female,58,Kolkata,West Bengal,2022-05-08,Loyal
CUST02887,Customer 02887,Female,20,Pune,Maharashtra,2024-04-14,Regular
CUST02888,Customer 02888,Male,51,Pune,Maharashtra,2024-07-13,Regular
CUST02889,Customer 02889,Female,35,Pune,Maharashtra,2023-12-31,Regular
CUST02890,Customer 02890,Female,32,Madurai,Tamil Nadu,2025-10-05,Loyal
CUST02891,Customer 02891,Female,42,Bengaluru,Karnataka,2026-03-28,Regular
CUST02892,Customer 02892,Male,32,Chennai,Tamil Nadu,2023-04-08,VIP
CUST02893,Customer 02893,Male,47,Pune,Maharashtra,2025-06-21,Regular
CUST02894,Customer 02894,Female,34,Ahmedabad,Gujarat,2023-07-18,New
CUST02895,Customer 02895,Male,35,Coimbatore,Tamil Nadu,2025-04-24,Loyal
CUST02896,Customer 02896,Other,48,Mumbai,Maharashtra,2025-06-10,New
CUST02897,Customer 02897,Male,60,Ahmedabad,Gujarat,2023-05-29,Regular
CUST02898,Customer 02898,Female,35,Chennai,Tamil Nadu,2022-01-01,Loyal
CUST02899,Customer 02899,Female,52,Madurai,Tamil Nadu,2025-06-16,Regular
CUST02900,Customer 02900,Male,30,Chennai,Tamil Nadu,2024-12-14,Loyal
CUST02901,Customer 02901,Male,31,Mumbai,Maharashtra,2026-02-27,Regular
CUST02902,Customer 02902,Female,53,Coimbatore,Tamil Nadu,2025-12-12,Loyal
CUST02903,Customer 02903,Female,35,Mumbai,Maharashtra,2026-01-11,New
CUST02904,Customer 02904,Male,22,Delhi,Delhi,2022-12-04,Regular
CUST02905,Customer 02905,Female,31,Coimbatore,Tamil Nadu,2024-06-26,Regular
CUST02906,Customer 02906,Male,42,Chennai,Tamil Nadu,2024-03-28,Regular
CUST02907,Customer 02907,Male,61,Pune,Maharashtra,2025-07-24,Regular
CUST02908,Customer 02908,Female,56,Chennai,Tamil Nadu,2024-10-30,Loyal
CUST02909,Customer 02909,Male,29,Chennai,Tamil Nadu,2025-09-26,Loyal
CUST02910,Customer 02910,Female,57,Coimbatore,Tamil Nadu,2025-02-01,VIP
CUST02911,Customer 02911,Male,45,Delhi,Delhi,2022-12-11,Regular
CUST02912,Customer 02912,Male,52,Chennai,Tamil Nadu,2025-10-25,Regular
CUST02913,Customer 02913,Male,18,Ahmedabad,Gujarat,2024-09-03,Regular
CUST02914,Customer 02914,Female,20,Kolkata,West Bengal,2024-06-01,VIP
CUST02915,Customer 02915,Female,60,Hyderabad,Telangana,2022-07-17,New
CUST02916,Customer 02916,Female,24,Hyderabad,Telangana,2024-11-03,Regular
CUST02917,Customer 02917,Male,26,Chennai,Tamil Nadu,2024-05-21,Regular
CUST02918,Customer 02918,Male,53,Ahmedabad,Gujarat,2025-09-23,Regular
CUST02919,Customer 02919,Female,40,Pune,Maharashtra,2023-06-26,Loyal
CUST02920,Customer 02920,Male,41,Madurai,Tamil Nadu,2023-04-02,Regular
CUST02921,Customer 02921,Female,27,Madurai,Tamil Nadu,2026-03-30,Loyal
CUST02922,Customer 02922,Male,65,Coimbatore,Tamil Nadu,2024-01-20,Regular
CUST02923,Customer 02923,Female,29,Hyderabad,Telangana,2025-12-30,Loyal
CUST02924,Customer 02924,Male,36,Chennai,Tamil Nadu,2023-01-01,Regular
CUST02925,Customer 02925,Female,49,Madurai,Tamil Nadu,2023-02-05,Regular
CUST02926,Customer 02926,Male,41,Chennai,Tamil Nadu,2023-07-28,Regular
CUST02927,Customer 02927,Male,39,Coimbatore,Tamil Nadu,2023-04-27,Regular
CUST02928,Customer 02928,Male,20,Hyderabad,Telangana,2022-04-20,Regular
CUST02929,Customer 02929,Male,57,Mumbai,Maharashtra,2024-10-15,Regular
CUST02930,Customer 02930,Male,44,Kolkata,West Bengal,2023-02-10,New
CUST02931,Customer 02931,Female,36,Kolkata,West Bengal,2022-11-05,Regular
CUST02932,Customer 02932,Female,26,Madurai,Tamil Nadu,2022-06-09,Regular
CUST02933,Customer 02933,Female,30,Kolkata,West Bengal,2024-04-23,Regular
CUST02934,Customer 02934,Female,19,Mumbai,Maharashtra,2022-02-24,Loyal
CUST02935,Customer 02935,Female,53,Chennai,Tamil Nadu,2024-01-31,VIP
CUST02936,Customer 02936,Male,46,Coimbatore,Tamil Nadu,2022-09-13,Regular
CUST02937,Customer 02937,Male,28,Mumbai,Maharashtra,2023-06-18,Regular
CUST02938,Customer 02938,Male,51,Coimbatore,Tamil Nadu,2023-02-26,New
CUST02939,Customer 02939,Female,21,Coimbatore,Tamil Nadu,2024-08-03,Regular
CUST02940,Customer 02940,Male,21,Hyderabad,Telangana,2024-08-19,Loyal
CUST02941,Customer 02941,Male,18,Chennai,Tamil Nadu,2024-03-23,New
CUST02942,Customer 02942,Female,42,Ahmedabad,Gujarat,2024-06-05,New
CUST02943,Customer 02943,Male,43,Kolkata,West Bengal,2022-09-21,Regular
CUST02944,Customer 02944,Female,28,Ahmedabad,Gujarat,2024-01-18,Loyal
CUST02945,Customer 02945,Female,40,Hyderabad,Telangana,2024-04-12,Regular
CUST02946,Customer 02946,Male,19,Coimbatore,Tamil Nadu,2022-08-21,VIP
CUST02947,Customer 02947,Male,36,Madurai,Tamil Nadu,2023-11-11,Loyal
CUST02948,Customer 02948,Female,46,Kolkata,West Bengal,2022-08-21,New
CUST02949,Customer 02949,Female,57,Kolkata,West Bengal,2026-03-21,New
CUST02950,Customer 02950,Male,21,Chennai,Tamil Nadu,2024-12-04,Regular
CUST02951,Customer 02951,Female,33,Delhi,Delhi,2023-07-12,Regular
CUST02952,Customer 02952,Female,64,Bengaluru,Karnataka,2024-07-01,Regular
CUST02953,Customer 02953,Male,54,Bengaluru,Karnataka,2023-11-12,New
CUST02954,Customer 02954,Male,44,Bengaluru,Karnataka,2025-12-30,New
CUST02955,Customer 02955,Female,22,Delhi,Delhi,2022-12-01,New
CUST02956,Customer 02956,Male,32,Chennai,Tamil Nadu,2023-02-08,Loyal
CUST02957,Customer 02957,Female,40,Delhi,Delhi,2025-04-02,VIP
CUST02958,Customer 02958,Male,20,Bengaluru,Karnataka,2022-09-13,New
CUST02959,Customer 02959,Female,35,Hyderabad,Telangana,2024-12-25,New
CUST02960,Customer 02960,Female,60,Mumbai,Maharashtra,2024-10-16,New
CUST02961,Customer 02961,Female,43,Coimbatore,Tamil Nadu,2024-07-29,Loyal
CUST02962,Customer 02962,Male,23,Delhi,Delhi,2024-02-11,VIP
CUST02963,Customer 02963,Male,61,Chennai,Tamil Nadu,2024-08-03,Regular
CUST02964,Customer 02964,Female,34,Chennai,Tamil Nadu,2025-01-16,Regular
CUST02965,Customer 02965,Male,63,Ahmedabad,Gujarat,2025-06-17,Regular
CUST02966,Customer 02966,Male,55,Mumbai,Maharashtra,2022-11-07,Regular
CUST02967,Customer 02967,Female,59,Madurai,Tamil Nadu,2026-05-14,Regular
CUST02968,Customer 02968,Male,65,Kolkata,West Bengal,2023-11-13,Regular
CUST02969,Customer 02969,Male,44,Bengaluru,Karnataka,2025-07-05,VIP
CUST02970,Customer 02970,Male,37,Madurai,Tamil Nadu,2026-05-01,New
CUST02971,Customer 02971,Female,23,Ahmedabad,Gujarat,2026-03-18,Loyal
CUST02972,Customer 02972,Female,52,Bengaluru,Karnataka,2025-12-28,Regular
CUST02973,Customer 02973,Male,29,Mumbai,Maharashtra,2022-05-09,Regular
CUST02974,Customer 02974,Male,65,Ahmedabad,Gujarat,2024-02-20,Loyal
CUST02975,Customer 02975,Male,20,Bengaluru,Karnataka,2022-11-22,Loyal
CUST02976,Customer 02976,Female,65,Mumbai,Maharashtra,2024-02-29,Loyal
CUST02977,Customer 02977,Male,21,Pune,Maharashtra,2022-01-17,Loyal
CUST02978,Customer 02978,Female,62,Madurai,Tamil Nadu,2023-11-30,Loyal
CUST02979,Customer 02979,Male,21,Madurai,Tamil Nadu,2024-10-05,Regular
CUST02980,Customer 02980,Other,21,Kolkata,West Bengal,2022-12-08,Loyal
CUST02981,Customer 02981,Male,56,Mumbai,Maharashtra,2024-09-29,Loyal
CUST02982,Customer 02982,Female,38,Delhi,Delhi,2024-04-17,Regular
CUST02983,Customer 02983,Male,61,Pune,Maharashtra,2023-09-20,Regular
CUST02984,Customer 02984,Male,19,Hyderabad,Telangana,2024-02-10,Loyal
CUST02985,Customer 02985,Female,33,Bengaluru,Karnataka,2024-05-27,Loyal
CUST02986,Customer 02986,Female,24,Pune,Maharashtra,2025-06-26,Regular
CUST02987,Customer 02987,Male,36,Mumbai,Maharashtra,2023-12-11,Loyal
CUST02988,Customer 02988,Female,60,Coimbatore,Tamil Nadu,2024-04-28,Loyal
CUST02989,Customer 02989,Female,50,Bengaluru,Karnataka,2024-01-09,New
CUST02990,Customer 02990,Female,26,Chennai,Tamil Nadu,2022-06-26,Loyal
CUST02991,Customer 02991,Male,54,Madurai,Tamil Nadu,2024-08-03,New
CUST02992,Customer 02992,Female,34,Mumbai,Maharashtra,2022-12-23,New
CUST02993,Customer 02993,Female,44,Chennai,Tamil Nadu,2023-05-10,Regular
CUST02994,Customer 02994,Male,50,Kolkata,West Bengal,2022-02-04,Loyal
CUST02995,Customer 02995,Female,29,Ahmedabad,Gujarat,2025-12-01,New
CUST02996,Customer 02996,Male,62,Hyderabad,Telangana,2024-03-28,Loyal
CUST02997,Customer 02997,Male,28,Hyderabad,Telangana,2022-01-10,Regular
CUST02998,Customer 02998,Female,30,Chennai,Tamil Nadu,2024-09-12,Loyal
CUST02999,Customer 02999,Female,48,Madurai,Tamil Nadu,2023-06-15,Loyal
CUST03000,Customer 03000,Male,30,Kolkata,West Bengal,2026-04-08,Loyal
CUST03001,Customer 03001,Male,55,Coimbatore,Tamil Nadu,2022-04-05,Loyal
CUST03002,Customer 03002,Female,43,Madurai,Tamil Nadu,2023-07-30,Loyal
CUST03003,Customer 03003,Male,48,Pune,Maharashtra,2023-03-26,New
CUST03004,Customer 03004,Female,39,Hyderabad,Telangana,2025-05-28,Regular
CUST03005,Customer 03005,Female,23,Pune,Maharashtra,2024-10-14,New
CUST03006,Customer 03006,Male,37,Bengaluru,Karnataka,2022-04-06,Loyal
CUST03007,Customer 03007,Female,38,Delhi,Delhi,2024-05-14,New
CUST03008,Customer 03008,Female,27,Mumbai,Maharashtra,2025-11-05,New
CUST03009,Customer 03009,Male,36,Kolkata,West Bengal,2023-10-31,Loyal
CUST03010,Customer 03010,Female,52,Madurai,Tamil Nadu,2022-07-26,Loyal
CUST03011,Customer 03011,Female,43,Hyderabad,Telangana,2024-04-29,Loyal
CUST03012,Customer 03012,Female,24,Pune,Maharashtra,2022-09-03,New
CUST03013,Customer 03013,Female,54,Ahmedabad,Gujarat,2026-03-14,Regular
CUST03014,Customer 03014,Male,25,Bengaluru,Karnataka,2024-06-02,Regular
CUST03015,Customer 03015,Male,22,Mumbai,Maharashtra,2022-03-24,New
CUST03016,Customer 03016,Male,61,Mumbai,Maharashtra,2022-11-13,Regular
CUST03017,Customer 03017,Male,53,Madurai,Tamil Nadu,2023-10-07,Regular
CUST03018,Customer 03018,Male,45,Kolkata,West Bengal,2025-02-02,New
CUST03019,Customer 03019,Female,20,Coimbatore,Tamil Nadu,2023-01-05,Regular
CUST03020,Customer 03020,Female,56,Ahmedabad,Gujarat,2024-01-19,Regular
CUST03021,Customer 03021,Female,25,Madurai,Tamil Nadu,2023-09-22,New
CUST03022,Customer 03022,Female,32,Pune,Maharashtra,2022-06-29,Loyal
CUST03023,Customer 03023,Female,44,Delhi,Delhi,2023-08-25,Loyal
CUST03024,Customer 03024,Female,53,Chennai,Tamil Nadu,2023-08-23,Loyal
CUST03025,Customer 03025,Female,33,Coimbatore,Tamil Nadu,2025-01-11,Regular
CUST03026,Customer 03026,Male,43,Kolkata,West Bengal,2026-04-05,VIP
CUST03027,Customer 03027,Female,62,Bengaluru,Karnataka,2024-04-20,Loyal
CUST03028,Customer 03028,Female,61,Coimbatore,Tamil Nadu,2026-03-05,Regular
CUST03029,Customer 03029,Male,21,Hyderabad,Telangana,2022-12-14,Regular
CUST03030,Customer 03030,Female,29,Kolkata,West Bengal,2025-07-19,New
CUST03031,Customer 03031,Female,34,Delhi,Delhi,2022-11-27,Loyal
CUST03032,Customer 03032,Male,58,Hyderabad,Telangana,2023-09-02,Regular
CUST03033,Customer 03033,Female,61,Coimbatore,Tamil Nadu,2024-01-14,VIP
CUST03034,Customer 03034,Male,43,Chennai,Tamil Nadu,2023-07-23,Regular
CUST03035,Customer 03035,Male,48,Chennai,Tamil Nadu,2023-01-24,VIP
CUST03036,Customer 03036,Female,32,Delhi,Delhi,2024-08-28,Loyal
CUST03037,Customer 03037,Female,51,Mumbai,Maharashtra,2024-01-17,VIP
CUST03038,Customer 03038,Female,46,Ahmedabad,Gujarat,2022-05-17,Regular
CUST03039,Customer 03039,Female,26,Bengaluru,Karnataka,2025-10-16,New
CUST03040,Customer 03040,Male,31,Mumbai,Maharashtra,2022-10-09,Loyal
CUST03041,Customer 03041,Female,53,Chennai,Tamil Nadu,2025-05-10,Loyal
CUST03042,Customer 03042,Female,21,Chennai,Tamil Nadu,2024-10-15,New
CUST03043,Customer 03043,Other,55,Pune,Maharashtra,2024-01-14,Loyal
CUST03044,Customer 03044,Male,54,Hyderabad,Telangana,2023-06-15,Regular
CUST03045,Customer 03045,Female,41,Coimbatore,Tamil Nadu,2022-01-16,New
CUST03046,Customer 03046,Female,34,Bengaluru,Karnataka,2024-10-01,Regular
CUST03047,Customer 03047,Female,30,Delhi,Delhi,2023-07-22,VIP
CUST03048,Customer 03048,Female,37,Coimbatore,Tamil Nadu,2025-02-11,Regular
CUST03049,Customer 03049,Male,34,Pune,Maharashtra,2024-12-27,Loyal
CUST03050,Customer 03050,Female,44,Chennai,Tamil Nadu,2022-01-30,New
CUST03051,Customer 03051,Female,50,Delhi,Delhi,2026-03-23,Loyal
CUST03052,Customer 03052,Male,38,Chennai,Tamil Nadu,2023-10-26,VIP
CUST03053,Customer 03053,Female,34,Bengaluru,Karnataka,2024-09-25,Regular
CUST03054,Customer 03054,Female,39,Hyderabad,Telangana,2024-05-24,Regular
CUST03055,Customer 03055,Male,42,Coimbatore,Tamil Nadu,2022-01-22,Regular
CUST03056,Customer 03056,Female,20,Coimbatore,Tamil Nadu,2025-12-25,Loyal
CUST03057,Customer 03057,Male,44,Mumbai,Maharashtra,2024-11-19,New
CUST03058,Customer 03058,Male,44,Delhi,Delhi,2024-08-13,Regular
CUST03059,Customer 03059,Female,63,Ahmedabad,Gujarat,2023-10-22,New
CUST03060,Customer 03060,Male,29,Pune,Maharashtra,2025-12-04,Regular
CUST03061,Customer 03061,Male,32,Ahmedabad,Gujarat,2024-12-08,Regular
CUST03062,Customer 03062,Male,55,Mumbai,Maharashtra,2022-11-21,VIP
CUST03063,Customer 03063,Male,37,Bengaluru,Karnataka,2026-02-20,Regular
CUST03064,Customer 03064,Female,39,Pune,Maharashtra,2025-08-14,Regular
CUST03065,Customer 03065,Female,19,Hyderabad,Telangana,2022-06-30,Loyal
CUST03066,Customer 03066,Female,21,Ahmedabad,Gujarat,2022-05-02,Regular
CUST03067,Customer 03067,Female,62,Hyderabad,Telangana,2022-05-04,Regular
CUST03068,Customer 03068,Male,30,Ahmedabad,Gujarat,2026-01-16,Loyal
CUST03069,Customer 03069,Female,49,Hyderabad,Telangana,2022-09-23,Regular
CUST03070,Customer 03070,Female,39,Ahmedabad,Gujarat,2022-01-28,New
CUST03071,Customer 03071,Female,42,Hyderabad,Telangana,2025-07-06,Regular
CUST03072,Customer 03072,Female,44,Mumbai,Maharashtra,2022-03-18,Regular
CUST03073,Customer 03073,Female,34,Kolkata,West Bengal,2023-03-08,Regular
CUST03074,Customer 03074,Female,23,Pune,Maharashtra,2024-05-28,VIP
CUST03075,Customer 03075,Male,60,Delhi,Delhi,2024-06-12,Regular
CUST03076,Customer 03076,Female,33,Bengaluru,Karnataka,2024-11-24,Loyal
CUST03077,Customer 03077,Male,25,Madurai,Tamil Nadu,2023-03-12,New
CUST03078,Customer 03078,Male,50,Chennai,Tamil Nadu,2025-02-11,VIP
CUST03079,Customer 03079,Male,27,Delhi,Delhi,2024-12-21,Loyal
CUST03080,Customer 03080,Male,51,Chennai,Tamil Nadu,2022-02-21,Loyal
CUST03081,Customer 03081,Male,36,Pune,Maharashtra,2022-04-26,Regular
CUST03082,Customer 03082,Male,31,Delhi,Delhi,2022-02-16,Regular
CUST03083,Customer 03083,Female,20,Hyderabad,Telangana,2023-03-14,Regular
CUST03084,Customer 03084,Female,58,Hyderabad,Telangana,2025-12-06,Loyal
CUST03085,Customer 03085,Other,40,Madurai,Tamil Nadu,2022-04-11,Loyal
CUST03086,Customer 03086,Male,57,Chennai,Tamil Nadu,2025-07-26,New
CUST03087,Customer 03087,Female,28,Bengaluru,Karnataka,2022-04-17,Loyal
CUST03088,Customer 03088,Female,64,Pune,Maharashtra,2024-09-09,VIP
CUST03089,Customer 03089,Male,23,Hyderabad,Telangana,2024-11-24,Regular
CUST03090,Customer 03090,Female,51,Kolkata,West Bengal,2024-09-27,New
CUST03091,Customer 03091,Female,18,Mumbai,Maharashtra,2022-12-25,Loyal
CUST03092,Customer 03092,Male,52,Mumbai,Maharashtra,2024-06-05,Regular
CUST03093,Customer 03093,Female,42,Ahmedabad,Gujarat,2024-03-10,Loyal
CUST03094,Customer 03094,Female,46,Bengaluru,Karnataka,2024-10-22,Loyal
CUST03095,Customer 03095,Male,40,Mumbai,Maharashtra,2026-02-24,New
CUST03096,Customer 03096,Male,35,Ahmedabad,Gujarat,2025-07-19,Regular
CUST03097,Customer 03097,Male,31,Chennai,Tamil Nadu,2025-03-13,Regular
CUST03098,Customer 03098,Male,34,Hyderabad,Telangana,2023-03-11,VIP
CUST03099,Customer 03099,Female,19,Hyderabad,Telangana,2026-01-14,Regular
CUST03100,Customer 03100,Female,48,Kolkata,West Bengal,2023-08-27,New
CUST03101,Customer 03101,Male,36,Delhi,Delhi,2023-07-20,Loyal
CUST03102,Customer 03102,Female,49,Mumbai,Maharashtra,2024-07-04,New
CUST03103,Customer 03103,Male,45,Chennai,Tamil Nadu,2022-08-16,Regular
CUST03104,Customer 03104,Male,58,Coimbatore,Tamil Nadu,2023-06-29,Regular
CUST03105,Customer 03105,Male,25,Mumbai,Maharashtra,2025-05-22,Regular
CUST03106,Customer 03106,Female,59,Bengaluru,Karnataka,2023-10-10,Regular
CUST03107,Customer 03107,Male,58,Delhi,Delhi,2022-09-05,Regular
CUST03108,Customer 03108,Male,57,Mumbai,Maharashtra,2025-12-02,VIP
CUST03109,Customer 03109,Male,56,Chennai,Tamil Nadu,2024-12-12,New
CUST03110,Customer 03110,Female,39,Mumbai,Maharashtra,2026-05-19,Regular
CUST03111,Customer 03111,Other,41,Bengaluru,Karnataka,2022-11-10,Regular
CUST03112,Customer 03112,Male,55,Coimbatore,Tamil Nadu,2025-10-29,Regular
CUST03113,Customer 03113,Male,19,Pune,Maharashtra,2022-02-06,Regular
CUST03114,Customer 03114,Female,58,Madurai,Tamil Nadu,2023-12-25,New
CUST03115,Customer 03115,Female,58,Coimbatore,Tamil Nadu,2026-03-28,VIP
CUST03116,Customer 03116,Male,36,Ahmedabad,Gujarat,2024-09-06,Regular
CUST03117,Customer 03117,Female,58,Mumbai,Maharashtra,2022-03-25,Regular
CUST03118,Customer 03118,Female,19,Hyderabad,Telangana,2024-06-18,Regular
CUST03119,Customer 03119,Male,45,Kolkata,West Bengal,2025-01-22,New
CUST03120,Customer 03120,Female,49,Hyderabad,Telangana,2025-12-09,New
CUST03121,Customer 03121,Female,36,Coimbatore,Tamil Nadu,2025-09-27,New
CUST03122,Customer 03122,Female,33,Hyderabad,Telangana,2023-12-20,New
CUST03123,Customer 03123,Male,47,Chennai,Tamil Nadu,2023-07-04,New
CUST03124,Customer 03124,Male,39,Hyderabad,Telangana,2025-12-15,Regular
CUST03125,Customer 03125,Male,31,Delhi,Delhi,2025-10-03,Regular
CUST03126,Customer 03126,Male,18,Pune,Maharashtra,2023-12-16,Regular
CUST03127,Customer 03127,Female,62,Mumbai,Maharashtra,2023-08-10,New
CUST03128,Customer 03128,Female,19,Hyderabad,Telangana,2025-02-25,Loyal
CUST03129,Customer 03129,Female,39,Bengaluru,Karnataka,2022-06-01,Loyal
CUST03130,Customer 03130,Other,63,Pune,Maharashtra,2026-03-26,VIP
CUST03131,Customer 03131,Male,50,Pune,Maharashtra,2024-11-27,Regular
CUST03132,Customer 03132,Female,32,Hyderabad,Telangana,2025-12-21,Regular
CUST03133,Customer 03133,Female,58,Pune,Maharashtra,2025-02-02,New
CUST03134,Customer 03134,Male,39,Kolkata,West Bengal,2022-06-14,Loyal
CUST03135,Customer 03135,Female,57,Hyderabad,Telangana,2024-07-26,New
CUST03136,Customer 03136,Male,56,Chennai,Tamil Nadu,2026-04-17,Regular
CUST03137,Customer 03137,Female,58,Coimbatore,Tamil Nadu,2022-07-31,Regular
CUST03138,Customer 03138,Female,58,Delhi,Delhi,2023-06-10,Regular
CUST03139,Customer 03139,Male,28,Madurai,Tamil Nadu,2024-01-12,Regular
CUST03140,Customer 03140,Female,21,Ahmedabad,Gujarat,2022-05-12,New
CUST03141,Customer 03141,Female,24,Pune,Maharashtra,2025-03-21,Regular
CUST03142,Customer 03142,Male,38,Chennai,Tamil Nadu,2022-04-06,Loyal
CUST03143,Customer 03143,Male,24,Mumbai,Maharashtra,2026-03-07,Loyal
CUST03144,Customer 03144,Male,21,Mumbai,Maharashtra,2024-10-09,Regular
CUST03145,Customer 03145,Female,29,Ahmedabad,Gujarat,2023-06-06,Regular
CUST03146,Customer 03146,Female,44,Delhi,Delhi,2023-01-09,New
CUST03147,Customer 03147,Female,34,Pune,Maharashtra,2024-11-05,New
CUST03148,Customer 03148,Female,37,Kolkata,West Bengal,2023-08-31,Regular
CUST03149,Customer 03149,Female,48,Ahmedabad,Gujarat,2022-01-18,Regular
CUST03150,Customer 03150,Male,43,Delhi,Delhi,2025-12-03,Loyal
CUST03151,Customer 03151,Female,48,Pune,Maharashtra,2024-10-27,Regular
CUST03152,Customer 03152,Male,52,Chennai,Tamil Nadu,2025-06-22,New
CUST03153,Customer 03153,Male,26,Coimbatore,Tamil Nadu,2024-09-04,Regular
CUST03154,Customer 03154,Female,22,Kolkata,West Bengal,2024-05-28,New
CUST03155,Customer 03155,Male,65,Madurai,Tamil Nadu,2023-08-17,Loyal
CUST03156,Customer 03156,Female,25,Mumbai,Maharashtra,2023-10-05,New
CUST03157,Customer 03157,Female,38,Bengaluru,Karnataka,2022-05-09,Regular
CUST03158,Customer 03158,Male,33,Chennai,Tamil Nadu,2024-03-11,Regular
CUST03159,Customer 03159,Male,33,Mumbai,Maharashtra,2023-03-31,New
CUST03160,Customer 03160,Female,35,Hyderabad,Telangana,2024-05-25,New
CUST03161,Customer 03161,Female,64,Bengaluru,Karnataka,2023-07-25,Regular
CUST03162,Customer 03162,Male,45,Mumbai,Maharashtra,2024-12-31,New
CUST03163,Customer 03163,Male,35,Delhi,Delhi,2024-10-10,Regular
CUST03164,Customer 03164,Female,31,Kolkata,West Bengal,2025-03-29,Loyal
CUST03165,Customer 03165,Female,65,Mumbai,Maharashtra,2025-01-15,Regular
CUST03166,Customer 03166,Male,54,Madurai,Tamil Nadu,2023-02-05,Regular
CUST03167,Customer 03167,Male,57,Coimbatore,Tamil Nadu,2023-04-07,Loyal
CUST03168,Customer 03168,Female,33,Delhi,Delhi,2026-04-02,Regular
CUST03169,Customer 03169,Female,38,Chennai,Tamil Nadu,2022-03-30,VIP
CUST03170,Customer 03170,Other,18,Chennai,Tamil Nadu,2024-04-02,New
CUST03171,Customer 03171,Female,28,Chennai,Tamil Nadu,2022-01-06,Loyal
CUST03172,Customer 03172,Female,28,Chennai,Tamil Nadu,2024-08-02,Regular
CUST03173,Customer 03173,Male,19,Coimbatore,Tamil Nadu,2022-03-25,Loyal
CUST03174,Customer 03174,Female,49,Mumbai,Maharashtra,2025-06-27,New
CUST03175,Customer 03175,Male,36,Pune,Maharashtra,2025-12-10,Regular
CUST03176,Customer 03176,Female,22,Mumbai,Maharashtra,2024-12-31,New
CUST03177,Customer 03177,Male,20,Hyderabad,Telangana,2023-09-13,VIP
CUST03178,Customer 03178,Male,45,Kolkata,West Bengal,2025-02-09,Regular
CUST03179,Customer 03179,Female,43,Bengaluru,Karnataka,2022-06-21,Loyal
CUST03180,Customer 03180,Female,40,Pune,Maharashtra,2023-11-30,Regular
CUST03181,Customer 03181,Male,47,Pune,Maharashtra,2022-09-30,New
CUST03182,Customer 03182,Female,25,Mumbai,Maharashtra,2023-06-14,Regular
CUST03183,Customer 03183,Male,53,Pune,Maharashtra,2022-11-15,Regular
CUST03184,Customer 03184,Male,46,Ahmedabad,Gujarat,2025-01-10,Loyal
CUST03185,Customer 03185,Female,30,Ahmedabad,Gujarat,2025-01-03,Regular
CUST03186,Customer 03186,Male,42,Hyderabad,Telangana,2023-03-05,Loyal
CUST03187,Customer 03187,Female,39,Bengaluru,Karnataka,2026-01-23,New
CUST03188,Customer 03188,Male,63,Madurai,Tamil Nadu,2024-04-26,Regular
CUST03189,Customer 03189,Female,50,Coimbatore,Tamil Nadu,2025-10-01,Loyal
CUST03190,Customer 03190,Female,54,Mumbai,Maharashtra,2022-09-06,Regular
CUST03191,Customer 03191,Male,24,Coimbatore,Tamil Nadu,2023-01-22,New
CUST03192,Customer 03192,Male,40,Madurai,Tamil Nadu,2022-12-29,Regular
CUST03193,Customer 03193,Female,23,Mumbai,Maharashtra,2025-08-12,New
CUST03194,Customer 03194,Female,32,Mumbai,Maharashtra,2022-03-09,Loyal
CUST03195,Customer 03195,Male,32,Bengaluru,Karnataka,2023-03-14,VIP
CUST03196,Customer 03196,Female,57,Coimbatore,Tamil Nadu,2024-10-12,Loyal
CUST03197,Customer 03197,Male,51,Ahmedabad,Gujarat,2026-04-05,Loyal
CUST03198,Customer 03198,Male,31,Chennai,Tamil Nadu,2025-03-02,New
CUST03199,Customer 03199,Female,46,Coimbatore,Tamil Nadu,2025-08-11,New
CUST03200,Customer 03200,Male,33,Kolkata,West Bengal,2022-10-23,Loyal
CUST03201,Customer 03201,Female,46,Kolkata,West Bengal,2023-10-09,Regular
CUST03202,Customer 03202,Female,40,Mumbai,Maharashtra,2022-02-02,Regular
CUST03203,Customer 03203,Female,27,Chennai,Tamil Nadu,2025-10-29,Loyal
CUST03204,Customer 03204,Female,64,Delhi,Delhi,2022-02-01,Regular
CUST03205,Customer 03205,Female,21,Madurai,Tamil Nadu,2023-07-09,New
CUST03206,Customer 03206,Female,29,Hyderabad,Telangana,2022-11-01,Loyal
CUST03207,Customer 03207,Female,59,Chennai,Tamil Nadu,2024-03-03,Regular
CUST03208,Customer 03208,Other,51,Hyderabad,Telangana,2025-02-05,Loyal
CUST03209,Customer 03209,Female,21,Coimbatore,Tamil Nadu,2022-04-06,Regular
CUST03210,Customer 03210,Male,37,Coimbatore,Tamil Nadu,2024-12-25,New
CUST03211,Customer 03211,Female,45,Hyderabad,Telangana,2023-06-05,New
CUST03212,Customer 03212,Female,45,Madurai,Tamil Nadu,2022-08-18,Loyal
CUST03213,Customer 03213,Female,23,Chennai,Tamil Nadu,2024-01-03,Regular
CUST03214,Customer 03214,Female,31,Delhi,Delhi,2022-12-24,Regular
CUST03215,Customer 03215,Female,52,Mumbai,Maharashtra,2023-02-06,Regular
CUST03216,Customer 03216,Other,64,Bengaluru,Karnataka,2024-02-29,Regular
CUST03217,Customer 03217,Male,18,Coimbatore,Tamil Nadu,2022-04-09,New
CUST03218,Customer 03218,Female,36,Kolkata,West Bengal,2022-09-28,Regular
CUST03219,Customer 03219,Male,18,Madurai,Tamil Nadu,2022-12-28,Regular
CUST03220,Customer 03220,Female,30,Bengaluru,Karnataka,2025-04-02,Regular
CUST03221,Customer 03221,Female,25,Delhi,Delhi,2023-06-12,Regular
CUST03222,Customer 03222,Male,35,Pune,Maharashtra,2025-04-07,New
CUST03223,Customer 03223,Male,52,Mumbai,Maharashtra,2024-11-10,Regular
CUST03224,Customer 03224,Female,40,Coimbatore,Tamil Nadu,2023-06-24,Regular
CUST03225,Customer 03225,Male,43,Mumbai,Maharashtra,2023-08-18,Regular
CUST03226,Customer 03226,Male,58,Bengaluru,Karnataka,2024-04-12,VIP
CUST03227,Customer 03227,Female,55,Mumbai,Maharashtra,2023-02-01,New
CUST03228,Customer 03228,Male,37,Pune,Maharashtra,2024-11-25,Regular
CUST03229,Customer 03229,Female,19,Bengaluru,Karnataka,2023-05-10,New
CUST03230,Customer 03230,Female,43,Coimbatore,Tamil Nadu,2022-11-10,Loyal
CUST03231,Customer 03231,Male,53,Chennai,Tamil Nadu,2023-05-05,Loyal
CUST03232,Customer 03232,Male,42,Kolkata,West Bengal,2025-07-23,Regular
CUST03233,Customer 03233,Female,47,Bengaluru,Karnataka,2022-08-21,Loyal
CUST03234,Customer 03234,Female,35,Ahmedabad,Gujarat,2025-12-30,New
CUST03235,Customer 03235,Female,24,Pune,Maharashtra,2024-10-26,New
CUST03236,Customer 03236,Female,44,Bengaluru,Karnataka,2026-04-08,Regular
CUST03237,Customer 03237,Female,28,Bengaluru,Karnataka,2023-10-26,Regular
CUST03238,Customer 03238,Male,54,Ahmedabad,Gujarat,2022-09-01,Regular
CUST03239,Customer 03239,Male,25,Coimbatore,Tamil Nadu,2022-08-29,Regular
CUST03240,Customer 03240,Male,28,Bengaluru,Karnataka,2023-07-12,Regular
CUST03241,Customer 03241,Male,41,Kolkata,West Bengal,2025-07-20,Loyal
CUST03242,Customer 03242,Female,47,Mumbai,Maharashtra,2022-03-16,New
CUST03243,Customer 03243,Female,47,Coimbatore,Tamil Nadu,2022-10-10,New
CUST03244,Customer 03244,Male,32,Kolkata,West Bengal,2026-04-08,Regular
CUST03245,Customer 03245,Female,52,Coimbatore,Tamil Nadu,2022-03-28,Regular
CUST03246,Customer 03246,Male,56,Kolkata,West Bengal,2024-05-30,New
CUST03247,Customer 03247,Male,41,Pune,Maharashtra,2024-07-18,New
CUST03248,Customer 03248,Female,25,Kolkata,West Bengal,2025-03-18,Regular
CUST03249,Customer 03249,Male,60,Hyderabad,Telangana,2025-03-19,New
CUST03250,Customer 03250,Male,59,Kolkata,West Bengal,2022-06-09,Loyal
CUST03251,Customer 03251,Male,37,Chennai,Tamil Nadu,2023-03-22,New
CUST03252,Customer 03252,Male,58,Chennai,Tamil Nadu,2022-03-23,New
CUST03253,Customer 03253,Female,64,Madurai,Tamil Nadu,2024-10-27,Regular
CUST03254,Customer 03254,Female,43,Hyderabad,Telangana,2022-07-01,VIP
CUST03255,Customer 03255,Male,41,Hyderabad,Telangana,2024-05-19,Regular
CUST03256,Customer 03256,Male,39,Mumbai,Maharashtra,2024-08-23,Regular
CUST03257,Customer 03257,Female,22,Hyderabad,Telangana,2026-03-30,New
CUST03258,Customer 03258,Female,32,Mumbai,Maharashtra,2023-04-23,Regular
CUST03259,Customer 03259,Male,53,Madurai,Tamil Nadu,2022-07-02,New
CUST03260,Customer 03260,Male,54,Madurai,Tamil Nadu,2025-08-30,Regular
CUST03261,Customer 03261,Female,46,Pune,Maharashtra,2026-04-29,Regular
CUST03262,Customer 03262,Female,32,Chennai,Tamil Nadu,2022-06-23,Regular
CUST03263,Customer 03263,Male,44,Kolkata,West Bengal,2022-01-14,New
CUST03264,Customer 03264,Female,25,Kolkata,West Bengal,2025-08-16,Loyal
CUST03265,Customer 03265,Male,46,Ahmedabad,Gujarat,2022-03-14,Regular
CUST03266,Customer 03266,Female,36,Ahmedabad,Gujarat,2023-05-29,Loyal
CUST03267,Customer 03267,Female,48,Delhi,Delhi,2023-08-25,Regular
CUST03268,Customer 03268,Female,26,Coimbatore,Tamil Nadu,2022-12-09,Regular
CUST03269,Customer 03269,Male,27,Pune,Maharashtra,2025-11-20,New
CUST03270,Customer 03270,Male,54,Delhi,Delhi,2022-11-29,Regular
CUST03271,Customer 03271,Male,27,Delhi,Delhi,2022-12-21,Regular
CUST03272,Customer 03272,Female,50,Bengaluru,Karnataka,2026-05-02,Loyal
CUST03273,Customer 03273,Male,42,Bengaluru,Karnataka,2024-04-26,Regular
CUST03274,Customer 03274,Male,21,Delhi,Delhi,2022-06-12,Loyal
CUST03275,Customer 03275,Male,22,Hyderabad,Telangana,2022-04-26,Regular
CUST03276,Customer 03276,Female,40,Coimbatore,Tamil Nadu,2025-11-27,Regular
CUST03277,Customer 03277,Male,56,Pune,Maharashtra,2025-01-07,Loyal
CUST03278,Customer 03278,Male,22,Delhi,Delhi,2026-01-10,Regular
CUST03279,Customer 03279,Male,25,Kolkata,West Bengal,2024-10-28,Regular
CUST03280,Customer 03280,Female,34,Coimbatore,Tamil Nadu,2024-11-12,Regular
CUST03281,Customer 03281,Female,18,Bengaluru,Karnataka,2024-03-01,Regular
CUST03282,Customer 03282,Female,29,Kolkata,West Bengal,2023-06-27,Loyal
CUST03283,Customer 03283,Female,52,Bengaluru,Karnataka,2023-02-18,Regular
CUST03284,Customer 03284,Female,31,Bengaluru,Karnataka,2023-11-13,New
CUST03285,Customer 03285,Male,65,Coimbatore,Tamil Nadu,2023-10-04,Loyal
CUST03286,Customer 03286,Female,35,Bengaluru,Karnataka,2025-12-03,Loyal
CUST03287,Customer 03287,Male,27,Madurai,Tamil Nadu,2023-10-31,Regular
CUST03288,Customer 03288,Male,32,Chennai,Tamil Nadu,2022-01-22,New
CUST03289,Customer 03289,Female,59,Madurai,Tamil Nadu,2025-11-27,Regular
CUST03290,Customer 03290,Male,50,Chennai,Tamil Nadu,2024-08-26,New
CUST03291,Customer 03291,Male,36,Ahmedabad,Gujarat,2025-03-26,Regular
CUST03292,Customer 03292,Male,51,Ahmedabad,Gujarat,2022-11-26,New
CUST03293,Customer 03293,Female,62,Bengaluru,Karnataka,2024-11-11,Regular
CUST03294,Customer 03294,Male,42,Pune,Maharashtra,2026-02-04,New
CUST03295,Customer 03295,Female,33,Pune,Maharashtra,2025-07-11,Regular
CUST03296,Customer 03296,Female,25,Chennai,Tamil Nadu,2025-08-19,Regular
CUST03297,Customer 03297,Female,52,Kolkata,West Bengal,2024-06-20,Regular
CUST03298,Customer 03298,Male,38,Coimbatore,Tamil Nadu,2023-12-25,New
CUST03299,Customer 03299,Female,36,Bengaluru,Karnataka,2026-01-28,New
CUST03300,Customer 03300,Male,63,Coimbatore,Tamil Nadu,2025-04-02,Regular
CUST03301,Customer 03301,Male,28,Madurai,Tamil Nadu,2025-03-05,Regular
CUST03302,Customer 03302,Male,61,Pune,Maharashtra,2022-09-09,Regular
CUST03303,Customer 03303,Female,28,Hyderabad,Telangana,2022-07-24,New
CUST03304,Customer 03304,Male,28,Madurai,Tamil Nadu,2025-08-18,Loyal
CUST03305,Customer 03305,Male,39,Madurai,Tamil Nadu,2025-06-19,Loyal
CUST03306,Customer 03306,Male,38,Chennai,Tamil Nadu,2024-04-11,Regular
CUST03307,Customer 03307,Male,44,Mumbai,Maharashtra,2024-03-01,Regular
CUST03308,Customer 03308,Female,35,Madurai,Tamil Nadu,2024-12-20,Loyal
CUST03309,Customer 03309,Female,59,Bengaluru,Karnataka,2023-04-10,Loyal
CUST03310,Customer 03310,Female,65,Delhi,Delhi,2025-08-18,VIP
CUST03311,Customer 03311,Male,57,Delhi,Delhi,2026-02-04,Regular
CUST03312,Customer 03312,Male,55,Bengaluru,Karnataka,2023-01-29,Loyal
CUST03313,Customer 03313,Other,47,Mumbai,Maharashtra,2024-10-17,New
CUST03314,Customer 03314,Male,62,Mumbai,Maharashtra,2023-10-22,Regular
CUST03315,Customer 03315,Female,64,Chennai,Tamil Nadu,2024-06-30,Regular
CUST03316,Customer 03316,Male,62,Pune,Maharashtra,2025-07-06,Regular
CUST03317,Customer 03317,Female,50,Coimbatore,Tamil Nadu,2026-04-15,Regular
CUST03318,Customer 03318,Male,38,Mumbai,Maharashtra,2023-06-14,New
CUST03319,Customer 03319,Male,19,Hyderabad,Telangana,2025-04-25,Loyal
CUST03320,Customer 03320,Female,30,Chennai,Tamil Nadu,2025-05-20,Regular
CUST03321,Customer 03321,Female,19,Ahmedabad,Gujarat,2024-11-24,Loyal
CUST03322,Customer 03322,Male,60,Kolkata,West Bengal,2025-03-16,New
CUST03323,Customer 03323,Female,62,Ahmedabad,Gujarat,2025-07-29,Regular
CUST03324,Customer 03324,Female,48,Chennai,Tamil Nadu,2026-04-20,Regular
CUST03325,Customer 03325,Male,27,Madurai,Tamil Nadu,2025-06-26,Regular
CUST03326,Customer 03326,Male,40,Coimbatore,Tamil Nadu,2022-02-26,Loyal
CUST03327,Customer 03327,Male,39,Kolkata,West Bengal,2025-08-21,New
CUST03328,Customer 03328,Male,64,Ahmedabad,Gujarat,2023-06-06,New
CUST03329,Customer 03329,Female,46,Kolkata,West Bengal,2022-12-27,Loyal
CUST03330,Customer 03330,Male,50,Hyderabad,Telangana,2025-06-14,Regular
CUST03331,Customer 03331,Male,48,Hyderabad,Telangana,2022-08-22,New
CUST03332,Customer 03332,Male,31,Hyderabad,Telangana,2022-08-11,Regular
CUST03333,Customer 03333,Female,27,Chennai,Tamil Nadu,2022-11-23,Regular
CUST03334,Customer 03334,Male,35,Coimbatore,Tamil Nadu,2025-01-26,Regular
CUST03335,Customer 03335,Male,28,Chennai,Tamil Nadu,2025-06-03,New
CUST03336,Customer 03336,Male,56,Delhi,Delhi,2024-04-15,Regular
CUST03337,Customer 03337,Female,64,Madurai,Tamil Nadu,2023-05-04,Regular
CUST03338,Customer 03338,Male,20,Madurai,Tamil Nadu,2023-04-23,Loyal
CUST03339,Customer 03339,Female,19,Hyderabad,Telangana,2024-09-11,Loyal
CUST03340,Customer 03340,Male,25,Delhi,Delhi,2025-09-19,Regular
CUST03341,Customer 03341,Male,48,Mumbai,Maharashtra,2024-03-02,Regular
CUST03342,Customer 03342,Female,25,Mumbai,Maharashtra,2026-04-28,New
CUST03343,Customer 03343,Male,60,Hyderabad,Telangana,2023-05-27,Regular
CUST03344,Customer 03344,Female,65,Ahmedabad,Gujarat,2024-10-09,New
CUST03345,Customer 03345,Female,19,Chennai,Tamil Nadu,2023-01-17,Loyal
CUST03346,Customer 03346,Female,39,Hyderabad,Telangana,2025-12-17,Loyal
CUST03347,Customer 03347,Female,22,Pune,Maharashtra,2025-10-03,Regular
CUST03348,Customer 03348,Male,24,Kolkata,West Bengal,2025-03-22,Regular
CUST03349,Customer 03349,Male,37,Madurai,Tamil Nadu,2023-03-28,New
CUST03350,Customer 03350,Female,45,Mumbai,Maharashtra,2025-08-06,Loyal
CUST03351,Customer 03351,Female,30,Bengaluru,Karnataka,2025-02-16,Loyal
CUST03352,Customer 03352,Female,19,Mumbai,Maharashtra,2022-08-02,Regular
CUST03353,Customer 03353,Male,49,Madurai,Tamil Nadu,2023-07-19,Regular
CUST03354,Customer 03354,Male,43,Kolkata,West Bengal,2024-01-02,Regular
CUST03355,Customer 03355,Female,20,Madurai,Tamil Nadu,2023-03-15,New
CUST03356,Customer 03356,Male,58,Bengaluru,Karnataka,2024-01-25,New
CUST03357,Customer 03357,Male,59,Hyderabad,Telangana,2026-05-08,Regular
CUST03358,Customer 03358,Male,30,Delhi,Delhi,2023-09-21,New
CUST03359,Customer 03359,Female,38,Bengaluru,Karnataka,2024-06-21,New
CUST03360,Customer 03360,Male,62,Madurai,Tamil Nadu,2026-01-10,New
CUST03361,Customer 03361,Female,54,Madurai,Tamil Nadu,2024-12-01,Regular
CUST03362,Customer 03362,Male,40,Pune,Maharashtra,2023-01-30,Regular
CUST03363,Customer 03363,Female,24,Pune,Maharashtra,2022-09-04,New
CUST03364,Customer 03364,Female,34,Coimbatore,Tamil Nadu,2024-06-23,Loyal
CUST03365,Customer 03365,Male,45,Pune,Maharashtra,2025-08-07,Regular
CUST03366,Customer 03366,Female,64,Chennai,Tamil Nadu,2022-09-05,Regular
CUST03367,Customer 03367,Male,47,Delhi,Delhi,2023-08-22,New
CUST03368,Customer 03368,Male,22,Kolkata,West Bengal,2024-05-14,Regular
CUST03369,Customer 03369,Female,41,Bengaluru,Karnataka,2026-01-12,New
CUST03370,Customer 03370,Male,24,Madurai,Tamil Nadu,2022-03-25,Regular
CUST03371,Customer 03371,Male,51,Coimbatore,Tamil Nadu,2024-02-12,Loyal
CUST03372,Customer 03372,Male,59,Coimbatore,Tamil Nadu,2025-05-29,Regular
CUST03373,Customer 03373,Male,50,Kolkata,West Bengal,2022-02-20,Loyal
CUST03374,Customer 03374,Female,44,Delhi,Delhi,2023-07-04,New
CUST03375,Customer 03375,Male,31,Bengaluru,Karnataka,2024-02-10,Regular
CUST03376,Customer 03376,Female,36,Mumbai,Maharashtra,2024-09-07,New
CUST03377,Customer 03377,Female,65,Pune,Maharashtra,2025-04-25,Loyal
CUST03378,Customer 03378,Male,55,Hyderabad,Telangana,2026-03-29,VIP
CUST03379,Customer 03379,Male,29,Coimbatore,Tamil Nadu,2025-05-31,Loyal
CUST03380,Customer 03380,Female,20,Pune,Maharashtra,2023-04-10,New
CUST03381,Customer 03381,Male,24,Pune,Maharashtra,2023-02-23,Regular
CUST03382,Customer 03382,Male,52,Chennai,Tamil Nadu,2022-03-28,New
CUST03383,Customer 03383,Male,42,Delhi,Delhi,2022-09-16,New
CUST03384,Customer 03384,Female,32,Hyderabad,Telangana,2025-04-19,New
CUST03385,Customer 03385,Female,36,Mumbai,Maharashtra,2022-11-07,Regular
CUST03386,Customer 03386,Male,36,Madurai,Tamil Nadu,2022-06-22,Regular
CUST03387,Customer 03387,Male,40,Chennai,Tamil Nadu,2025-09-07,Regular
CUST03388,Customer 03388,Female,28,Pune,Maharashtra,2025-09-25,Regular
CUST03389,Customer 03389,Female,38,Pune,Maharashtra,2026-02-28,Loyal
CUST03390,Customer 03390,Female,51,Ahmedabad,Gujarat,2025-06-22,New
CUST03391,Customer 03391,Female,56,Hyderabad,Telangana,2024-07-28,New
CUST03392,Customer 03392,Male,24,Hyderabad,Telangana,2023-05-20,Regular
CUST03393,Customer 03393,Female,59,Ahmedabad,Gujarat,2022-11-25,Regular
CUST03394,Customer 03394,Male,61,Hyderabad,Telangana,2022-07-15,New
CUST03395,Customer 03395,Male,44,Pune,Maharashtra,2022-03-03,Loyal
CUST03396,Customer 03396,Female,40,Coimbatore,Tamil Nadu,2024-11-14,Regular
CUST03397,Customer 03397,Male,55,Bengaluru,Karnataka,2026-05-07,Regular
CUST03398,Customer 03398,Other,37,Pune,Maharashtra,2023-07-16,Regular
CUST03399,Customer 03399,Male,44,Chennai,Tamil Nadu,2025-11-02,Regular
CUST03400,Customer 03400,Female,25,Delhi,Delhi,2024-06-15,Regular
CUST03401,Customer 03401,Female,54,Ahmedabad,Gujarat,2025-08-11,Regular
CUST03402,Customer 03402,Male,20,Mumbai,Maharashtra,2024-12-11,Regular
CUST03403,Customer 03403,Female,19,Madurai,Tamil Nadu,2024-04-23,Loyal
CUST03404,Customer 03404,Male,39,Mumbai,Maharashtra,2022-02-09,Regular
CUST03405,Customer 03405,Female,23,Pune,Maharashtra,2026-05-15,Regular
CUST03406,Customer 03406,Male,56,Chennai,Tamil Nadu,2023-12-29,Regular
CUST03407,Customer 03407,Female,57,Pune,Maharashtra,2023-04-02,Regular
CUST03408,Customer 03408,Male,53,Delhi,Delhi,2024-05-27,New
CUST03409,Customer 03409,Male,61,Coimbatore,Tamil Nadu,2024-02-27,Loyal
CUST03410,Customer 03410,Male,41,Madurai,Tamil Nadu,2022-01-02,Loyal
CUST03411,Customer 03411,Male,29,Delhi,Delhi,2026-02-01,New
CUST03412,Customer 03412,Female,34,Ahmedabad,Gujarat,2025-02-03,New
CUST03413,Customer 03413,Female,39,Ahmedabad,Gujarat,2022-08-04,Loyal
CUST03414,Customer 03414,Female,36,Pune,Maharashtra,2024-02-16,Loyal
CUST03415,Customer 03415,Male,26,Chennai,Tamil Nadu,2023-11-10,Regular
CUST03416,Customer 03416,Female,29,Delhi,Delhi,2023-02-18,Regular
CUST03417,Customer 03417,Male,49,Kolkata,West Bengal,2022-07-29,Loyal
CUST03418,Customer 03418,Female,48,Chennai,Tamil Nadu,2024-12-17,New
CUST03419,Customer 03419,Other,34,Coimbatore,Tamil Nadu,2022-02-12,Regular
CUST03420,Customer 03420,Male,40,Ahmedabad,Gujarat,2022-05-18,Regular
CUST03421,Customer 03421,Male,27,Pune,Maharashtra,2026-02-21,Loyal
CUST03422,Customer 03422,Male,47,Hyderabad,Telangana,2026-05-03,New
CUST03423,Customer 03423,Female,36,Ahmedabad,Gujarat,2023-09-30,Regular
CUST03424,Customer 03424,Female,43,Madurai,Tamil Nadu,2023-04-14,Regular
CUST03425,Customer 03425,Female,43,Bengaluru,Karnataka,2023-12-27,Loyal
CUST03426,Customer 03426,Male,28,Hyderabad,Telangana,2025-11-13,Regular
CUST03427,Customer 03427,Female,37,Pune,Maharashtra,2025-05-06,Loyal
CUST03428,Customer 03428,Female,62,Kolkata,West Bengal,2022-07-21,Loyal
CUST03429,Customer 03429,Male,21,Hyderabad,Telangana,2022-07-11,Regular
CUST03430,Customer 03430,Female,64,Madurai,Tamil Nadu,2022-04-17,New
CUST03431,Customer 03431,Male,29,Chennai,Tamil Nadu,2022-11-23,Regular
CUST03432,Customer 03432,Male,42,Kolkata,West Bengal,2024-01-20,Loyal
CUST03433,Customer 03433,Female,27,Ahmedabad,Gujarat,2023-10-06,New
CUST03434,Customer 03434,Male,39,Kolkata,West Bengal,2022-12-23,Regular
CUST03435,Customer 03435,Female,24,Delhi,Delhi,2023-08-18,New
CUST03436,Customer 03436,Female,41,Madurai,Tamil Nadu,2023-05-16,New
CUST03437,Customer 03437,Male,19,Hyderabad,Telangana,2025-07-31,Regular
CUST03438,Customer 03438,Female,49,Delhi,Delhi,2023-04-13,Regular
CUST03439,Customer 03439,Female,38,Kolkata,West Bengal,2023-05-23,Regular
CUST03440,Customer 03440,Male,24,Delhi,Delhi,2022-04-16,Loyal
CUST03441,Customer 03441,Male,25,Mumbai,Maharashtra,2025-08-10,New
CUST03442,Customer 03442,Male,55,Madurai,Tamil Nadu,2024-12-25,New
CUST03443,Customer 03443,Male,38,Coimbatore,Tamil Nadu,2022-07-14,Loyal
CUST03444,Customer 03444,Male,25,Chennai,Tamil Nadu,2025-04-26,Regular
CUST03445,Customer 03445,Male,42,Kolkata,West Bengal,2022-02-16,Regular
CUST03446,Customer 03446,Male,45,Madurai,Tamil Nadu,2025-10-17,Loyal
CUST03447,Customer 03447,Female,45,Coimbatore,Tamil Nadu,2024-10-05,Loyal
CUST03448,Customer 03448,Male,48,Coimbatore,Tamil Nadu,2023-06-21,Regular
CUST03449,Customer 03449,Female,53,Pune,Maharashtra,2026-02-19,Loyal
CUST03450,Customer 03450,Female,42,Delhi,Delhi,2024-04-26,Regular
CUST03451,Customer 03451,Female,58,Coimbatore,Tamil Nadu,2023-12-10,Regular
CUST03452,Customer 03452,Male,54,Mumbai,Maharashtra,2025-06-23,Loyal
CUST03453,Customer 03453,Female,55,Madurai,Tamil Nadu,2024-03-18,Regular
CUST03454,Customer 03454,Female,29,Bengaluru,Karnataka,2023-09-04,New
CUST03455,Customer 03455,Female,54,Bengaluru,Karnataka,2025-04-16,Regular
CUST03456,Customer 03456,Male,54,Kolkata,West Bengal,2022-04-25,Regular
CUST03457,Customer 03457,Male,48,Ahmedabad,Gujarat,2023-11-11,New
CUST03458,Customer 03458,Female,35,Delhi,Delhi,2023-09-23,Regular
CUST03459,Customer 03459,Male,43,Ahmedabad,Gujarat,2025-04-03,New
CUST03460,Customer 03460,Male,23,Coimbatore,Tamil Nadu,2022-08-07,Regular
CUST03461,Customer 03461,Male,26,Madurai,Tamil Nadu,2022-07-16,Regular
CUST03462,Customer 03462,Female,28,Kolkata,West Bengal,2023-02-05,New
CUST03463,Customer 03463,Other,48,Hyderabad,Telangana,2024-01-19,New
CUST03464,Customer 03464,Male,63,Coimbatore,Tamil Nadu,2023-11-12,Loyal
CUST03465,Customer 03465,Female,19,Delhi,Delhi,2022-03-17,Regular
CUST03466,Customer 03466,Female,46,Bengaluru,Karnataka,2025-12-20,Regular
CUST03467,Customer 03467,Female,63,Pune,Maharashtra,2022-10-14,New
CUST03468,Customer 03468,Female,59,Madurai,Tamil Nadu,2026-04-18,Regular
CUST03469,Customer 03469,Female,22,Chennai,Tamil Nadu,2025-08-15,Regular
CUST03470,Customer 03470,Female,40,Ahmedabad,Gujarat,2024-05-10,New
CUST03471,Customer 03471,Male,53,Kolkata,West Bengal,2024-01-12,Regular
CUST03472,Customer 03472,Female,24,Ahmedabad,Gujarat,2022-10-21,Regular
CUST03473,Customer 03473,Male,30,Madurai,Tamil Nadu,2024-03-19,Regular
CUST03474,Customer 03474,Male,59,Ahmedabad,Gujarat,2024-06-04,New
CUST03475,Customer 03475,Female,27,Madurai,Tamil Nadu,2026-01-10,New
CUST03476,Customer 03476,Female,53,Ahmedabad,Gujarat,2023-02-18,VIP
CUST03477,Customer 03477,Female,33,Mumbai,Maharashtra,2023-03-07,VIP
CUST03478,Customer 03478,Male,32,Hyderabad,Telangana,2025-06-07,Regular
CUST03479,Customer 03479,Male,60,Coimbatore,Tamil Nadu,2025-01-24,Loyal
CUST03480,Customer 03480,Female,36,Coimbatore,Tamil Nadu,2026-01-02,Regular
CUST03481,Customer 03481,Male,38,Delhi,Delhi,2022-06-20,New
CUST03482,Customer 03482,Female,52,Chennai,Tamil Nadu,2025-09-02,Regular
CUST03483,Customer 03483,Male,32,Chennai,Tamil Nadu,2023-06-28,Regular
CUST03484,Customer 03484,Male,65,Delhi,Delhi,2026-02-23,Regular
CUST03485,Customer 03485,Other,31,Pune,Maharashtra,2025-11-12,Regular
CUST03486,Customer 03486,Male,46,Coimbatore,Tamil Nadu,2024-09-15,Loyal
CUST03487,Customer 03487,Male,22,Pune,Maharashtra,2026-04-30,Loyal
CUST03488,Customer 03488,Male,35,Madurai,Tamil Nadu,2022-03-13,Loyal
CUST03489,Customer 03489,Female,18,Madurai,Tamil Nadu,2024-10-19,Loyal
CUST03490,Customer 03490,Female,44,Bengaluru,Karnataka,2023-06-16,Loyal
CUST03491,Customer 03491,Male,44,Ahmedabad,Gujarat,2022-08-27,Regular
CUST03492,Customer 03492,Male,42,Chennai,Tamil Nadu,2023-12-12,New
CUST03493,Customer 03493,Female,58,Bengaluru,Karnataka,2023-07-31,Regular
CUST03494,Customer 03494,Male,38,Hyderabad,Telangana,2025-01-17,Regular
CUST03495,Customer 03495,Female,31,Delhi,Delhi,2023-12-14,Regular
CUST03496,Customer 03496,Male,37,Delhi,Delhi,2026-04-08,Loyal
CUST03497,Customer 03497,Male,45,Madurai,Tamil Nadu,2023-10-04,VIP
CUST03498,Customer 03498,Female,38,Coimbatore,Tamil Nadu,2025-03-23,Regular
CUST03499,Customer 03499,Male,40,Pune,Maharashtra,2023-08-13,Regular
CUST03500,Customer 03500,Female,28,Chennai,Tamil Nadu,2022-07-09,Loyal
CUST03501,Customer 03501,Male,19,Bengaluru,Karnataka,2024-03-22,New
CUST03502,Customer 03502,Male,37,Pune,Maharashtra,2025-12-09,New
CUST03503,Customer 03503,Other,41,Bengaluru,Karnataka,2025-03-23,Loyal
CUST03504,Customer 03504,Male,42,Ahmedabad,Gujarat,2024-10-11,Loyal
CUST03505,Customer 03505,Female,54,Hyderabad,Telangana,2023-09-17,Regular
CUST03506,Customer 03506,Male,39,Hyderabad,Telangana,2025-09-24,Loyal
CUST03507,Customer 03507,Female,41,Pune,Maharashtra,2023-09-21,Regular
CUST03508,Customer 03508,Female,32,Pune,Maharashtra,2026-03-21,Regular
CUST03509,Customer 03509,Male,29,Pune,Maharashtra,2024-06-07,Regular
CUST03510,Customer 03510,Female,63,Bengaluru,Karnataka,2024-11-24,New
CUST03511,Customer 03511,Female,48,Ahmedabad,Gujarat,2024-02-23,Regular
CUST03512,Customer 03512,Male,60,Mumbai,Maharashtra,2023-11-02,Loyal
CUST03513,Customer 03513,Female,48,Pune,Maharashtra,2023-12-23,New
CUST03514,Customer 03514,Female,47,Coimbatore,Tamil Nadu,2023-06-10,New
CUST03515,Customer 03515,Male,58,Chennai,Tamil Nadu,2023-06-21,Regular
CUST03516,Customer 03516,Male,37,Chennai,Tamil Nadu,2024-04-26,New
CUST03517,Customer 03517,Male,25,Bengaluru,Karnataka,2025-05-26,Loyal
CUST03518,Customer 03518,Male,61,Pune,Maharashtra,2025-07-01,New
CUST03519,Customer 03519,Female,47,Madurai,Tamil Nadu,2024-09-22,Regular
CUST03520,Customer 03520,Female,52,Delhi,Delhi,2025-05-11,Regular
CUST03521,Customer 03521,Female,38,Mumbai,Maharashtra,2025-01-29,Loyal
CUST03522,Customer 03522,Male,64,Coimbatore,Tamil Nadu,2025-10-16,Regular
CUST03523,Customer 03523,Male,57,Ahmedabad,Gujarat,2024-07-02,Regular
CUST03524,Customer 03524,Female,45,Madurai,Tamil Nadu,2022-06-27,VIP
CUST03525,Customer 03525,Female,56,Hyderabad,Telangana,2022-10-03,New
CUST03526,Customer 03526,Female,34,Madurai,Tamil Nadu,2022-11-08,Regular
CUST03527,Customer 03527,Male,29,Bengaluru,Karnataka,2025-12-04,VIP
CUST03528,Customer 03528,Male,35,Mumbai,Maharashtra,2024-03-01,Regular
CUST03529,Customer 03529,Male,64,Kolkata,West Bengal,2025-08-04,Loyal
CUST03530,Customer 03530,Other,45,Kolkata,West Bengal,2026-03-29,New
CUST03531,Customer 03531,Male,20,Pune,Maharashtra,2025-11-25,New
CUST03532,Customer 03532,Female,32,Pune,Maharashtra,2025-05-25,New
CUST03533,Customer 03533,Female,33,Bengaluru,Karnataka,2023-11-29,VIP
CUST03534,Customer 03534,Male,39,Ahmedabad,Gujarat,2026-02-02,VIP
CUST03535,Customer 03535,Female,48,Pune,Maharashtra,2022-01-27,Regular
CUST03536,Customer 03536,Female,48,Delhi,Delhi,2024-07-01,Regular
CUST03537,Customer 03537,Female,18,Mumbai,Maharashtra,2023-02-26,New
CUST03538,Customer 03538,Male,28,Bengaluru,Karnataka,2024-11-03,Regular
CUST03539,Customer 03539,Male,23,Chennai,Tamil Nadu,2023-05-16,Regular
CUST03540,Customer 03540,Male,40,Hyderabad,Telangana,2024-06-26,Loyal
CUST03541,Customer 03541,Male,26,Bengaluru,Karnataka,2022-11-21,Loyal
CUST03542,Customer 03542,Female,33,Bengaluru,Karnataka,2025-09-09,Loyal
CUST03543,Customer 03543,Female,55,Kolkata,West Bengal,2026-05-10,Regular
CUST03544,Customer 03544,Male,61,Coimbatore,Tamil Nadu,2022-10-12,Loyal
CUST03545,Customer 03545,Female,36,Ahmedabad,Gujarat,2025-01-17,Loyal
CUST03546,Customer 03546,Female,62,Coimbatore,Tamil Nadu,2024-12-04,Regular
CUST03547,Customer 03547,Male,30,Delhi,Delhi,2023-05-13,Regular
CUST03548,Customer 03548,Male,49,Chennai,Tamil Nadu,2024-06-30,Regular
CUST03549,Customer 03549,Female,53,Kolkata,West Bengal,2026-03-02,Regular
CUST03550,Customer 03550,Female,26,Chennai,Tamil Nadu,2022-05-25,VIP
CUST03551,Customer 03551,Female,63,Delhi,Delhi,2024-08-05,Regular
CUST03552,Customer 03552,Male,63,Coimbatore,Tamil Nadu,2026-03-22,Loyal
CUST03553,Customer 03553,Male,54,Bengaluru,Karnataka,2022-03-23,New
CUST03554,Customer 03554,Male,48,Pune,Maharashtra,2024-09-06,Loyal
CUST03555,Customer 03555,Female,48,Pune,Maharashtra,2025-04-05,Loyal
CUST03556,Customer 03556,Female,36,Madurai,Tamil Nadu,2025-02-02,Regular
CUST03557,Customer 03557,Male,19,Hyderabad,Telangana,2023-05-03,VIP
CUST03558,Customer 03558,Female,62,Ahmedabad,Gujarat,2025-08-26,Regular
CUST03559,Customer 03559,Female,49,Delhi,Delhi,2022-03-23,New
CUST03560,Customer 03560,Female,60,Hyderabad,Telangana,2022-04-04,New
CUST03561,Customer 03561,Other,51,Ahmedabad,Gujarat,2025-09-06,Regular
CUST03562,Customer 03562,Male,18,Hyderabad,Telangana,2022-12-09,Loyal
CUST03563,Customer 03563,Female,38,Coimbatore,Tamil Nadu,2024-03-07,New
CUST03564,Customer 03564,Male,20,Ahmedabad,Gujarat,2022-12-27,Regular
CUST03565,Customer 03565,Male,44,Coimbatore,Tamil Nadu,2024-12-25,Loyal
CUST03566,Customer 03566,Female,61,Bengaluru,Karnataka,2023-09-16,New
CUST03567,Customer 03567,Female,24,Kolkata,West Bengal,2024-05-17,New
CUST03568,Customer 03568,Female,50,Coimbatore,Tamil Nadu,2023-03-05,Regular
CUST03569,Customer 03569,Female,26,Pune,Maharashtra,2025-11-25,Regular
CUST03570,Customer 03570,Female,47,Hyderabad,Telangana,2022-06-20,New
CUST03571,Customer 03571,Female,35,Madurai,Tamil Nadu,2023-08-01,New
CUST03572,Customer 03572,Male,43,Mumbai,Maharashtra,2022-03-09,New
CUST03573,Customer 03573,Female,37,Ahmedabad,Gujarat,2026-02-24,Regular
CUST03574,Customer 03574,Female,55,Delhi,Delhi,2024-11-23,Regular
CUST03575,Customer 03575,Male,58,Madurai,Tamil Nadu,2022-01-01,Loyal
CUST03576,Customer 03576,Male,48,Pune,Maharashtra,2022-05-31,Regular
CUST03577,Customer 03577,Female,25,Coimbatore,Tamil Nadu,2024-06-20,VIP
CUST03578,Customer 03578,Female,40,Kolkata,West Bengal,2022-09-15,Loyal
CUST03579,Customer 03579,Female,42,Bengaluru,Karnataka,2024-01-20,VIP
CUST03580,Customer 03580,Female,64,Mumbai,Maharashtra,2023-09-20,Regular
CUST03581,Customer 03581,Male,18,Chennai,Tamil Nadu,2024-03-05,Loyal
CUST03582,Customer 03582,Female,63,Madurai,Tamil Nadu,2022-01-19,Loyal
CUST03583,Customer 03583,Female,35,Kolkata,West Bengal,2022-02-04,Regular
CUST03584,Customer 03584,Female,36,Chennai,Tamil Nadu,2023-01-06,New
CUST03585,Customer 03585,Female,59,Mumbai,Maharashtra,2023-05-06,Regular
CUST03586,Customer 03586,Female,23,Delhi,Delhi,2024-03-27,New
CUST03587,Customer 03587,Female,34,Delhi,Delhi,2025-06-18,Regular
CUST03588,Customer 03588,Female,63,Hyderabad,Telangana,2022-01-07,Regular
CUST03589,Customer 03589,Male,62,Mumbai,Maharashtra,2023-07-03,Regular
CUST03590,Customer 03590,Female,25,Mumbai,Maharashtra,2023-01-06,Loyal
CUST03591,Customer 03591,Male,59,Chennai,Tamil Nadu,2024-01-27,Regular
CUST03592,Customer 03592,Male,26,Kolkata,West Bengal,2025-06-27,Regular
CUST03593,Customer 03593,Female,54,Ahmedabad,Gujarat,2025-02-12,Regular
CUST03594,Customer 03594,Male,44,Chennai,Tamil Nadu,2026-04-26,Regular
CUST03595,Customer 03595,Female,53,Bengaluru,Karnataka,2025-09-22,Regular
CUST03596,Customer 03596,Male,23,Delhi,Delhi,2023-07-28,Loyal
CUST03597,Customer 03597,Male,23,Delhi,Delhi,2023-11-12,Regular
CUST03598,Customer 03598,Female,62,Hyderabad,Telangana,2025-03-11,Regular
CUST03599,Customer 03599,Male,21,Bengaluru,Karnataka,2026-02-17,Regular
CUST03600,Customer 03600,Female,39,Delhi,Delhi,2026-01-01,Loyal
CUST03601,Customer 03601,Male,57,Chennai,Tamil Nadu,2022-03-29,VIP
CUST03602,Customer 03602,Male,44,Bengaluru,Karnataka,2023-04-08,Regular
CUST03603,Customer 03603,Male,54,Chennai,Tamil Nadu,2024-12-07,Regular
CUST03604,Customer 03604,Male,19,Ahmedabad,Gujarat,2023-04-26,Loyal
CUST03605,Customer 03605,Female,26,Ahmedabad,Gujarat,2024-04-02,Loyal
CUST03606,Customer 03606,Male,28,Delhi,Delhi,2023-06-08,Regular
CUST03607,Customer 03607,Female,37,Delhi,Delhi,2022-07-30,New
CUST03608,Customer 03608,Female,60,Kolkata,West Bengal,2022-09-01,Regular
CUST03609,Customer 03609,Female,56,Ahmedabad,Gujarat,2022-08-27,Regular
CUST03610,Customer 03610,Female,31,Madurai,Tamil Nadu,2025-05-05,Regular
CUST03611,Customer 03611,Male,43,Madurai,Tamil Nadu,2024-02-08,New
CUST03612,Customer 03612,Male,55,Hyderabad,Telangana,2022-08-23,New
CUST03613,Customer 03613,Female,47,Ahmedabad,Gujarat,2022-07-06,Regular
CUST03614,Customer 03614,Female,53,Chennai,Tamil Nadu,2023-12-14,VIP
CUST03615,Customer 03615,Female,55,Chennai,Tamil Nadu,2025-08-06,Loyal
CUST03616,Customer 03616,Female,52,Pune,Maharashtra,2025-05-29,Regular
CUST03617,Customer 03617,Male,23,Bengaluru,Karnataka,2023-05-12,Loyal
CUST03618,Customer 03618,Male,20,Coimbatore,Tamil Nadu,2026-02-28,Regular
CUST03619,Customer 03619,Female,18,Madurai,Tamil Nadu,2025-08-18,Regular
CUST03620,Customer 03620,Female,35,Delhi,Delhi,2022-07-06,New
CUST03621,Customer 03621,Male,40,Hyderabad,Telangana,2026-01-13,Loyal
CUST03622,Customer 03622,Female,49,Coimbatore,Tamil Nadu,2025-12-06,VIP
CUST03623,Customer 03623,Male,46,Mumbai,Maharashtra,2024-07-24,Loyal
CUST03624,Customer 03624,Male,40,Hyderabad,Telangana,2025-06-22,Regular
CUST03625,Customer 03625,Female,53,Mumbai,Maharashtra,2022-11-09,Loyal
CUST03626,Customer 03626,Female,23,Ahmedabad,Gujarat,2024-03-29,VIP
CUST03627,Customer 03627,Female,34,Mumbai,Maharashtra,2026-02-28,New
CUST03628,Customer 03628,Male,35,Mumbai,Maharashtra,2022-01-22,Loyal
CUST03629,Customer 03629,Male,48,Kolkata,West Bengal,2022-03-09,Regular
CUST03630,Customer 03630,Female,23,Kolkata,West Bengal,2023-01-27,Loyal
CUST03631,Customer 03631,Male,51,Kolkata,West Bengal,2025-09-01,New
CUST03632,Customer 03632,Female,61,Ahmedabad,Gujarat,2024-12-24,New
CUST03633,Customer 03633,Female,61,Coimbatore,Tamil Nadu,2023-12-30,Loyal
CUST03634,Customer 03634,Female,44,Hyderabad,Telangana,2023-06-25,New
CUST03635,Customer 03635,Male,53,Hyderabad,Telangana,2023-07-22,New
CUST03636,Customer 03636,Female,65,Delhi,Delhi,2024-06-18,Regular
CUST03637,Customer 03637,Male,59,Kolkata,West Bengal,2022-07-31,Loyal
CUST03638,Customer 03638,Male,42,Ahmedabad,Gujarat,2022-07-19,Regular
CUST03639,Customer 03639,Male,27,Delhi,Delhi,2024-09-13,Loyal
CUST03640,Customer 03640,Male,56,Bengaluru,Karnataka,2022-06-27,Loyal
CUST03641,Customer 03641,Female,63,Delhi,Delhi,2025-12-17,Regular
CUST03642,Customer 03642,Male,56,Coimbatore,Tamil Nadu,2024-07-19,Regular
CUST03643,Customer 03643,Male,29,Madurai,Tamil Nadu,2026-01-25,New
CUST03644,Customer 03644,Other,28,Mumbai,Maharashtra,2022-02-13,Regular
CUST03645,Customer 03645,Male,60,Kolkata,West Bengal,2025-12-25,Regular
CUST03646,Customer 03646,Female,20,Madurai,Tamil Nadu,2022-06-17,New
CUST03647,Customer 03647,Male,39,Delhi,Delhi,2022-10-14,Regular
CUST03648,Customer 03648,Male,21,Ahmedabad,Gujarat,2023-12-10,Regular
CUST03649,Customer 03649,Female,25,Mumbai,Maharashtra,2022-12-03,Loyal
CUST03650,Customer 03650,Male,31,Hyderabad,Telangana,2023-08-09,Regular
CUST03651,Customer 03651,Female,37,Chennai,Tamil Nadu,2025-04-09,Loyal
CUST03652,Customer 03652,Male,41,Mumbai,Maharashtra,2022-07-02,New
CUST03653,Customer 03653,Male,31,Coimbatore,Tamil Nadu,2022-01-16,New
CUST03654,Customer 03654,Male,45,Coimbatore,Tamil Nadu,2026-02-28,Regular
CUST03655,Customer 03655,Male,33,Delhi,Delhi,2024-06-05,New
CUST03656,Customer 03656,Male,49,Bengaluru,Karnataka,2024-04-16,Loyal
CUST03657,Customer 03657,Female,64,Coimbatore,Tamil Nadu,2026-04-27,Regular
CUST03658,Customer 03658,Female,29,Coimbatore,Tamil Nadu,2022-04-20,Regular
CUST03659,Customer 03659,Male,33,Ahmedabad,Gujarat,2026-04-26,Regular
CUST03660,Customer 03660,Male,36,Delhi,Delhi,2022-11-02,Regular
CUST03661,Customer 03661,Female,22,Mumbai,Maharashtra,2024-09-06,Regular
CUST03662,Customer 03662,Female,29,Bengaluru,Karnataka,2022-01-06,New
CUST03663,Customer 03663,Female,46,Madurai,Tamil Nadu,2024-04-22,New
CUST03664,Customer 03664,Female,22,Chennai,Tamil Nadu,2025-07-20,Regular
CUST03665,Customer 03665,Male,59,Kolkata,West Bengal,2022-12-27,New
CUST03666,Customer 03666,Male,34,Hyderabad,Telangana,2025-04-23,Loyal
CUST03667,Customer 03667,Female,64,Coimbatore,Tamil Nadu,2023-10-18,Regular
CUST03668,Customer 03668,Female,25,Delhi,Delhi,2025-01-28,New
CUST03669,Customer 03669,Female,57,Kolkata,West Bengal,2025-01-18,New
CUST03670,Customer 03670,Male,57,Hyderabad,Telangana,2024-09-10,Regular
CUST03671,Customer 03671,Other,47,Hyderabad,Telangana,2025-06-23,New
CUST03672,Customer 03672,Female,27,Madurai,Tamil Nadu,2025-06-16,New
CUST03673,Customer 03673,Male,37,Madurai,Tamil Nadu,2023-12-25,Regular
CUST03674,Customer 03674,Female,62,Madurai,Tamil Nadu,2025-01-09,Regular
CUST03675,Customer 03675,Male,33,Pune,Maharashtra,2022-04-25,Loyal
CUST03676,Customer 03676,Male,58,Pune,Maharashtra,2022-10-03,Loyal
CUST03677,Customer 03677,Male,33,Hyderabad,Telangana,2022-03-21,New
CUST03678,Customer 03678,Male,59,Madurai,Tamil Nadu,2026-05-11,New
CUST03679,Customer 03679,Male,20,Ahmedabad,Gujarat,2022-06-28,Regular
CUST03680,Customer 03680,Female,40,Coimbatore,Tamil Nadu,2025-08-25,Loyal
CUST03681,Customer 03681,Male,39,Kolkata,West Bengal,2023-07-15,VIP
CUST03682,Customer 03682,Female,45,Kolkata,West Bengal,2023-05-24,New
CUST03683,Customer 03683,Male,63,Pune,Maharashtra,2022-09-17,Regular
CUST03684,Customer 03684,Male,62,Hyderabad,Telangana,2022-10-19,Loyal
CUST03685,Customer 03685,Female,53,Delhi,Delhi,2024-06-03,Loyal
CUST03686,Customer 03686,Female,21,Mumbai,Maharashtra,2022-10-18,New
CUST03687,Customer 03687,Female,55,Mumbai,Maharashtra,2023-06-26,Regular
CUST03688,Customer 03688,Other,41,Pune,Maharashtra,2024-02-03,Regular
CUST03689,Customer 03689,Male,36,Delhi,Delhi,2024-12-22,New
CUST03690,Customer 03690,Male,28,Pune,Maharashtra,2023-08-17,Regular
CUST03691,Customer 03691,Female,57,Mumbai,Maharashtra,2025-11-29,New
CUST03692,Customer 03692,Other,63,Delhi,Delhi,2024-08-05,Loyal
CUST03693,Customer 03693,Female,57,Madurai,Tamil Nadu,2023-04-25,Loyal
CUST03694,Customer 03694,Female,63,Hyderabad,Telangana,2025-09-10,Loyal
CUST03695,Customer 03695,Female,56,Kolkata,West Bengal,2023-01-16,Regular
CUST03696,Customer 03696,Male,35,Ahmedabad,Gujarat,2022-11-06,New
CUST03697,Customer 03697,Female,29,Bengaluru,Karnataka,2025-09-28,Regular
CUST03698,Customer 03698,Female,31,Hyderabad,Telangana,2026-02-07,Regular
CUST03699,Customer 03699,Female,64,Madurai,Tamil Nadu,2024-12-15,Regular
CUST03700,Customer 03700,Male,35,Mumbai,Maharashtra,2024-04-26,Regular
CUST03701,Customer 03701,Male,61,Madurai,Tamil Nadu,2023-03-01,Regular
CUST03702,Customer 03702,Male,59,Pune,Maharashtra,2025-03-11,Regular
CUST03703,Customer 03703,Male,29,Delhi,Delhi,2023-10-23,New
CUST03704,Customer 03704,Female,57,Kolkata,West Bengal,2025-10-31,Regular
CUST03705,Customer 03705,Male,44,Coimbatore,Tamil Nadu,2022-08-14,Regular
CUST03706,Customer 03706,Male,23,Pune,Maharashtra,2026-02-06,Loyal
CUST03707,Customer 03707,Male,41,Hyderabad,Telangana,2022-01-25,Regular
CUST03708,Customer 03708,Female,50,Pune,Maharashtra,2025-10-20,New
CUST03709,Customer 03709,Female,62,Hyderabad,Telangana,2022-04-05,Regular
CUST03710,Customer 03710,Male,33,Coimbatore,Tamil Nadu,2023-05-23,Loyal
CUST03711,Customer 03711,Male,29,Chennai,Tamil Nadu,2023-07-19,New
CUST03712,Customer 03712,Male,48,Kolkata,West Bengal,2025-04-14,Loyal
CUST03713,Customer 03713,Female,54,Ahmedabad,Gujarat,2023-10-06,New
CUST03714,Customer 03714,Male,30,Ahmedabad,Gujarat,2025-12-02,Regular
CUST03715,Customer 03715,Female,25,Bengaluru,Karnataka,2023-05-05,VIP
CUST03716,Customer 03716,Male,55,Madurai,Tamil Nadu,2023-04-04,Regular
CUST03717,Customer 03717,Male,20,Chennai,Tamil Nadu,2025-12-07,Regular
CUST03718,Customer 03718,Female,37,Ahmedabad,Gujarat,2024-06-19,New
CUST03719,Customer 03719,Male,21,Pune,Maharashtra,2022-12-04,New
CUST03720,Customer 03720,Female,61,Madurai,Tamil Nadu,2024-08-20,Regular
CUST03721,Customer 03721,Male,62,Chennai,Tamil Nadu,2025-09-16,Regular
CUST03722,Customer 03722,Female,19,Delhi,Delhi,2025-05-21,Regular
CUST03723,Customer 03723,Female,53,Delhi,Delhi,2022-12-11,Loyal
CUST03724,Customer 03724,Female,40,Madurai,Tamil Nadu,2023-07-30,Regular
CUST03725,Customer 03725,Male,62,Hyderabad,Telangana,2026-04-20,Regular
CUST03726,Customer 03726,Male,36,Hyderabad,Telangana,2026-03-28,Regular
CUST03727,Customer 03727,Male,57,Pune,Maharashtra,2024-07-31,Regular
CUST03728,Customer 03728,Female,25,Chennai,Tamil Nadu,2022-12-12,Regular
CUST03729,Customer 03729,Female,33,Chennai,Tamil Nadu,2025-06-25,Regular
CUST03730,Customer 03730,Male,60,Madurai,Tamil Nadu,2022-11-21,Loyal
CUST03731,Customer 03731,Male,35,Mumbai,Maharashtra,2023-04-12,Regular
CUST03732,Customer 03732,Female,53,Delhi,Delhi,2022-04-01,Regular
CUST03733,Customer 03733,Male,41,Chennai,Tamil Nadu,2022-10-21,Regular
CUST03734,Customer 03734,Male,18,Madurai,Tamil Nadu,2026-04-14,New
CUST03735,Customer 03735,Male,18,Coimbatore,Tamil Nadu,2023-06-08,Loyal
CUST03736,Customer 03736,Female,63,Bengaluru,Karnataka,2024-04-29,Regular
CUST03737,Customer 03737,Female,53,Coimbatore,Tamil Nadu,2022-09-16,Regular
CUST03738,Customer 03738,Other,28,Kolkata,West Bengal,2025-01-15,Loyal
CUST03739,Customer 03739,Male,35,Pune,Maharashtra,2025-03-27,Loyal
CUST03740,Customer 03740,Female,33,Chennai,Tamil Nadu,2026-02-26,Regular
CUST03741,Customer 03741,Female,34,Kolkata,West Bengal,2022-07-05,Loyal
CUST03742,Customer 03742,Male,41,Ahmedabad,Gujarat,2022-12-10,Regular
CUST03743,Customer 03743,Female,51,Kolkata,West Bengal,2024-03-31,Regular
CUST03744,Customer 03744,Male,21,Madurai,Tamil Nadu,2024-01-11,New
CUST03745,Customer 03745,Male,52,Chennai,Tamil Nadu,2026-03-20,New
CUST03746,Customer 03746,Male,32,Bengaluru,Karnataka,2023-07-23,New
CUST03747,Customer 03747,Male,19,Madurai,Tamil Nadu,2024-08-07,Regular
CUST03748,Customer 03748,Female,48,Madurai,Tamil Nadu,2023-05-24,New
CUST03749,Customer 03749,Male,26,Pune,Maharashtra,2026-04-13,Regular
CUST03750,Customer 03750,Male,27,Pune,Maharashtra,2022-01-16,Regular
CUST03751,Customer 03751,Male,42,Delhi,Delhi,2023-06-09,Loyal
CUST03752,Customer 03752,Female,22,Delhi,Delhi,2022-07-19,New
CUST03753,Customer 03753,Female,31,Hyderabad,Telangana,2025-04-22,New
CUST03754,Customer 03754,Female,59,Mumbai,Maharashtra,2022-11-05,Regular
CUST03755,Customer 03755,Female,65,Chennai,Tamil Nadu,2026-03-12,Regular
CUST03756,Customer 03756,Male,55,Chennai,Tamil Nadu,2025-07-28,New
CUST03757,Customer 03757,Male,57,Kolkata,West Bengal,2025-03-27,VIP
CUST03758,Customer 03758,Female,19,Chennai,Tamil Nadu,2025-10-15,Regular
CUST03759,Customer 03759,Male,35,Chennai,Tamil Nadu,2022-09-16,Loyal
CUST03760,Customer 03760,Male,46,Mumbai,Maharashtra,2025-03-26,New
CUST03761,Customer 03761,Female,37,Ahmedabad,Gujarat,2023-03-01,Loyal
CUST03762,Customer 03762,Male,25,Delhi,Delhi,2024-02-18,Regular
CUST03763,Customer 03763,Male,54,Delhi,Delhi,2024-11-10,Loyal
CUST03764,Customer 03764,Male,65,Bengaluru,Karnataka,2023-10-01,Regular
CUST03765,Customer 03765,Male,43,Chennai,Tamil Nadu,2025-10-02,New
CUST03766,Customer 03766,Female,54,Mumbai,Maharashtra,2024-07-08,Regular
CUST03767,Customer 03767,Female,21,Delhi,Delhi,2024-10-08,Regular
CUST03768,Customer 03768,Female,50,Mumbai,Maharashtra,2022-12-16,New
CUST03769,Customer 03769,Female,39,Coimbatore,Tamil Nadu,2024-08-18,New
CUST03770,Customer 03770,Male,23,Ahmedabad,Gujarat,2025-11-09,Loyal
CUST03771,Customer 03771,Male,50,Chennai,Tamil Nadu,2023-03-14,New
CUST03772,Customer 03772,Male,45,Bengaluru,Karnataka,2023-04-01,Regular
CUST03773,Customer 03773,Male,41,Kolkata,West Bengal,2023-09-16,Regular
CUST03774,Customer 03774,Other,21,Delhi,Delhi,2026-04-19,Regular
CUST03775,Customer 03775,Female,19,Coimbatore,Tamil Nadu,2025-01-08,New
CUST03776,Customer 03776,Male,30,Mumbai,Maharashtra,2026-01-15,Regular
CUST03777,Customer 03777,Male,63,Pune,Maharashtra,2026-04-14,New
CUST03778,Customer 03778,Male,28,Madurai,Tamil Nadu,2026-02-21,Regular
CUST03779,Customer 03779,Male,52,Chennai,Tamil Nadu,2023-10-05,Regular
CUST03780,Customer 03780,Male,56,Chennai,Tamil Nadu,2026-03-27,Loyal
CUST03781,Customer 03781,Female,27,Coimbatore,Tamil Nadu,2023-01-27,New
CUST03782,Customer 03782,Female,60,Mumbai,Maharashtra,2023-07-28,New
CUST03783,Customer 03783,Female,27,Hyderabad,Telangana,2025-10-14,Regular
CUST03784,Customer 03784,Male,25,Chennai,Tamil Nadu,2022-02-02,Regular
CUST03785,Customer 03785,Male,22,Hyderabad,Telangana,2025-03-05,Regular
CUST03786,Customer 03786,Female,40,Pune,Maharashtra,2024-07-09,VIP
CUST03787,Customer 03787,Female,51,Coimbatore,Tamil Nadu,2023-02-14,VIP
CUST03788,Customer 03788,Female,64,Mumbai,Maharashtra,2026-04-02,Regular
CUST03789,Customer 03789,Female,49,Mumbai,Maharashtra,2024-10-19,Regular
CUST03790,Customer 03790,Female,33,Ahmedabad,Gujarat,2025-01-19,Loyal
CUST03791,Customer 03791,Female,21,Madurai,Tamil Nadu,2023-02-17,New
CUST03792,Customer 03792,Male,45,Delhi,Delhi,2022-10-26,Regular
CUST03793,Customer 03793,Female,65,Delhi,Delhi,2026-02-19,Regular
CUST03794,Customer 03794,Male,61,Kolkata,West Bengal,2022-03-14,Regular
CUST03795,Customer 03795,Male,31,Bengaluru,Karnataka,2022-09-18,VIP
CUST03796,Customer 03796,Female,29,Coimbatore,Tamil Nadu,2023-11-21,Loyal
CUST03797,Customer 03797,Male,38,Pune,Maharashtra,2025-08-28,Regular
CUST03798,Customer 03798,Male,65,Mumbai,Maharashtra,2024-08-16,Loyal
CUST03799,Customer 03799,Male,33,Madurai,Tamil Nadu,2024-01-02,Regular
CUST03800,Customer 03800,Male,61,Hyderabad,Telangana,2023-11-16,Loyal
CUST03801,Customer 03801,Male,19,Coimbatore,Tamil Nadu,2025-04-03,Regular
CUST03802,Customer 03802,Male,40,Kolkata,West Bengal,2024-04-19,New
CUST03803,Customer 03803,Male,46,Coimbatore,Tamil Nadu,2022-12-01,New
CUST03804,Customer 03804,Male,63,Kolkata,West Bengal,2026-03-06,Regular
CUST03805,Customer 03805,Other,60,Mumbai,Maharashtra,2024-01-02,Regular
CUST03806,Customer 03806,Male,26,Bengaluru,Karnataka,2024-03-14,New
CUST03807,Customer 03807,Male,24,Kolkata,West Bengal,2025-03-30,VIP
CUST03808,Customer 03808,Female,46,Mumbai,Maharashtra,2023-01-25,Loyal
CUST03809,Customer 03809,Female,61,Mumbai,Maharashtra,2024-01-30,Regular
CUST03810,Customer 03810,Female,34,Bengaluru,Karnataka,2024-06-01,Loyal
CUST03811,Customer 03811,Male,26,Delhi,Delhi,2024-08-29,VIP
CUST03812,Customer 03812,Female,23,Coimbatore,Tamil Nadu,2024-12-30,Regular
CUST03813,Customer 03813,Female,61,Chennai,Tamil Nadu,2024-07-29,Regular
CUST03814,Customer 03814,Female,37,Chennai,Tamil Nadu,2025-01-20,Loyal
CUST03815,Customer 03815,Female,27,Hyderabad,Telangana,2024-06-21,Regular
CUST03816,Customer 03816,Female,26,Hyderabad,Telangana,2025-10-16,New
CUST03817,Customer 03817,Female,29,Chennai,Tamil Nadu,2025-09-06,Regular
CUST03818,Customer 03818,Female,50,Pune,Maharashtra,2025-06-22,Regular
CUST03819,Customer 03819,Male,49,Chennai,Tamil Nadu,2022-01-24,VIP
CUST03820,Customer 03820,Female,51,Hyderabad,Telangana,2023-07-11,Regular
CUST03821,Customer 03821,Female,36,Madurai,Tamil Nadu,2023-12-02,Loyal
CUST03822,Customer 03822,Male,50,Hyderabad,Telangana,2023-02-07,Loyal
CUST03823,Customer 03823,Other,65,Pune,Maharashtra,2025-10-28,Regular
CUST03824,Customer 03824,Male,33,Coimbatore,Tamil Nadu,2025-08-02,Loyal
CUST03825,Customer 03825,Male,40,Chennai,Tamil Nadu,2023-03-17,New
CUST03826,Customer 03826,Female,43,Bengaluru,Karnataka,2024-05-31,Regular
CUST03827,Customer 03827,Male,62,Madurai,Tamil Nadu,2025-10-07,Loyal
CUST03828,Customer 03828,Male,61,Mumbai,Maharashtra,2024-07-14,Regular
CUST03829,Customer 03829,Male,58,Pune,Maharashtra,2025-05-27,Loyal
CUST03830,Customer 03830,Male,54,Hyderabad,Telangana,2023-04-30,Regular
CUST03831,Customer 03831,Male,26,Bengaluru,Karnataka,2026-01-06,Loyal
CUST03832,Customer 03832,Male,47,Kolkata,West Bengal,2025-05-26,New
CUST03833,Customer 03833,Male,30,Delhi,Delhi,2024-12-26,Regular
CUST03834,Customer 03834,Other,65,Chennai,Tamil Nadu,2022-01-31,Regular
CUST03835,Customer 03835,Other,59,Delhi,Delhi,2022-11-18,Regular
CUST03836,Customer 03836,Male,33,Pune,Maharashtra,2025-06-27,New
CUST03837,Customer 03837,Female,63,Kolkata,West Bengal,2023-07-20,Regular
CUST03838,Customer 03838,Male,19,Kolkata,West Bengal,2022-01-10,Regular
CUST03839,Customer 03839,Male,48,Kolkata,West Bengal,2023-11-09,Regular
CUST03840,Customer 03840,Male,60,Mumbai,Maharashtra,2024-04-30,Regular
CUST03841,Customer 03841,Other,36,Pune,Maharashtra,2024-07-15,Regular
CUST03842,Customer 03842,Female,28,Coimbatore,Tamil Nadu,2022-10-12,VIP
CUST03843,Customer 03843,Male,31,Delhi,Delhi,2022-06-02,VIP
CUST03844,Customer 03844,Male,64,Coimbatore,Tamil Nadu,2026-04-17,Regular
CUST03845,Customer 03845,Male,42,Bengaluru,Karnataka,2026-04-02,Regular
CUST03846,Customer 03846,Female,24,Ahmedabad,Gujarat,2023-01-06,Regular
CUST03847,Customer 03847,Female,32,Madurai,Tamil Nadu,2022-10-28,New
CUST03848,Customer 03848,Male,47,Madurai,Tamil Nadu,2022-05-26,Regular
CUST03849,Customer 03849,Female,48,Coimbatore,Tamil Nadu,2024-12-11,New
CUST03850,Customer 03850,Male,41,Ahmedabad,Gujarat,2025-11-28,New
CUST03851,Customer 03851,Female,42,Ahmedabad,Gujarat,2023-12-03,Regular
CUST03852,Customer 03852,Female,25,Chennai,Tamil Nadu,2022-05-21,Regular
CUST03853,Customer 03853,Male,47,Bengaluru,Karnataka,2025-01-16,New
CUST03854,Customer 03854,Female,53,Pune,Maharashtra,2025-12-21,Loyal
CUST03855,Customer 03855,Female,31,Ahmedabad,Gujarat,2022-03-25,Loyal
CUST03856,Customer 03856,Male,46,Hyderabad,Telangana,2025-06-20,Loyal
CUST03857,Customer 03857,Male,44,Madurai,Tamil Nadu,2025-02-03,Regular
CUST03858,Customer 03858,Female,53,Hyderabad,Telangana,2025-10-10,New
CUST03859,Customer 03859,Male,51,Bengaluru,Karnataka,2022-01-21,New
CUST03860,Customer 03860,Male,38,Ahmedabad,Gujarat,2024-10-26,Regular
CUST03861,Customer 03861,Male,55,Delhi,Delhi,2024-08-24,New
CUST03862,Customer 03862,Female,28,Madurai,Tamil Nadu,2025-05-29,Loyal
CUST03863,Customer 03863,Female,50,Chennai,Tamil Nadu,2025-01-15,VIP
CUST03864,Customer 03864,Female,32,Chennai,Tamil Nadu,2023-03-29,Loyal
CUST03865,Customer 03865,Female,29,Kolkata,West Bengal,2022-12-08,Loyal
CUST03866,Customer 03866,Male,41,Mumbai,Maharashtra,2023-01-28,Regular
CUST03867,Customer 03867,Female,54,Ahmedabad,Gujarat,2025-10-07,Loyal
CUST03868,Customer 03868,Female,28,Bengaluru,Karnataka,2025-06-23,VIP
CUST03869,Customer 03869,Male,36,Madurai,Tamil Nadu,2024-09-29,Regular
CUST03870,Customer 03870,Male,18,Mumbai,Maharashtra,2025-02-10,New
CUST03871,Customer 03871,Male,34,Bengaluru,Karnataka,2024-08-28,New
CUST03872,Customer 03872,Female,57,Coimbatore,Tamil Nadu,2022-06-07,Regular
CUST03873,Customer 03873,Female,33,Ahmedabad,Gujarat,2024-03-21,Regular
CUST03874,Customer 03874,Female,43,Pune,Maharashtra,2025-06-14,Loyal
CUST03875,Customer 03875,Other,60,Pune,Maharashtra,2023-11-30,Regular
CUST03876,Customer 03876,Male,60,Ahmedabad,Gujarat,2025-06-20,Regular
CUST03877,Customer 03877,Female,32,Kolkata,West Bengal,2022-06-15,New
CUST03878,Customer 03878,Female,25,Kolkata,West Bengal,2022-02-03,Regular
CUST03879,Customer 03879,Male,47,Pune,Maharashtra,2022-09-12,Regular
CUST03880,Customer 03880,Other,31,Delhi,Delhi,2022-10-29,Loyal
CUST03881,Customer 03881,Male,50,Madurai,Tamil Nadu,2022-08-08,Regular
CUST03882,Customer 03882,Female,59,Pune,Maharashtra,2024-11-21,VIP
CUST03883,Customer 03883,Female,24,Delhi,Delhi,2024-07-23,Regular
CUST03884,Customer 03884,Female,35,Mumbai,Maharashtra,2023-05-24,Regular
CUST03885,Customer 03885,Female,29,Delhi,Delhi,2026-02-14,Loyal
CUST03886,Customer 03886,Male,19,Mumbai,Maharashtra,2025-06-10,VIP
CUST03887,Customer 03887,Female,46,Bengaluru,Karnataka,2024-08-10,New
CUST03888,Customer 03888,Male,38,Hyderabad,Telangana,2022-08-03,Loyal
CUST03889,Customer 03889,Female,24,Bengaluru,Karnataka,2025-06-19,New
CUST03890,Customer 03890,Female,44,Pune,Maharashtra,2022-09-02,Regular
CUST03891,Customer 03891,Female,29,Mumbai,Maharashtra,2022-01-20,New
CUST03892,Customer 03892,Male,37,Pune,Maharashtra,2022-07-29,Regular
CUST03893,Customer 03893,Female,31,Ahmedabad,Gujarat,2023-03-02,Regular
CUST03894,Customer 03894,Female,27,Madurai,Tamil Nadu,2024-09-26,Regular
CUST03895,Customer 03895,Female,58,Chennai,Tamil Nadu,2024-09-07,Regular
CUST03896,Customer 03896,Male,40,Pune,Maharashtra,2022-03-13,Regular
CUST03897,Customer 03897,Male,47,Madurai,Tamil Nadu,2022-06-27,Regular
CUST03898,Customer 03898,Male,64,Delhi,Delhi,2026-03-27,Loyal
CUST03899,Customer 03899,Female,48,Bengaluru,Karnataka,2022-10-26,Regular
CUST03900,Customer 03900,Female,27,Delhi,Delhi,2022-09-23,Regular
CUST03901,Customer 03901,Other,36,Chennai,Tamil Nadu,2023-06-04,VIP
CUST03902,Customer 03902,Male,36,Mumbai,Maharashtra,2026-02-27,Regular
CUST03903,Customer 03903,Male,61,Ahmedabad,Gujarat,2022-10-02,Regular
CUST03904,Customer 03904,Female,40,Madurai,Tamil Nadu,2024-08-05,Regular
CUST03905,Customer 03905,Female,61,Ahmedabad,Gujarat,2022-02-22,New
CUST03906,Customer 03906,Female,58,Hyderabad,Telangana,2024-03-22,Regular
CUST03907,Customer 03907,Female,49,Pune,Maharashtra,2025-11-24,Loyal
CUST03908,Customer 03908,Male,37,Mumbai,Maharashtra,2025-12-08,New
CUST03909,Customer 03909,Female,21,Hyderabad,Telangana,2023-05-04,Regular
CUST03910,Customer 03910,Female,50,Coimbatore,Tamil Nadu,2023-05-17,Regular
CUST03911,Customer 03911,Female,65,Pune,Maharashtra,2022-11-03,Regular
CUST03912,Customer 03912,Male,18,Delhi,Delhi,2023-02-21,Loyal
CUST03913,Customer 03913,Male,30,Bengaluru,Karnataka,2023-05-24,Loyal
CUST03914,Customer 03914,Male,20,Madurai,Tamil Nadu,2024-07-09,Regular
CUST03915,Customer 03915,Female,29,Chennai,Tamil Nadu,2026-04-03,Loyal
CUST03916,Customer 03916,Male,46,Chennai,Tamil Nadu,2023-09-30,Loyal
CUST03917,Customer 03917,Male,48,Delhi,Delhi,2023-10-28,Regular
CUST03918,Customer 03918,Male,58,Kolkata,West Bengal,2022-01-06,VIP
CUST03919,Customer 03919,Female,53,Chennai,Tamil Nadu,2023-02-26,Loyal
CUST03920,Customer 03920,Male,19,Madurai,Tamil Nadu,2026-01-14,Regular
CUST03921,Customer 03921,Female,39,Delhi,Delhi,2025-12-21,Regular
CUST03922,Customer 03922,Male,39,Mumbai,Maharashtra,2023-01-25,Loyal
CUST03923,Customer 03923,Male,58,Chennai,Tamil Nadu,2022-11-30,Regular
CUST03924,Customer 03924,Female,48,Ahmedabad,Gujarat,2026-01-11,Loyal
CUST03925,Customer 03925,Male,62,Delhi,Delhi,2022-12-04,Regular
CUST03926,Customer 03926,Male,31,Madurai,Tamil Nadu,2024-04-27,Regular
CUST03927,Customer 03927,Male,46,Ahmedabad,Gujarat,2025-01-16,New
CUST03928,Customer 03928,Female,52,Pune,Maharashtra,2022-09-26,Regular
CUST03929,Customer 03929,Female,26,Pune,Maharashtra,2022-03-06,Regular
CUST03930,Customer 03930,Male,64,Chennai,Tamil Nadu,2023-11-09,Loyal
CUST03931,Customer 03931,Male,49,Ahmedabad,Gujarat,2024-12-23,Regular
CUST03932,Customer 03932,Other,44,Bengaluru,Karnataka,2025-07-17,New
CUST03933,Customer 03933,Female,27,Pune,Maharashtra,2023-10-19,Regular
CUST03934,Customer 03934,Male,42,Bengaluru,Karnataka,2025-11-01,Regular
CUST03935,Customer 03935,Female,62,Mumbai,Maharashtra,2024-02-20,Loyal
CUST03936,Customer 03936,Female,50,Delhi,Delhi,2022-11-25,Loyal
CUST03937,Customer 03937,Female,28,Hyderabad,Telangana,2023-06-02,Regular
CUST03938,Customer 03938,Male,54,Madurai,Tamil Nadu,2024-05-11,New
CUST03939,Customer 03939,Male,26,Delhi,Delhi,2023-02-25,Regular
CUST03940,Customer 03940,Male,24,Madurai,Tamil Nadu,2025-08-29,Regular
CUST03941,Customer 03941,Female,24,Ahmedabad,Gujarat,2022-11-05,Loyal
CUST03942,Customer 03942,Female,51,Mumbai,Maharashtra,2024-03-24,New
CUST03943,Customer 03943,Male,36,Coimbatore,Tamil Nadu,2024-04-25,Regular
CUST03944,Customer 03944,Female,37,Chennai,Tamil Nadu,2024-08-19,Regular
CUST03945,Customer 03945,Female,59,Madurai,Tamil Nadu,2025-04-27,VIP
CUST03946,Customer 03946,Other,42,Madurai,Tamil Nadu,2023-12-22,VIP
CUST03947,Customer 03947,Female,22,Ahmedabad,Gujarat,2024-12-01,VIP
CUST03948,Customer 03948,Other,65,Bengaluru,Karnataka,2023-08-13,Loyal
CUST03949,Customer 03949,Male,46,Delhi,Delhi,2022-11-16,Loyal
CUST03950,Customer 03950,Female,44,Coimbatore,Tamil Nadu,2024-10-07,Loyal
CUST03951,Customer 03951,Female,42,Kolkata,West Bengal,2023-03-21,Loyal
CUST03952,Customer 03952,Male,54,Chennai,Tamil Nadu,2025-10-29,VIP
CUST03953,Customer 03953,Male,32,Hyderabad,Telangana,2022-10-13,Regular
CUST03954,Customer 03954,Other,65,Kolkata,West Bengal,2022-06-20,Regular
CUST03955,Customer 03955,Male,21,Delhi,Delhi,2022-09-20,Regular
CUST03956,Customer 03956,Female,31,Chennai,Tamil Nadu,2024-07-30,Regular
CUST03957,Customer 03957,Male,34,Madurai,Tamil Nadu,2026-04-08,Loyal
CUST03958,Customer 03958,Male,38,Hyderabad,Telangana,2022-05-22,Loyal
CUST03959,Customer 03959,Male,33,Bengaluru,Karnataka,2025-03-17,Regular
CUST03960,Customer 03960,Male,43,Coimbatore,Tamil Nadu,2026-01-03,Regular
CUST03961,Customer 03961,Female,26,Bengaluru,Karnataka,2023-09-20,VIP
CUST03962,Customer 03962,Female,19,Mumbai,Maharashtra,2023-08-16,New
CUST03963,Customer 03963,Male,60,Ahmedabad,Gujarat,2023-02-20,New
CUST03964,Customer 03964,Male,32,Chennai,Tamil Nadu,2022-01-25,Loyal
CUST03965,Customer 03965,Male,52,Bengaluru,Karnataka,2023-09-19,New
CUST03966,Customer 03966,Male,41,Kolkata,West Bengal,2022-04-04,Regular
CUST03967,Customer 03967,Female,65,Ahmedabad,Gujarat,2022-11-01,Regular
CUST03968,Customer 03968,Male,55,Bengaluru,Karnataka,2022-07-04,New
CUST03969,Customer 03969,Male,31,Pune,Maharashtra,2022-10-10,Regular
CUST03970,Customer 03970,Female,54,Mumbai,Maharashtra,2025-03-24,Regular
CUST03971,Customer 03971,Male,54,Delhi,Delhi,2023-11-17,Regular
CUST03972,Customer 03972,Male,23,Coimbatore,Tamil Nadu,2024-05-12,New
CUST03973,Customer 03973,Male,35,Mumbai,Maharashtra,2023-11-16,Loyal
CUST03974,Customer 03974,Female,39,Ahmedabad,Gujarat,2023-10-28,Regular
CUST03975,Customer 03975,Female,35,Pune,Maharashtra,2024-11-03,Regular
CUST03976,Customer 03976,Female,19,Chennai,Tamil Nadu,2024-06-08,Regular
CUST03977,Customer 03977,Male,49,Kolkata,West Bengal,2024-03-26,Regular
CUST03978,Customer 03978,Male,34,Coimbatore,Tamil Nadu,2022-12-07,Regular
CUST03979,Customer 03979,Female,18,Coimbatore,Tamil Nadu,2023-08-27,Regular
CUST03980,Customer 03980,Female,26,Mumbai,Maharashtra,2024-01-04,VIP
CUST03981,Customer 03981,Other,30,Ahmedabad,Gujarat,2026-02-05,Loyal
CUST03982,Customer 03982,Male,53,Chennai,Tamil Nadu,2024-03-29,Regular
CUST03983,Customer 03983,Male,54,Madurai,Tamil Nadu,2024-06-25,New
CUST03984,Customer 03984,Female,47,Pune,Maharashtra,2025-02-05,Regular
CUST03985,Customer 03985,Female,48,Madurai,Tamil Nadu,2025-09-16,New
CUST03986,Customer 03986,Female,40,Kolkata,West Bengal,2023-06-24,Loyal
CUST03987,Customer 03987,Female,45,Chennai,Tamil Nadu,2023-03-15,Regular
CUST03988,Customer 03988,Female,27,Chennai,Tamil Nadu,2024-09-14,Loyal
CUST03989,Customer 03989,Female,42,Pune,Maharashtra,2023-10-28,VIP
CUST03990,Customer 03990,Female,53,Hyderabad,Telangana,2023-01-19,Regular
CUST03991,Customer 03991,Other,43,Madurai,Tamil Nadu,2023-08-05,Regular
CUST03992,Customer 03992,Female,43,Bengaluru,Karnataka,2022-06-09,Regular
CUST03993,Customer 03993,Male,62,Coimbatore,Tamil Nadu,2023-03-08,New
CUST03994,Customer 03994,Male,30,Hyderabad,Telangana,2025-11-20,Loyal
CUST03995,Customer 03995,Female,34,Bengaluru,Karnataka,2023-09-07,Regular
CUST03996,Customer 03996,Male,57,Ahmedabad,Gujarat,2023-05-03,New
CUST03997,Customer 03997,Female,21,Pune,Maharashtra,2025-04-27,Loyal
CUST03998,Customer 03998,Male,40,Ahmedabad,Gujarat,2025-12-12,New
CUST03999,Customer 03999,Male,52,Coimbatore,Tamil Nadu,2022-12-09,New
CUST04000,Customer 04000,Female,28,Delhi,Delhi,2025-10-16,Regular
CUST04001,Customer 04001,Male,29,Bengaluru,Karnataka,2022-04-19,Regular
CUST04002,Customer 04002,Male,26,Hyderabad,Telangana,2024-04-28,Regular
CUST04003,Customer 04003,Male,32,Bengaluru,Karnataka,2022-10-28,Regular
CUST04004,Customer 04004,Female,62,Bengaluru,Karnataka,2025-10-23,New
CUST04005,Customer 04005,Male,54,Pune,Maharashtra,2025-07-02,Regular
CUST04006,Customer 04006,Female,22,Ahmedabad,Gujarat,2025-09-01,Regular
CUST04007,Customer 04007,Male,36,Madurai,Tamil Nadu,2023-12-06,VIP
CUST04008,Customer 04008,Female,28,Delhi,Delhi,2024-12-30,New
CUST04009,Customer 04009,Male,26,Pune,Maharashtra,2022-09-26,Regular
CUST04010,Customer 04010,Male,52,Kolkata,West Bengal,2026-03-05,VIP
CUST04011,Customer 04011,Male,44,Pune,Maharashtra,2025-05-17,VIP
CUST04012,Customer 04012,Male,30,Coimbatore,Tamil Nadu,2023-04-23,Loyal
CUST04013,Customer 04013,Female,29,Delhi,Delhi,2022-06-25,New
CUST04014,Customer 04014,Male,26,Chennai,Tamil Nadu,2022-08-27,Regular
CUST04015,Customer 04015,Male,59,Kolkata,West Bengal,2024-06-11,Regular
CUST04016,Customer 04016,Female,45,Mumbai,Maharashtra,2023-09-02,Loyal
CUST04017,Customer 04017,Male,30,Pune,Maharashtra,2024-05-08,New
CUST04018,Customer 04018,Male,37,Bengaluru,Karnataka,2026-01-05,New
CUST04019,Customer 04019,Female,30,Madurai,Tamil Nadu,2023-05-07,Regular
CUST04020,Customer 04020,Female,44,Chennai,Tamil Nadu,2022-04-09,New
CUST04021,Customer 04021,Male,43,Pune,Maharashtra,2022-11-25,Regular
CUST04022,Customer 04022,Male,46,Pune,Maharashtra,2025-09-11,Loyal
CUST04023,Customer 04023,Other,46,Hyderabad,Telangana,2023-03-21,Loyal
CUST04024,Customer 04024,Male,39,Hyderabad,Telangana,2024-09-24,Regular
CUST04025,Customer 04025,Other,26,Chennai,Tamil Nadu,2022-10-22,Loyal
CUST04026,Customer 04026,Male,41,Ahmedabad,Gujarat,2023-03-18,New
CUST04027,Customer 04027,Female,59,Hyderabad,Telangana,2024-03-05,Regular
CUST04028,Customer 04028,Male,36,Bengaluru,Karnataka,2024-06-09,Regular
CUST04029,Customer 04029,Female,55,Kolkata,West Bengal,2022-01-31,New
CUST04030,Customer 04030,Male,48,Mumbai,Maharashtra,2025-02-28,New
CUST04031,Customer 04031,Female,56,Delhi,Delhi,2026-03-31,Regular
CUST04032,Customer 04032,Male,32,Mumbai,Maharashtra,2023-03-14,VIP
CUST04033,Customer 04033,Male,49,Mumbai,Maharashtra,2025-09-11,Loyal
CUST04034,Customer 04034,Female,63,Delhi,Delhi,2025-07-14,Regular
CUST04035,Customer 04035,Female,65,Hyderabad,Telangana,2022-10-13,New
CUST04036,Customer 04036,Female,63,Chennai,Tamil Nadu,2022-10-18,New
CUST04037,Customer 04037,Male,46,Delhi,Delhi,2023-01-03,Regular
CUST04038,Customer 04038,Female,51,Coimbatore,Tamil Nadu,2023-05-01,New
CUST04039,Customer 04039,Male,26,Ahmedabad,Gujarat,2023-07-09,New
CUST04040,Customer 04040,Other,52,Kolkata,West Bengal,2022-06-17,Regular
CUST04041,Customer 04041,Female,23,Madurai,Tamil Nadu,2026-02-03,Regular
CUST04042,Customer 04042,Male,54,Hyderabad,Telangana,2025-04-08,Regular
CUST04043,Customer 04043,Female,31,Ahmedabad,Gujarat,2024-02-10,Loyal
CUST04044,Customer 04044,Female,64,Delhi,Delhi,2025-10-01,Loyal
CUST04045,Customer 04045,Male,26,Coimbatore,Tamil Nadu,2022-03-19,Regular
CUST04046,Customer 04046,Female,36,Madurai,Tamil Nadu,2024-04-30,New
CUST04047,Customer 04047,Male,40,Kolkata,West Bengal,2025-01-13,Loyal
CUST04048,Customer 04048,Female,58,Kolkata,West Bengal,2024-06-10,Regular
CUST04049,Customer 04049,Male,45,Hyderabad,Telangana,2023-10-23,New
CUST04050,Customer 04050,Male,33,Delhi,Delhi,2025-05-09,Regular
CUST04051,Customer 04051,Male,43,Ahmedabad,Gujarat,2023-08-12,Regular
CUST04052,Customer 04052,Female,55,Chennai,Tamil Nadu,2025-10-16,Regular
CUST04053,Customer 04053,Female,57,Ahmedabad,Gujarat,2024-02-01,Regular
CUST04054,Customer 04054,Other,42,Ahmedabad,Gujarat,2023-07-19,Regular
CUST04055,Customer 04055,Male,52,Kolkata,West Bengal,2024-03-22,Loyal
CUST04056,Customer 04056,Male,22,Chennai,Tamil Nadu,2022-10-29,Regular
CUST04057,Customer 04057,Female,24,Chennai,Tamil Nadu,2022-10-20,New
CUST04058,Customer 04058,Female,40,Hyderabad,Telangana,2022-10-21,New
CUST04059,Customer 04059,Male,42,Madurai,Tamil Nadu,2022-04-19,Regular
CUST04060,Customer 04060,Male,18,Pune,Maharashtra,2022-12-31,Regular
CUST04061,Customer 04061,Female,39,Mumbai,Maharashtra,2023-08-23,Regular
CUST04062,Customer 04062,Male,21,Mumbai,Maharashtra,2023-11-09,Regular
CUST04063,Customer 04063,Female,45,Kolkata,West Bengal,2026-02-26,New
CUST04064,Customer 04064,Female,65,Pune,Maharashtra,2025-07-14,Loyal
CUST04065,Customer 04065,Female,31,Madurai,Tamil Nadu,2022-04-03,Loyal
CUST04066,Customer 04066,Female,50,Pune,Maharashtra,2024-12-23,New
CUST04067,Customer 04067,Male,21,Hyderabad,Telangana,2023-03-04,Regular
CUST04068,Customer 04068,Female,59,Ahmedabad,Gujarat,2023-09-30,VIP
CUST04069,Customer 04069,Female,28,Kolkata,West Bengal,2023-01-03,New
CUST04070,Customer 04070,Male,56,Chennai,Tamil Nadu,2022-04-15,Loyal
CUST04071,Customer 04071,Female,49,Kolkata,West Bengal,2022-07-28,Regular
CUST04072,Customer 04072,Male,21,Mumbai,Maharashtra,2026-05-17,Regular
CUST04073,Customer 04073,Female,18,Madurai,Tamil Nadu,2024-10-08,New
CUST04074,Customer 04074,Male,43,Pune,Maharashtra,2023-04-19,Loyal
CUST04075,Customer 04075,Female,50,Madurai,Tamil Nadu,2024-12-20,Regular
CUST04076,Customer 04076,Male,34,Hyderabad,Telangana,2025-10-01,Loyal
CUST04077,Customer 04077,Male,44,Kolkata,West Bengal,2022-01-12,Loyal
CUST04078,Customer 04078,Other,59,Delhi,Delhi,2023-04-11,Regular
CUST04079,Customer 04079,Female,22,Kolkata,West Bengal,2023-10-11,Regular
CUST04080,Customer 04080,Male,24,Chennai,Tamil Nadu,2025-05-03,New
CUST04081,Customer 04081,Male,42,Kolkata,West Bengal,2025-01-02,New
CUST04082,Customer 04082,Male,25,Coimbatore,Tamil Nadu,2024-05-24,Loyal
CUST04083,Customer 04083,Female,51,Hyderabad,Telangana,2023-01-21,New
CUST04084,Customer 04084,Female,58,Bengaluru,Karnataka,2025-03-05,Regular
CUST04085,Customer 04085,Female,21,Hyderabad,Telangana,2024-06-02,Regular
CUST04086,Customer 04086,Female,29,Pune,Maharashtra,2023-07-09,Loyal
CUST04087,Customer 04087,Female,48,Bengaluru,Karnataka,2025-12-30,Regular
CUST04088,Customer 04088,Male,28,Pune,Maharashtra,2024-11-28,VIP
CUST04089,Customer 04089,Male,54,Pune,Maharashtra,2026-04-16,Loyal
CUST04090,Customer 04090,Female,61,Chennai,Tamil Nadu,2023-10-16,Loyal
CUST04091,Customer 04091,Female,53,Chennai,Tamil Nadu,2025-09-05,New
CUST04092,Customer 04092,Female,62,Ahmedabad,Gujarat,2024-05-14,Regular
CUST04093,Customer 04093,Female,39,Mumbai,Maharashtra,2024-09-15,New
CUST04094,Customer 04094,Female,18,Ahmedabad,Gujarat,2026-04-29,Regular
CUST04095,Customer 04095,Female,21,Ahmedabad,Gujarat,2022-12-19,Loyal
CUST04096,Customer 04096,Male,53,Mumbai,Maharashtra,2023-05-29,New
CUST04097,Customer 04097,Male,25,Delhi,Delhi,2026-02-15,New
CUST04098,Customer 04098,Other,42,Bengaluru,Karnataka,2025-12-10,Regular
CUST04099,Customer 04099,Female,45,Madurai,Tamil Nadu,2024-03-14,New
CUST04100,Customer 04100,Male,55,Ahmedabad,Gujarat,2025-10-25,Regular
CUST04101,Customer 04101,Male,53,Kolkata,West Bengal,2022-12-09,New
CUST04102,Customer 04102,Male,53,Kolkata,West Bengal,2025-09-10,Regular
CUST04103,Customer 04103,Male,60,Pune,Maharashtra,2025-10-22,Regular
CUST04104,Customer 04104,Female,58,Mumbai,Maharashtra,2022-12-02,Regular
CUST04105,Customer 04105,Male,63,Pune,Maharashtra,2025-08-12,Regular
CUST04106,Customer 04106,Female,21,Coimbatore,Tamil Nadu,2022-01-24,Regular
CUST04107,Customer 04107,Male,30,Coimbatore,Tamil Nadu,2024-06-03,Loyal
CUST04108,Customer 04108,Female,55,Madurai,Tamil Nadu,2026-01-05,Loyal
CUST04109,Customer 04109,Male,62,Chennai,Tamil Nadu,2022-04-14,Regular
CUST04110,Customer 04110,Female,42,Chennai,Tamil Nadu,2025-12-06,Regular
CUST04111,Customer 04111,Female,20,Mumbai,Maharashtra,2023-07-28,New
CUST04112,Customer 04112,Female,49,Mumbai,Maharashtra,2024-02-14,Loyal
CUST04113,Customer 04113,Male,56,Ahmedabad,Gujarat,2025-08-10,Loyal
CUST04114,Customer 04114,Male,18,Coimbatore,Tamil Nadu,2024-06-05,Regular
CUST04115,Customer 04115,Male,28,Ahmedabad,Gujarat,2022-08-31,Loyal
CUST04116,Customer 04116,Male,19,Chennai,Tamil Nadu,2022-12-08,New
CUST04117,Customer 04117,Female,22,Bengaluru,Karnataka,2023-09-25,Regular
CUST04118,Customer 04118,Female,39,Bengaluru,Karnataka,2024-05-14,VIP
CUST04119,Customer 04119,Female,63,Mumbai,Maharashtra,2022-06-22,Regular
CUST04120,Customer 04120,Female,30,Pune,Maharashtra,2025-12-10,New
CUST04121,Customer 04121,Male,65,Chennai,Tamil Nadu,2022-04-13,Loyal
CUST04122,Customer 04122,Male,40,Bengaluru,Karnataka,2022-06-09,New
CUST04123,Customer 04123,Male,64,Chennai,Tamil Nadu,2025-07-04,Loyal
CUST04124,Customer 04124,Female,48,Hyderabad,Telangana,2023-12-15,New
CUST04125,Customer 04125,Female,52,Kolkata,West Bengal,2023-07-11,Regular
CUST04126,Customer 04126,Male,55,Coimbatore,Tamil Nadu,2023-07-30,Regular
CUST04127,Customer 04127,Male,58,Ahmedabad,Gujarat,2022-07-15,New
CUST04128,Customer 04128,Female,52,Chennai,Tamil Nadu,2024-09-15,Loyal
CUST04129,Customer 04129,Female,62,Kolkata,West Bengal,2025-11-15,Loyal
CUST04130,Customer 04130,Female,30,Hyderabad,Telangana,2024-07-22,Regular
CUST04131,Customer 04131,Male,24,Ahmedabad,Gujarat,2022-03-11,Regular
CUST04132,Customer 04132,Male,22,Chennai,Tamil Nadu,2024-04-22,Loyal
CUST04133,Customer 04133,Other,46,Mumbai,Maharashtra,2022-09-04,Loyal
CUST04134,Customer 04134,Female,25,Kolkata,West Bengal,2022-11-25,Loyal
CUST04135,Customer 04135,Male,25,Ahmedabad,Gujarat,2022-06-07,Regular
CUST04136,Customer 04136,Female,24,Chennai,Tamil Nadu,2024-07-06,New
CUST04137,Customer 04137,Female,36,Kolkata,West Bengal,2023-11-29,Loyal
CUST04138,Customer 04138,Male,56,Hyderabad,Telangana,2024-01-13,Loyal
CUST04139,Customer 04139,Male,40,Chennai,Tamil Nadu,2023-08-08,Regular
CUST04140,Customer 04140,Male,53,Chennai,Tamil Nadu,2022-02-24,Regular
CUST04141,Customer 04141,Male,59,Chennai,Tamil Nadu,2023-05-01,Regular
CUST04142,Customer 04142,Female,49,Madurai,Tamil Nadu,2025-06-20,Loyal
CUST04143,Customer 04143,Male,62,Mumbai,Maharashtra,2025-10-08,Loyal
CUST04144,Customer 04144,Female,21,Hyderabad,Telangana,2023-02-14,Loyal
CUST04145,Customer 04145,Other,47,Ahmedabad,Gujarat,2024-08-17,Regular
CUST04146,Customer 04146,Male,59,Madurai,Tamil Nadu,2024-06-23,Regular
CUST04147,Customer 04147,Male,56,Pune,Maharashtra,2023-12-28,Loyal
CUST04148,Customer 04148,Female,22,Madurai,Tamil Nadu,2024-11-04,New
CUST04149,Customer 04149,Female,20,Coimbatore,Tamil Nadu,2022-05-27,Regular
CUST04150,Customer 04150,Female,39,Coimbatore,Tamil Nadu,2026-02-22,Regular
CUST04151,Customer 04151,Male,45,Chennai,Tamil Nadu,2024-11-14,Loyal
CUST04152,Customer 04152,Male,39,Madurai,Tamil Nadu,2022-11-29,New
CUST04153,Customer 04153,Female,39,Pune,Maharashtra,2025-04-12,New
CUST04154,Customer 04154,Other,51,Madurai,Tamil Nadu,2022-10-17,New
CUST04155,Customer 04155,Male,46,Mumbai,Maharashtra,2023-07-24,Regular
CUST04156,Customer 04156,Female,60,Mumbai,Maharashtra,2024-03-01,Regular
CUST04157,Customer 04157,Male,59,Pune,Maharashtra,2025-03-14,Regular
CUST04158,Customer 04158,Other,30,Madurai,Tamil Nadu,2024-06-27,Loyal
CUST04159,Customer 04159,Female,24,Kolkata,West Bengal,2025-02-19,Regular
CUST04160,Customer 04160,Male,27,Mumbai,Maharashtra,2022-01-27,New
CUST04161,Customer 04161,Female,45,Mumbai,Maharashtra,2024-12-25,Loyal
CUST04162,Customer 04162,Male,21,Bengaluru,Karnataka,2025-01-29,Regular
CUST04163,Customer 04163,Male,49,Madurai,Tamil Nadu,2024-07-14,New
CUST04164,Customer 04164,Male,39,Mumbai,Maharashtra,2023-01-23,Regular
CUST04165,Customer 04165,Male,37,Hyderabad,Telangana,2025-01-22,Loyal
CUST04166,Customer 04166,Male,65,Madurai,Tamil Nadu,2024-12-26,Loyal
CUST04167,Customer 04167,Female,37,Coimbatore,Tamil Nadu,2022-09-07,Regular
CUST04168,Customer 04168,Female,23,Bengaluru,Karnataka,2022-05-22,New
CUST04169,Customer 04169,Male,26,Mumbai,Maharashtra,2022-09-24,Loyal
CUST04170,Customer 04170,Female,45,Bengaluru,Karnataka,2026-04-25,Regular
CUST04171,Customer 04171,Female,30,Coimbatore,Tamil Nadu,2022-08-03,Loyal
CUST04172,Customer 04172,Other,48,Pune,Maharashtra,2023-05-04,Regular
CUST04173,Customer 04173,Female,56,Pune,Maharashtra,2023-05-11,Regular
CUST04174,Customer 04174,Male,31,Madurai,Tamil Nadu,2023-04-25,New
CUST04175,Customer 04175,Male,39,Coimbatore,Tamil Nadu,2023-10-05,New
CUST04176,Customer 04176,Female,54,Delhi,Delhi,2026-02-22,New
CUST04177,Customer 04177,Male,62,Delhi,Delhi,2022-01-01,New
CUST04178,Customer 04178,Male,41,Madurai,Tamil Nadu,2024-10-29,Regular
CUST04179,Customer 04179,Male,25,Chennai,Tamil Nadu,2024-04-20,Regular
CUST04180,Customer 04180,Male,32,Bengaluru,Karnataka,2023-01-15,Regular
CUST04181,Customer 04181,Male,58,Bengaluru,Karnataka,2024-04-23,Regular
CUST04182,Customer 04182,Female,23,Pune,Maharashtra,2025-03-13,Loyal
CUST04183,Customer 04183,Male,40,Delhi,Delhi,2022-10-29,Loyal
CUST04184,Customer 04184,Female,42,Ahmedabad,Gujarat,2023-10-12,New
CUST04185,Customer 04185,Female,48,Mumbai,Maharashtra,2025-12-11,Regular
CUST04186,Customer 04186,Male,63,Mumbai,Maharashtra,2024-03-19,New
CUST04187,Customer 04187,Male,46,Mumbai,Maharashtra,2025-04-17,New
CUST04188,Customer 04188,Male,40,Pune,Maharashtra,2025-07-25,Regular
CUST04189,Customer 04189,Male,27,Coimbatore,Tamil Nadu,2025-03-13,Regular
CUST04190,Customer 04190,Male,26,Kolkata,West Bengal,2022-12-05,Loyal
CUST04191,Customer 04191,Male,30,Delhi,Delhi,2026-01-22,Regular
CUST04192,Customer 04192,Female,49,Delhi,Delhi,2025-09-16,New
CUST04193,Customer 04193,Female,62,Ahmedabad,Gujarat,2025-07-17,Loyal
CUST04194,Customer 04194,Male,58,Bengaluru,Karnataka,2024-09-25,New
CUST04195,Customer 04195,Male,18,Chennai,Tamil Nadu,2025-04-25,New
CUST04196,Customer 04196,Female,18,Madurai,Tamil Nadu,2023-10-28,Regular
CUST04197,Customer 04197,Female,54,Bengaluru,Karnataka,2025-04-10,VIP
CUST04198,Customer 04198,Female,57,Coimbatore,Tamil Nadu,2023-02-08,Regular
CUST04199,Customer 04199,Female,35,Madurai,Tamil Nadu,2026-01-31,Regular
CUST04200,Customer 04200,Male,53,Delhi,Delhi,2022-09-04,Loyal
CUST04201,Customer 04201,Male,48,Coimbatore,Tamil Nadu,2026-03-27,Regular
CUST04202,Customer 04202,Female,18,Madurai,Tamil Nadu,2023-07-13,Loyal
CUST04203,Customer 04203,Male,64,Ahmedabad,Gujarat,2024-02-17,Regular
CUST04204,Customer 04204,Other,53,Ahmedabad,Gujarat,2022-04-21,VIP
CUST04205,Customer 04205,Female,26,Hyderabad,Telangana,2024-09-14,Loyal
CUST04206,Customer 04206,Female,39,Kolkata,West Bengal,2024-03-23,Regular
CUST04207,Customer 04207,Male,45,Ahmedabad,Gujarat,2025-08-19,Regular
CUST04208,Customer 04208,Female,43,Delhi,Delhi,2024-07-18,Loyal
CUST04209,Customer 04209,Female,27,Chennai,Tamil Nadu,2024-06-04,Regular
CUST04210,Customer 04210,Male,64,Mumbai,Maharashtra,2024-06-27,Regular
CUST04211,Customer 04211,Male,20,Hyderabad,Telangana,2026-02-05,Loyal
CUST04212,Customer 04212,Female,19,Mumbai,Maharashtra,2024-03-01,Regular
CUST04213,Customer 04213,Female,54,Kolkata,West Bengal,2022-10-19,New
CUST04214,Customer 04214,Male,48,Madurai,Tamil Nadu,2025-06-29,Regular
CUST04215,Customer 04215,Male,50,Pune,Maharashtra,2022-06-24,Regular
CUST04216,Customer 04216,Female,49,Ahmedabad,Gujarat,2022-04-19,New
CUST04217,Customer 04217,Female,60,Chennai,Tamil Nadu,2024-08-19,Regular
CUST04218,Customer 04218,Female,29,Kolkata,West Bengal,2025-09-25,Loyal
CUST04219,Customer 04219,Female,20,Mumbai,Maharashtra,2024-04-27,New
CUST04220,Customer 04220,Male,65,Hyderabad,Telangana,2024-11-03,New
CUST04221,Customer 04221,Female,43,Ahmedabad,Gujarat,2023-11-24,Loyal
CUST04222,Customer 04222,Male,31,Delhi,Delhi,2025-09-07,Regular
CUST04223,Customer 04223,Female,29,Ahmedabad,Gujarat,2024-08-21,New
CUST04224,Customer 04224,Female,43,Hyderabad,Telangana,2022-02-12,Loyal
CUST04225,Customer 04225,Male,33,Hyderabad,Telangana,2023-04-06,Regular
CUST04226,Customer 04226,Male,25,Pune,Maharashtra,2025-01-30,Regular
CUST04227,Customer 04227,Female,45,Ahmedabad,Gujarat,2023-12-06,Regular
CUST04228,Customer 04228,Male,24,Ahmedabad,Gujarat,2024-10-29,New
CUST04229,Customer 04229,Male,32,Pune,Maharashtra,2022-05-29,Loyal
CUST04230,Customer 04230,Female,58,Coimbatore,Tamil Nadu,2022-12-04,Regular
CUST04231,Customer 04231,Male,53,Coimbatore,Tamil Nadu,2024-09-29,Regular
CUST04232,Customer 04232,Female,25,Madurai,Tamil Nadu,2022-08-12,Loyal
CUST04233,Customer 04233,Male,27,Coimbatore,Tamil Nadu,2025-02-07,New
CUST04234,Customer 04234,Female,32,Bengaluru,Karnataka,2022-12-20,New
CUST04235,Customer 04235,Male,35,Ahmedabad,Gujarat,2025-01-12,New
CUST04236,Customer 04236,Male,63,Chennai,Tamil Nadu,2023-07-09,New
CUST04237,Customer 04237,Female,54,Ahmedabad,Gujarat,2022-03-07,Regular
CUST04238,Customer 04238,Female,58,Bengaluru,Karnataka,2025-11-12,Regular
CUST04239,Customer 04239,Male,62,Bengaluru,Karnataka,2023-09-13,New
CUST04240,Customer 04240,Male,60,Mumbai,Maharashtra,2025-03-04,New
CUST04241,Customer 04241,Female,61,Ahmedabad,Gujarat,2025-01-14,New
CUST04242,Customer 04242,Female,52,Kolkata,West Bengal,2022-03-25,VIP
CUST04243,Customer 04243,Other,19,Bengaluru,Karnataka,2022-08-15,Regular
CUST04244,Customer 04244,Other,39,Chennai,Tamil Nadu,2025-07-07,Regular
CUST04245,Customer 04245,Female,32,Pune,Maharashtra,2024-06-10,Regular
CUST04246,Customer 04246,Male,54,Madurai,Tamil Nadu,2024-10-09,Regular
CUST04247,Customer 04247,Female,56,Mumbai,Maharashtra,2022-01-20,New
CUST04248,Customer 04248,Female,53,Pune,Maharashtra,2024-11-24,VIP
CUST04249,Customer 04249,Male,22,Mumbai,Maharashtra,2024-01-25,Loyal
CUST04250,Customer 04250,Male,65,Chennai,Tamil Nadu,2026-01-06,Regular
CUST04251,Customer 04251,Male,32,Hyderabad,Telangana,2024-07-29,Regular
CUST04252,Customer 04252,Male,44,Ahmedabad,Gujarat,2022-09-27,Regular
CUST04253,Customer 04253,Male,33,Delhi,Delhi,2023-02-10,Regular
CUST04254,Customer 04254,Female,53,Kolkata,West Bengal,2026-03-12,New
CUST04255,Customer 04255,Female,55,Pune,Maharashtra,2022-10-31,Regular
CUST04256,Customer 04256,Female,35,Ahmedabad,Gujarat,2025-08-01,New
CUST04257,Customer 04257,Male,52,Kolkata,West Bengal,2026-04-21,New
CUST04258,Customer 04258,Male,42,Hyderabad,Telangana,2024-10-05,Regular
CUST04259,Customer 04259,Female,39,Delhi,Delhi,2024-03-20,Loyal
CUST04260,Customer 04260,Male,48,Kolkata,West Bengal,2024-11-18,Loyal
CUST04261,Customer 04261,Female,54,Kolkata,West Bengal,2023-01-26,New
CUST04262,Customer 04262,Other,51,Pune,Maharashtra,2025-12-10,New
CUST04263,Customer 04263,Male,40,Coimbatore,Tamil Nadu,2024-06-27,Regular
CUST04264,Customer 04264,Male,33,Delhi,Delhi,2022-05-22,Loyal
CUST04265,Customer 04265,Male,23,Ahmedabad,Gujarat,2023-10-08,VIP
CUST04266,Customer 04266,Other,32,Hyderabad,Telangana,2024-03-19,Loyal
CUST04267,Customer 04267,Female,35,Delhi,Delhi,2024-08-05,Regular
CUST04268,Customer 04268,Female,55,Chennai,Tamil Nadu,2025-09-26,New
CUST04269,Customer 04269,Male,30,Coimbatore,Tamil Nadu,2022-09-02,New
CUST04270,Customer 04270,Other,41,Chennai,Tamil Nadu,2024-02-05,New
CUST04271,Customer 04271,Male,30,Hyderabad,Telangana,2024-05-25,Regular
CUST04272,Customer 04272,Male,18,Pune,Maharashtra,2024-06-30,New
CUST04273,Customer 04273,Female,65,Pune,Maharashtra,2024-10-25,Loyal
CUST04274,Customer 04274,Female,53,Hyderabad,Telangana,2024-07-08,Loyal
CUST04275,Customer 04275,Male,35,Mumbai,Maharashtra,2024-07-27,New
CUST04276,Customer 04276,Male,65,Hyderabad,Telangana,2023-03-25,Loyal
CUST04277,Customer 04277,Male,50,Coimbatore,Tamil Nadu,2022-09-23,Regular
CUST04278,Customer 04278,Male,55,Bengaluru,Karnataka,2026-02-23,Loyal
CUST04279,Customer 04279,Male,60,Pune,Maharashtra,2025-06-16,Loyal
CUST04280,Customer 04280,Other,23,Madurai,Tamil Nadu,2022-09-07,New
CUST04281,Customer 04281,Female,34,Coimbatore,Tamil Nadu,2024-08-12,Regular
CUST04282,Customer 04282,Female,21,Coimbatore,Tamil Nadu,2025-08-07,New
CUST04283,Customer 04283,Female,31,Coimbatore,Tamil Nadu,2023-06-27,Loyal
CUST04284,Customer 04284,Female,47,Kolkata,West Bengal,2023-09-24,Regular
CUST04285,Customer 04285,Female,63,Coimbatore,Tamil Nadu,2025-01-07,Loyal
CUST04286,Customer 04286,Female,37,Pune,Maharashtra,2024-06-25,New
CUST04287,Customer 04287,Male,25,Bengaluru,Karnataka,2023-06-05,Regular
CUST04288,Customer 04288,Female,19,Bengaluru,Karnataka,2026-01-13,VIP
CUST04289,Customer 04289,Female,54,Coimbatore,Tamil Nadu,2026-04-29,Regular
CUST04290,Customer 04290,Female,21,Chennai,Tamil Nadu,2024-06-02,New
CUST04291,Customer 04291,Other,27,Pune,Maharashtra,2024-01-04,Regular
CUST04292,Customer 04292,Male,37,Pune,Maharashtra,2022-05-24,New
CUST04293,Customer 04293,Female,52,Delhi,Delhi,2025-02-17,New
CUST04294,Customer 04294,Male,65,Ahmedabad,Gujarat,2024-08-01,Regular
CUST04295,Customer 04295,Female,27,Mumbai,Maharashtra,2023-07-19,Regular
CUST04296,Customer 04296,Male,45,Mumbai,Maharashtra,2025-04-14,Loyal
CUST04297,Customer 04297,Male,32,Chennai,Tamil Nadu,2022-03-11,Regular
CUST04298,Customer 04298,Male,53,Mumbai,Maharashtra,2023-09-25,Loyal
CUST04299,Customer 04299,Female,18,Delhi,Delhi,2024-06-07,New
CUST04300,Customer 04300,Male,39,Hyderabad,Telangana,2025-05-11,New
CUST04301,Customer 04301,Female,44,Mumbai,Maharashtra,2024-03-11,New
CUST04302,Customer 04302,Male,46,Pune,Maharashtra,2022-06-29,New
CUST04303,Customer 04303,Female,32,Hyderabad,Telangana,2023-08-16,Regular
CUST04304,Customer 04304,Female,27,Mumbai,Maharashtra,2023-07-21,Regular
CUST04305,Customer 04305,Male,37,Pune,Maharashtra,2023-11-22,VIP
CUST04306,Customer 04306,Male,39,Pune,Maharashtra,2025-02-07,Regular
CUST04307,Customer 04307,Female,65,Coimbatore,Tamil Nadu,2025-12-18,New
CUST04308,Customer 04308,Female,26,Bengaluru,Karnataka,2023-10-27,New
CUST04309,Customer 04309,Female,49,Chennai,Tamil Nadu,2026-03-07,Loyal
CUST04310,Customer 04310,Male,34,Delhi,Delhi,2023-02-10,Regular
CUST04311,Customer 04311,Female,59,Kolkata,West Bengal,2024-09-12,Loyal
CUST04312,Customer 04312,Other,36,Ahmedabad,Gujarat,2023-09-29,New
CUST04313,Customer 04313,Male,57,Mumbai,Maharashtra,2025-01-19,New
CUST04314,Customer 04314,Male,44,Mumbai,Maharashtra,2025-08-10,New
CUST04315,Customer 04315,Male,54,Hyderabad,Telangana,2025-11-17,Loyal
CUST04316,Customer 04316,Female,51,Hyderabad,Telangana,2024-11-26,New
CUST04317,Customer 04317,Female,64,Ahmedabad,Gujarat,2023-06-01,Regular
CUST04318,Customer 04318,Male,27,Mumbai,Maharashtra,2024-04-29,Regular
CUST04319,Customer 04319,Male,47,Madurai,Tamil Nadu,2024-06-26,Regular
CUST04320,Customer 04320,Male,38,Delhi,Delhi,2022-11-12,New
CUST04321,Customer 04321,Male,38,Mumbai,Maharashtra,2025-04-10,Regular
CUST04322,Customer 04322,Male,51,Bengaluru,Karnataka,2025-11-30,New
CUST04323,Customer 04323,Other,26,Ahmedabad,Gujarat,2025-07-09,VIP
CUST04324,Customer 04324,Male,51,Madurai,Tamil Nadu,2026-02-16,New
CUST04325,Customer 04325,Male,29,Delhi,Delhi,2022-01-27,New
CUST04326,Customer 04326,Female,64,Mumbai,Maharashtra,2026-02-27,Regular
CUST04327,Customer 04327,Female,38,Kolkata,West Bengal,2022-02-24,Loyal
CUST04328,Customer 04328,Female,37,Coimbatore,Tamil Nadu,2022-09-06,Regular
CUST04329,Customer 04329,Male,23,Bengaluru,Karnataka,2022-09-30,Regular
CUST04330,Customer 04330,Male,62,Kolkata,West Bengal,2025-07-06,New
CUST04331,Customer 04331,Female,53,Hyderabad,Telangana,2022-07-10,New
CUST04332,Customer 04332,Female,29,Hyderabad,Telangana,2023-07-29,Regular
CUST04333,Customer 04333,Male,58,Mumbai,Maharashtra,2024-05-06,New
CUST04334,Customer 04334,Female,48,Hyderabad,Telangana,2026-01-09,Regular
CUST04335,Customer 04335,Female,19,Bengaluru,Karnataka,2026-03-06,Loyal
CUST04336,Customer 04336,Male,33,Delhi,Delhi,2023-09-08,Loyal
CUST04337,Customer 04337,Female,18,Pune,Maharashtra,2025-11-17,New
CUST04338,Customer 04338,Female,21,Chennai,Tamil Nadu,2025-12-02,Regular
CUST04339,Customer 04339,Male,64,Ahmedabad,Gujarat,2024-10-14,VIP
CUST04340,Customer 04340,Female,18,Delhi,Delhi,2023-11-04,Loyal
CUST04341,Customer 04341,Female,64,Pune,Maharashtra,2023-11-14,New
CUST04342,Customer 04342,Female,52,Madurai,Tamil Nadu,2022-04-19,Regular
CUST04343,Customer 04343,Male,30,Bengaluru,Karnataka,2023-10-14,Loyal
CUST04344,Customer 04344,Male,62,Kolkata,West Bengal,2024-09-07,Regular
CUST04345,Customer 04345,Female,59,Pune,Maharashtra,2025-01-31,Loyal
CUST04346,Customer 04346,Male,48,Bengaluru,Karnataka,2022-08-14,Regular
CUST04347,Customer 04347,Male,37,Coimbatore,Tamil Nadu,2022-12-19,New
CUST04348,Customer 04348,Male,24,Kolkata,West Bengal,2025-03-29,New
CUST04349,Customer 04349,Male,57,Hyderabad,Telangana,2025-11-28,New
CUST04350,Customer 04350,Other,50,Hyderabad,Telangana,2025-09-09,New
CUST04351,Customer 04351,Male,45,Kolkata,West Bengal,2022-05-25,Loyal
CUST04352,Customer 04352,Other,61,Madurai,Tamil Nadu,2026-01-28,Regular
CUST04353,Customer 04353,Male,61,Madurai,Tamil Nadu,2024-07-03,Loyal
CUST04354,Customer 04354,Female,37,Madurai,Tamil Nadu,2025-03-01,Regular
CUST04355,Customer 04355,Male,49,Pune,Maharashtra,2025-01-21,Regular
CUST04356,Customer 04356,Female,26,Ahmedabad,Gujarat,2022-09-30,New
CUST04357,Customer 04357,Female,51,Pune,Maharashtra,2023-06-18,Loyal
CUST04358,Customer 04358,Male,31,Mumbai,Maharashtra,2025-05-02,Regular
CUST04359,Customer 04359,Female,21,Chennai,Tamil Nadu,2025-04-08,Regular
CUST04360,Customer 04360,Male,46,Kolkata,West Bengal,2023-04-05,VIP
CUST04361,Customer 04361,Female,32,Delhi,Delhi,2024-07-29,Regular
CUST04362,Customer 04362,Other,34,Chennai,Tamil Nadu,2024-10-31,Loyal
CUST04363,Customer 04363,Female,36,Coimbatore,Tamil Nadu,2022-06-30,Loyal
CUST04364,Customer 04364,Female,55,Pune,Maharashtra,2025-06-09,New
CUST04365,Customer 04365,Male,26,Pune,Maharashtra,2022-01-29,New
CUST04366,Customer 04366,Male,44,Bengaluru,Karnataka,2023-06-16,VIP
CUST04367,Customer 04367,Male,32,Chennai,Tamil Nadu,2024-10-25,Regular
CUST04368,Customer 04368,Female,54,Bengaluru,Karnataka,2026-04-19,New
CUST04369,Customer 04369,Female,45,Delhi,Delhi,2022-05-20,Regular
CUST04370,Customer 04370,Male,21,Bengaluru,Karnataka,2024-11-17,Regular
CUST04371,Customer 04371,Female,38,Chennai,Tamil Nadu,2022-04-08,Loyal
CUST04372,Customer 04372,Male,51,Kolkata,West Bengal,2022-09-19,VIP
CUST04373,Customer 04373,Male,36,Coimbatore,Tamil Nadu,2022-01-19,Loyal
CUST04374,Customer 04374,Female,54,Pune,Maharashtra,2022-01-12,VIP
CUST04375,Customer 04375,Male,21,Delhi,Delhi,2023-06-21,New
CUST04376,Customer 04376,Female,54,Pune,Maharashtra,2026-03-29,Loyal
CUST04377,Customer 04377,Male,49,Mumbai,Maharashtra,2026-01-28,New
CUST04378,Customer 04378,Female,62,Coimbatore,Tamil Nadu,2022-09-16,New
CUST04379,Customer 04379,Male,65,Ahmedabad,Gujarat,2022-01-24,Loyal
CUST04380,Customer 04380,Male,29,Bengaluru,Karnataka,2024-10-28,Regular
CUST04381,Customer 04381,Female,58,Hyderabad,Telangana,2022-08-16,Loyal
CUST04382,Customer 04382,Female,33,Chennai,Tamil Nadu,2023-01-11,New
CUST04383,Customer 04383,Male,31,Pune,Maharashtra,2025-02-20,Loyal
CUST04384,Customer 04384,Male,18,Bengaluru,Karnataka,2025-01-18,New
CUST04385,Customer 04385,Female,49,Delhi,Delhi,2026-01-19,New
CUST04386,Customer 04386,Male,38,Pune,Maharashtra,2022-08-12,Regular
CUST04387,Customer 04387,Female,21,Ahmedabad,Gujarat,2024-01-06,Regular
CUST04388,Customer 04388,Female,26,Coimbatore,Tamil Nadu,2022-09-14,Regular
CUST04389,Customer 04389,Male,63,Coimbatore,Tamil Nadu,2023-05-30,VIP
CUST04390,Customer 04390,Male,39,Pune,Maharashtra,2024-04-12,Regular
CUST04391,Customer 04391,Female,29,Delhi,Delhi,2025-03-17,Regular
CUST04392,Customer 04392,Male,47,Coimbatore,Tamil Nadu,2025-11-11,New
CUST04393,Customer 04393,Female,47,Coimbatore,Tamil Nadu,2023-12-02,Regular
CUST04394,Customer 04394,Male,49,Ahmedabad,Gujarat,2024-06-29,Regular
CUST04395,Customer 04395,Female,53,Chennai,Tamil Nadu,2023-11-30,Regular
CUST04396,Customer 04396,Male,24,Delhi,Delhi,2023-03-14,Regular
CUST04397,Customer 04397,Female,34,Delhi,Delhi,2022-02-06,Loyal
CUST04398,Customer 04398,Male,18,Kolkata,West Bengal,2022-04-16,New
CUST04399,Customer 04399,Male,31,Kolkata,West Bengal,2023-09-07,Regular
CUST04400,Customer 04400,Female,64,Coimbatore,Tamil Nadu,2022-08-20,Regular
CUST04401,Customer 04401,Male,61,Hyderabad,Telangana,2024-05-16,New
CUST04402,Customer 04402,Male,61,Kolkata,West Bengal,2025-03-15,Loyal
CUST04403,Customer 04403,Male,55,Coimbatore,Tamil Nadu,2024-11-06,Regular
CUST04404,Customer 04404,Male,43,Madurai,Tamil Nadu,2025-03-28,Regular
CUST04405,Customer 04405,Female,44,Mumbai,Maharashtra,2024-08-17,Regular
CUST04406,Customer 04406,Female,62,Mumbai,Maharashtra,2025-07-29,Loyal
CUST04407,Customer 04407,Male,33,Delhi,Delhi,2022-10-05,Regular
CUST04408,Customer 04408,Female,63,Hyderabad,Telangana,2022-05-05,Regular
CUST04409,Customer 04409,Female,24,Ahmedabad,Gujarat,2025-12-14,New
CUST04410,Customer 04410,Female,49,Chennai,Tamil Nadu,2025-09-05,New
CUST04411,Customer 04411,Male,42,Kolkata,West Bengal,2023-11-06,New
CUST04412,Customer 04412,Female,48,Madurai,Tamil Nadu,2023-12-16,VIP
CUST04413,Customer 04413,Female,33,Coimbatore,Tamil Nadu,2026-02-14,Regular
CUST04414,Customer 04414,Female,58,Hyderabad,Telangana,2023-10-29,Loyal
CUST04415,Customer 04415,Male,31,Delhi,Delhi,2025-09-09,New
CUST04416,Customer 04416,Male,42,Kolkata,West Bengal,2024-07-01,Regular
CUST04417,Customer 04417,Female,47,Hyderabad,Telangana,2023-01-30,VIP
CUST04418,Customer 04418,Male,24,Kolkata,West Bengal,2024-02-12,New
CUST04419,Customer 04419,Female,29,Chennai,Tamil Nadu,2022-07-05,Regular
CUST04420,Customer 04420,Male,20,Chennai,Tamil Nadu,2023-04-11,Loyal
CUST04421,Customer 04421,Female,44,Ahmedabad,Gujarat,2024-12-16,VIP
CUST04422,Customer 04422,Female,63,Mumbai,Maharashtra,2023-04-03,Loyal
CUST04423,Customer 04423,Female,36,Bengaluru,Karnataka,2024-09-27,Loyal
CUST04424,Customer 04424,Female,60,Bengaluru,Karnataka,2025-05-16,Regular
CUST04425,Customer 04425,Female,54,Kolkata,West Bengal,2022-03-15,New
CUST04426,Customer 04426,Male,62,Ahmedabad,Gujarat,2026-02-16,Loyal
CUST04427,Customer 04427,Female,59,Bengaluru,Karnataka,2025-01-13,VIP
CUST04428,Customer 04428,Male,24,Delhi,Delhi,2023-09-24,Regular
CUST04429,Customer 04429,Female,33,Bengaluru,Karnataka,2024-11-03,Regular
CUST04430,Customer 04430,Male,49,Pune,Maharashtra,2024-04-19,Regular
CUST04431,Customer 04431,Female,25,Coimbatore,Tamil Nadu,2024-06-30,Regular
CUST04432,Customer 04432,Female,30,Ahmedabad,Gujarat,2024-03-04,New
CUST04433,Customer 04433,Male,28,Delhi,Delhi,2022-02-18,Loyal
CUST04434,Customer 04434,Male,37,Hyderabad,Telangana,2025-12-20,Regular
CUST04435,Customer 04435,Other,35,Delhi,Delhi,2024-08-23,Regular
CUST04436,Customer 04436,Male,54,Mumbai,Maharashtra,2022-12-25,Regular
CUST04437,Customer 04437,Male,23,Hyderabad,Telangana,2022-08-30,New
CUST04438,Customer 04438,Male,37,Madurai,Tamil Nadu,2024-12-12,Regular
CUST04439,Customer 04439,Other,49,Coimbatore,Tamil Nadu,2024-12-28,Regular
CUST04440,Customer 04440,Other,63,Coimbatore,Tamil Nadu,2026-04-25,Regular
CUST04441,Customer 04441,Female,61,Coimbatore,Tamil Nadu,2022-02-25,Regular
CUST04442,Customer 04442,Female,46,Coimbatore,Tamil Nadu,2024-05-28,Regular
CUST04443,Customer 04443,Male,21,Kolkata,West Bengal,2026-01-19,Regular
CUST04444,Customer 04444,Other,24,Coimbatore,Tamil Nadu,2022-09-12,VIP
CUST04445,Customer 04445,Male,60,Coimbatore,Tamil Nadu,2022-01-05,Loyal
CUST04446,Customer 04446,Male,37,Coimbatore,Tamil Nadu,2024-12-11,Loyal
CUST04447,Customer 04447,Male,51,Ahmedabad,Gujarat,2022-11-25,Regular
CUST04448,Customer 04448,Female,53,Kolkata,West Bengal,2022-04-08,Regular
CUST04449,Customer 04449,Female,24,Chennai,Tamil Nadu,2025-03-30,New
CUST04450,Customer 04450,Male,50,Delhi,Delhi,2025-11-30,Loyal
CUST04451,Customer 04451,Other,32,Delhi,Delhi,2024-09-07,Regular
CUST04452,Customer 04452,Male,49,Hyderabad,Telangana,2024-09-29,Loyal
CUST04453,Customer 04453,Male,39,Ahmedabad,Gujarat,2024-02-22,Regular
CUST04454,Customer 04454,Male,57,Pune,Maharashtra,2023-07-31,New
CUST04455,Customer 04455,Female,46,Delhi,Delhi,2022-11-23,New
CUST04456,Customer 04456,Female,42,Bengaluru,Karnataka,2022-08-31,Loyal
CUST04457,Customer 04457,Male,22,Pune,Maharashtra,2026-03-08,Regular
CUST04458,Customer 04458,Female,31,Coimbatore,Tamil Nadu,2023-01-02,Regular
CUST04459,Customer 04459,Male,52,Coimbatore,Tamil Nadu,2024-02-13,Loyal
CUST04460,Customer 04460,Female,19,Kolkata,West Bengal,2023-12-25,Regular
CUST04461,Customer 04461,Other,42,Pune,Maharashtra,2026-01-05,New
CUST04462,Customer 04462,Male,33,Bengaluru,Karnataka,2025-03-23,New
CUST04463,Customer 04463,Female,63,Kolkata,West Bengal,2022-08-22,Regular
CUST04464,Customer 04464,Female,33,Hyderabad,Telangana,2023-10-14,Regular
CUST04465,Customer 04465,Male,28,Pune,Maharashtra,2022-11-29,Loyal
CUST04466,Customer 04466,Female,52,Ahmedabad,Gujarat,2023-05-10,Regular
CUST04467,Customer 04467,Female,40,Coimbatore,Tamil Nadu,2025-02-12,Loyal
CUST04468,Customer 04468,Male,22,Coimbatore,Tamil Nadu,2023-01-04,New
CUST04469,Customer 04469,Male,52,Mumbai,Maharashtra,2025-09-18,New
CUST04470,Customer 04470,Male,46,Kolkata,West Bengal,2025-02-27,VIP
CUST04471,Customer 04471,Female,64,Chennai,Tamil Nadu,2025-04-16,New
CUST04472,Customer 04472,Female,22,Chennai,Tamil Nadu,2022-04-05,Loyal
CUST04473,Customer 04473,Female,20,Kolkata,West Bengal,2025-09-02,Loyal
CUST04474,Customer 04474,Male,23,Ahmedabad,Gujarat,2024-06-25,New
CUST04475,Customer 04475,Male,40,Madurai,Tamil Nadu,2025-01-29,Regular
CUST04476,Customer 04476,Male,63,Kolkata,West Bengal,2025-05-04,Regular
CUST04477,Customer 04477,Female,19,Ahmedabad,Gujarat,2024-03-12,VIP
CUST04478,Customer 04478,Other,35,Hyderabad,Telangana,2022-07-27,Regular
CUST04479,Customer 04479,Female,47,Coimbatore,Tamil Nadu,2023-08-30,Regular
CUST04480,Customer 04480,Male,55,Bengaluru,Karnataka,2023-04-18,New
CUST04481,Customer 04481,Female,22,Madurai,Tamil Nadu,2024-10-28,Regular
CUST04482,Customer 04482,Female,63,Pune,Maharashtra,2022-05-16,New
CUST04483,Customer 04483,Male,28,Madurai,Tamil Nadu,2023-09-02,New
CUST04484,Customer 04484,Female,18,Bengaluru,Karnataka,2024-06-29,VIP
CUST04485,Customer 04485,Male,27,Mumbai,Maharashtra,2022-09-18,Regular
CUST04486,Customer 04486,Male,58,Coimbatore,Tamil Nadu,2025-03-16,New
CUST04487,Customer 04487,Male,61,Chennai,Tamil Nadu,2023-04-03,Regular
CUST04488,Customer 04488,Male,43,Ahmedabad,Gujarat,2026-01-01,Loyal
CUST04489,Customer 04489,Male,50,Kolkata,West Bengal,2025-12-07,New
CUST04490,Customer 04490,Male,44,Kolkata,West Bengal,2026-03-04,New
CUST04491,Customer 04491,Male,29,Chennai,Tamil Nadu,2022-08-20,New
CUST04492,Customer 04492,Female,19,Madurai,Tamil Nadu,2022-04-11,New
CUST04493,Customer 04493,Other,18,Coimbatore,Tamil Nadu,2022-05-27,Regular
CUST04494,Customer 04494,Female,18,Delhi,Delhi,2023-12-18,Regular
CUST04495,Customer 04495,Male,50,Ahmedabad,Gujarat,2023-05-22,Regular
CUST04496,Customer 04496,Male,39,Hyderabad,Telangana,2023-07-12,Regular
CUST04497,Customer 04497,Male,29,Bengaluru,Karnataka,2022-04-14,Loyal
CUST04498,Customer 04498,Male,56,Madurai,Tamil Nadu,2022-12-02,Regular
CUST04499,Customer 04499,Female,53,Pune,Maharashtra,2023-03-22,Loyal
CUST04500,Customer 04500,Female,38,Mumbai,Maharashtra,2024-01-04,Regular
CUST04501,Customer 04501,Female,37,Kolkata,West Bengal,2023-03-20,Loyal
CUST04502,Customer 04502,Female,53,Madurai,Tamil Nadu,2022-04-28,Regular
CUST04503,Customer 04503,Male,43,Mumbai,Maharashtra,2026-03-21,Regular
CUST04504,Customer 04504,Male,64,Bengaluru,Karnataka,2024-07-17,Loyal
CUST04505,Customer 04505,Female,48,Kolkata,West Bengal,2023-12-24,New
CUST04506,Customer 04506,Male,18,Kolkata,West Bengal,2023-07-21,Regular
CUST04507,Customer 04507,Male,55,Delhi,Delhi,2026-04-04,Loyal
CUST04508,Customer 04508,Male,31,Madurai,Tamil Nadu,2022-03-29,Loyal
CUST04509,Customer 04509,Male,43,Coimbatore,Tamil Nadu,2023-04-21,Regular
CUST04510,Customer 04510,Male,63,Chennai,Tamil Nadu,2026-02-17,Regular
CUST04511,Customer 04511,Female,59,Chennai,Tamil Nadu,2022-10-22,Regular
CUST04512,Customer 04512,Female,24,Hyderabad,Telangana,2023-12-21,Loyal
CUST04513,Customer 04513,Male,29,Pune,Maharashtra,2025-11-05,Regular
CUST04514,Customer 04514,Male,41,Mumbai,Maharashtra,2024-09-21,Loyal
CUST04515,Customer 04515,Female,36,Madurai,Tamil Nadu,2025-07-30,New
CUST04516,Customer 04516,Male,26,Ahmedabad,Gujarat,2024-04-23,New
CUST04517,Customer 04517,Male,52,Pune,Maharashtra,2023-11-17,Regular
CUST04518,Customer 04518,Male,21,Delhi,Delhi,2023-10-01,Regular
CUST04519,Customer 04519,Male,62,Kolkata,West Bengal,2025-03-25,Regular
CUST04520,Customer 04520,Female,59,Coimbatore,Tamil Nadu,2025-04-18,New
CUST04521,Customer 04521,Female,49,Madurai,Tamil Nadu,2024-08-18,New
CUST04522,Customer 04522,Male,63,Pune,Maharashtra,2024-07-23,Regular
CUST04523,Customer 04523,Male,23,Pune,Maharashtra,2024-06-08,New
CUST04524,Customer 04524,Male,45,Coimbatore,Tamil Nadu,2024-07-02,New
CUST04525,Customer 04525,Male,45,Hyderabad,Telangana,2025-01-15,Loyal
CUST04526,Customer 04526,Other,57,Mumbai,Maharashtra,2023-02-10,Regular
CUST04527,Customer 04527,Female,46,Mumbai,Maharashtra,2026-02-28,Regular
CUST04528,Customer 04528,Female,59,Pune,Maharashtra,2025-07-14,VIP
CUST04529,Customer 04529,Female,22,Bengaluru,Karnataka,2024-12-23,Regular
CUST04530,Customer 04530,Female,22,Pune,Maharashtra,2022-04-29,Loyal
CUST04531,Customer 04531,Female,54,Pune,Maharashtra,2022-12-07,Regular
CUST04532,Customer 04532,Male,58,Coimbatore,Tamil Nadu,2022-11-09,Regular
CUST04533,Customer 04533,Male,45,Kolkata,West Bengal,2022-06-12,Regular
CUST04534,Customer 04534,Female,58,Coimbatore,Tamil Nadu,2026-03-09,Regular
CUST04535,Customer 04535,Male,64,Madurai,Tamil Nadu,2022-10-20,Regular
CUST04536,Customer 04536,Other,26,Pune,Maharashtra,2023-11-21,New
CUST04537,Customer 04537,Female,46,Mumbai,Maharashtra,2025-11-01,Loyal
CUST04538,Customer 04538,Female,31,Ahmedabad,Gujarat,2026-04-15,Regular
CUST04539,Customer 04539,Male,55,Mumbai,Maharashtra,2025-11-25,New
CUST04540,Customer 04540,Female,57,Chennai,Tamil Nadu,2023-11-04,Regular
CUST04541,Customer 04541,Male,51,Hyderabad,Telangana,2025-11-24,Loyal
CUST04542,Customer 04542,Other,54,Delhi,Delhi,2023-02-03,Regular
CUST04543,Customer 04543,Male,59,Madurai,Tamil Nadu,2024-06-27,New
CUST04544,Customer 04544,Female,31,Madurai,Tamil Nadu,2023-05-02,Loyal
CUST04545,Customer 04545,Female,35,Hyderabad,Telangana,2026-03-19,VIP
CUST04546,Customer 04546,Male,50,Ahmedabad,Gujarat,2024-11-13,New
CUST04547,Customer 04547,Male,51,Delhi,Delhi,2024-12-18,VIP
CUST04548,Customer 04548,Other,45,Kolkata,West Bengal,2024-01-19,Regular
CUST04549,Customer 04549,Male,53,Pune,Maharashtra,2022-08-28,VIP
CUST04550,Customer 04550,Female,62,Delhi,Delhi,2022-11-07,Regular
CUST04551,Customer 04551,Male,65,Ahmedabad,Gujarat,2022-11-17,Loyal
CUST04552,Customer 04552,Female,54,Bengaluru,Karnataka,2023-11-03,Loyal
CUST04553,Customer 04553,Female,40,Chennai,Tamil Nadu,2026-02-13,New
CUST04554,Customer 04554,Male,59,Delhi,Delhi,2023-07-26,New
CUST04555,Customer 04555,Male,34,Delhi,Delhi,2023-02-18,Regular
CUST04556,Customer 04556,Female,28,Chennai,Tamil Nadu,2025-09-07,New
CUST04557,Customer 04557,Male,49,Pune,Maharashtra,2023-02-06,Regular
CUST04558,Customer 04558,Male,54,Delhi,Delhi,2022-02-28,VIP
CUST04559,Customer 04559,Female,32,Chennai,Tamil Nadu,2022-02-22,Regular
CUST04560,Customer 04560,Male,21,Chennai,Tamil Nadu,2024-12-23,Regular
CUST04561,Customer 04561,Male,56,Chennai,Tamil Nadu,2023-09-25,Regular
CUST04562,Customer 04562,Female,47,Coimbatore,Tamil Nadu,2025-02-16,Regular
CUST04563,Customer 04563,Male,27,Ahmedabad,Gujarat,2022-10-13,New
CUST04564,Customer 04564,Male,40,Coimbatore,Tamil Nadu,2022-01-18,Regular
CUST04565,Customer 04565,Male,41,Bengaluru,Karnataka,2024-10-25,Loyal
CUST04566,Customer 04566,Female,53,Kolkata,West Bengal,2025-11-16,Loyal
CUST04567,Customer 04567,Female,22,Coimbatore,Tamil Nadu,2022-06-09,Loyal
CUST04568,Customer 04568,Female,54,Coimbatore,Tamil Nadu,2022-05-22,Loyal
CUST04569,Customer 04569,Male,60,Ahmedabad,Gujarat,2023-02-01,Regular
CUST04570,Customer 04570,Male,36,Kolkata,West Bengal,2024-11-07,Loyal
CUST04571,Customer 04571,Male,54,Hyderabad,Telangana,2023-08-03,Regular
CUST04572,Customer 04572,Male,25,Chennai,Tamil Nadu,2025-02-11,New
CUST04573,Customer 04573,Female,24,Madurai,Tamil Nadu,2023-06-18,Regular
CUST04574,Customer 04574,Male,57,Kolkata,West Bengal,2026-04-05,New
CUST04575,Customer 04575,Male,30,Bengaluru,Karnataka,2024-06-29,Regular
CUST04576,Customer 04576,Male,54,Pune,Maharashtra,2023-04-06,Regular
CUST04577,Customer 04577,Female,44,Bengaluru,Karnataka,2022-10-13,Regular
CUST04578,Customer 04578,Female,35,Chennai,Tamil Nadu,2024-10-25,Regular
CUST04579,Customer 04579,Female,41,Kolkata,West Bengal,2022-05-09,Loyal
CUST04580,Customer 04580,Female,58,Bengaluru,Karnataka,2024-08-13,Regular
CUST04581,Customer 04581,Female,19,Bengaluru,Karnataka,2023-11-02,Loyal
CUST04582,Customer 04582,Male,33,Hyderabad,Telangana,2023-05-14,New
CUST04583,Customer 04583,Male,31,Hyderabad,Telangana,2022-10-03,Regular
CUST04584,Customer 04584,Female,34,Kolkata,West Bengal,2025-01-11,Regular
CUST04585,Customer 04585,Female,23,Chennai,Tamil Nadu,2025-02-15,VIP
CUST04586,Customer 04586,Female,52,Coimbatore,Tamil Nadu,2022-01-29,Regular
CUST04587,Customer 04587,Female,34,Mumbai,Maharashtra,2024-10-01,Regular
CUST04588,Customer 04588,Female,62,Delhi,Delhi,2025-10-13,New
CUST04589,Customer 04589,Female,55,Madurai,Tamil Nadu,2023-10-12,Regular
CUST04590,Customer 04590,Female,57,Delhi,Delhi,2025-03-26,Regular
CUST04591,Customer 04591,Female,23,Ahmedabad,Gujarat,2022-01-31,Loyal
CUST04592,Customer 04592,Male,65,Hyderabad,Telangana,2024-04-22,Regular
CUST04593,Customer 04593,Female,55,Kolkata,West Bengal,2025-08-02,New
CUST04594,Customer 04594,Female,38,Delhi,Delhi,2022-12-02,Regular
CUST04595,Customer 04595,Male,52,Chennai,Tamil Nadu,2023-07-24,New
CUST04596,Customer 04596,Female,40,Madurai,Tamil Nadu,2022-11-09,Loyal
CUST04597,Customer 04597,Female,29,Delhi,Delhi,2023-08-22,Loyal
CUST04598,Customer 04598,Male,46,Madurai,Tamil Nadu,2025-02-20,Regular
CUST04599,Customer 04599,Female,44,Pune,Maharashtra,2024-05-14,New
CUST04600,Customer 04600,Male,23,Chennai,Tamil Nadu,2023-01-06,Loyal
CUST04601,Customer 04601,Other,38,Mumbai,Maharashtra,2024-03-15,New
CUST04602,Customer 04602,Female,24,Bengaluru,Karnataka,2022-11-10,Regular
CUST04603,Customer 04603,Male,60,Madurai,Tamil Nadu,2022-01-28,Loyal
CUST04604,Customer 04604,Male,58,Chennai,Tamil Nadu,2025-03-24,Regular
CUST04605,Customer 04605,Female,33,Madurai,Tamil Nadu,2024-08-23,New
CUST04606,Customer 04606,Male,22,Madurai,Tamil Nadu,2025-06-07,New
CUST04607,Customer 04607,Male,32,Coimbatore,Tamil Nadu,2026-04-22,Loyal
CUST04608,Customer 04608,Female,38,Coimbatore,Tamil Nadu,2024-10-26,New
CUST04609,Customer 04609,Male,21,Chennai,Tamil Nadu,2023-04-18,Regular
CUST04610,Customer 04610,Male,22,Coimbatore,Tamil Nadu,2025-09-03,Loyal
CUST04611,Customer 04611,Female,24,Ahmedabad,Gujarat,2025-06-02,Loyal
CUST04612,Customer 04612,Female,52,Mumbai,Maharashtra,2024-11-22,Regular
CUST04613,Customer 04613,Female,53,Kolkata,West Bengal,2022-03-30,New
CUST04614,Customer 04614,Female,32,Chennai,Tamil Nadu,2025-09-19,Regular
CUST04615,Customer 04615,Male,45,Chennai,Tamil Nadu,2022-02-09,Regular
CUST04616,Customer 04616,Male,19,Ahmedabad,Gujarat,2023-11-12,Regular
CUST04617,Customer 04617,Male,22,Hyderabad,Telangana,2023-01-10,Loyal
CUST04618,Customer 04618,Female,24,Hyderabad,Telangana,2025-08-14,New
CUST04619,Customer 04619,Female,39,Coimbatore,Tamil Nadu,2024-09-24,New
CUST04620,Customer 04620,Female,48,Kolkata,West Bengal,2023-01-28,Regular
CUST04621,Customer 04621,Female,49,Coimbatore,Tamil Nadu,2024-11-07,Regular
CUST04622,Customer 04622,Female,25,Pune,Maharashtra,2026-03-31,Loyal
CUST04623,Customer 04623,Male,58,Pune,Maharashtra,2022-05-12,Loyal
CUST04624,Customer 04624,Male,59,Bengaluru,Karnataka,2022-10-17,Regular
CUST04625,Customer 04625,Male,28,Pune,Maharashtra,2024-03-16,Regular
CUST04626,Customer 04626,Male,18,Hyderabad,Telangana,2022-07-28,Regular
CUST04627,Customer 04627,Female,64,Mumbai,Maharashtra,2022-11-23,Regular
CUST04628,Customer 04628,Male,57,Pune,Maharashtra,2024-09-18,Regular
CUST04629,Customer 04629,Female,36,Coimbatore,Tamil Nadu,2023-05-18,Regular
CUST04630,Customer 04630,Female,61,Madurai,Tamil Nadu,2022-10-06,New
CUST04631,Customer 04631,Male,55,Chennai,Tamil Nadu,2025-11-06,Regular
CUST04632,Customer 04632,Male,59,Mumbai,Maharashtra,2024-02-27,Regular
CUST04633,Customer 04633,Male,54,Mumbai,Maharashtra,2024-10-03,Regular
CUST04634,Customer 04634,Male,24,Coimbatore,Tamil Nadu,2024-08-09,Regular
CUST04635,Customer 04635,Female,56,Chennai,Tamil Nadu,2025-08-25,Loyal
CUST04636,Customer 04636,Male,42,Hyderabad,Telangana,2022-10-04,Regular
CUST04637,Customer 04637,Female,39,Mumbai,Maharashtra,2025-01-04,Loyal
CUST04638,Customer 04638,Female,44,Bengaluru,Karnataka,2022-10-25,Regular
CUST04639,Customer 04639,Female,58,Coimbatore,Tamil Nadu,2025-11-02,Regular
CUST04640,Customer 04640,Female,64,Mumbai,Maharashtra,2023-03-09,New
CUST04641,Customer 04641,Male,55,Kolkata,West Bengal,2024-10-06,Regular
CUST04642,Customer 04642,Male,65,Chennai,Tamil Nadu,2025-02-09,Loyal
CUST04643,Customer 04643,Male,56,Pune,Maharashtra,2024-12-31,Regular
CUST04644,Customer 04644,Male,32,Mumbai,Maharashtra,2022-11-13,Regular
CUST04645,Customer 04645,Female,19,Coimbatore,Tamil Nadu,2024-11-10,Regular
CUST04646,Customer 04646,Female,25,Pune,Maharashtra,2025-04-26,New
CUST04647,Customer 04647,Male,61,Bengaluru,Karnataka,2022-05-01,Regular
CUST04648,Customer 04648,Male,60,Pune,Maharashtra,2025-09-27,Regular
CUST04649,Customer 04649,Male,23,Kolkata,West Bengal,2023-10-15,Regular
CUST04650,Customer 04650,Female,37,Hyderabad,Telangana,2022-10-31,Loyal
CUST04651,Customer 04651,Female,44,Mumbai,Maharashtra,2024-07-24,Regular
CUST04652,Customer 04652,Female,62,Delhi,Delhi,2026-01-10,Regular
CUST04653,Customer 04653,Female,40,Delhi,Delhi,2023-12-22,Regular
CUST04654,Customer 04654,Male,65,Pune,Maharashtra,2023-05-11,Loyal
CUST04655,Customer 04655,Male,57,Ahmedabad,Gujarat,2026-03-25,Loyal
CUST04656,Customer 04656,Male,34,Chennai,Tamil Nadu,2022-07-04,New
CUST04657,Customer 04657,Male,30,Delhi,Delhi,2024-06-06,Regular
CUST04658,Customer 04658,Female,21,Ahmedabad,Gujarat,2024-03-18,Regular
CUST04659,Customer 04659,Female,37,Delhi,Delhi,2022-11-28,New
CUST04660,Customer 04660,Female,59,Ahmedabad,Gujarat,2023-12-14,New
CUST04661,Customer 04661,Female,42,Chennai,Tamil Nadu,2023-07-30,New
CUST04662,Customer 04662,Male,39,Madurai,Tamil Nadu,2022-12-16,Loyal
CUST04663,Customer 04663,Male,65,Delhi,Delhi,2024-04-17,Regular
CUST04664,Customer 04664,Female,34,Kolkata,West Bengal,2022-11-16,Regular
CUST04665,Customer 04665,Female,57,Mumbai,Maharashtra,2023-06-21,Regular
CUST04666,Customer 04666,Male,28,Ahmedabad,Gujarat,2023-02-16,Loyal
CUST04667,Customer 04667,Female,42,Mumbai,Maharashtra,2024-06-24,Regular
CUST04668,Customer 04668,Female,22,Coimbatore,Tamil Nadu,2025-03-25,Regular
CUST04669,Customer 04669,Male,38,Coimbatore,Tamil Nadu,2023-06-17,New
CUST04670,Customer 04670,Female,43,Chennai,Tamil Nadu,2023-05-17,Regular
CUST04671,Customer 04671,Male,33,Ahmedabad,Gujarat,2026-02-18,Regular
CUST04672,Customer 04672,Female,57,Bengaluru,Karnataka,2025-03-23,Regular
CUST04673,Customer 04673,Female,38,Coimbatore,Tamil Nadu,2024-07-02,Regular
CUST04674,Customer 04674,Other,65,Chennai,Tamil Nadu,2024-12-27,Regular
CUST04675,Customer 04675,Male,49,Coimbatore,Tamil Nadu,2026-02-24,Regular
CUST04676,Customer 04676,Male,21,Coimbatore,Tamil Nadu,2024-11-30,Regular
CUST04677,Customer 04677,Male,55,Bengaluru,Karnataka,2023-06-11,New
CUST04678,Customer 04678,Male,25,Delhi,Delhi,2025-04-07,Regular
CUST04679,Customer 04679,Female,26,Pune,Maharashtra,2023-12-12,Loyal
CUST04680,Customer 04680,Female,62,Madurai,Tamil Nadu,2024-01-20,Loyal
CUST04681,Customer 04681,Male,34,Coimbatore,Tamil Nadu,2024-08-13,VIP
CUST04682,Customer 04682,Male,58,Coimbatore,Tamil Nadu,2022-04-22,New
CUST04683,Customer 04683,Male,30,Kolkata,West Bengal,2023-04-08,New
CUST04684,Customer 04684,Male,26,Madurai,Tamil Nadu,2022-02-21,Regular
CUST04685,Customer 04685,Male,23,Bengaluru,Karnataka,2022-09-12,New
CUST04686,Customer 04686,Male,44,Mumbai,Maharashtra,2025-03-27,New
CUST04687,Customer 04687,Female,59,Ahmedabad,Gujarat,2022-10-27,Regular
CUST04688,Customer 04688,Male,54,Coimbatore,Tamil Nadu,2024-08-15,Regular
CUST04689,Customer 04689,Female,56,Pune,Maharashtra,2023-03-03,Regular
CUST04690,Customer 04690,Female,60,Ahmedabad,Gujarat,2024-09-16,VIP
CUST04691,Customer 04691,Male,41,Madurai,Tamil Nadu,2022-11-03,New
CUST04692,Customer 04692,Female,26,Ahmedabad,Gujarat,2022-04-09,New
CUST04693,Customer 04693,Female,59,Delhi,Delhi,2022-05-01,New
CUST04694,Customer 04694,Female,28,Coimbatore,Tamil Nadu,2024-11-19,Loyal
CUST04695,Customer 04695,Male,52,Ahmedabad,Gujarat,2022-08-18,Loyal
CUST04696,Customer 04696,Male,46,Mumbai,Maharashtra,2023-10-13,New
CUST04697,Customer 04697,Female,25,Mumbai,Maharashtra,2025-07-01,New
CUST04698,Customer 04698,Female,34,Coimbatore,Tamil Nadu,2025-11-28,Loyal
CUST04699,Customer 04699,Male,24,Hyderabad,Telangana,2026-02-26,Regular
CUST04700,Customer 04700,Male,29,Mumbai,Maharashtra,2024-11-20,VIP
CUST04701,Customer 04701,Male,65,Ahmedabad,Gujarat,2025-03-31,Regular
CUST04702,Customer 04702,Male,32,Chennai,Tamil Nadu,2025-12-26,New
CUST04703,Customer 04703,Female,46,Mumbai,Maharashtra,2025-03-25,Loyal
CUST04704,Customer 04704,Male,62,Madurai,Tamil Nadu,2025-09-08,Regular
CUST04705,Customer 04705,Male,41,Hyderabad,Telangana,2023-09-21,Regular
CUST04706,Customer 04706,Female,54,Ahmedabad,Gujarat,2025-04-29,Regular
CUST04707,Customer 04707,Male,31,Bengaluru,Karnataka,2025-04-14,Loyal
CUST04708,Customer 04708,Female,28,Kolkata,West Bengal,2024-08-05,New
CUST04709,Customer 04709,Female,52,Bengaluru,Karnataka,2023-06-01,Regular
CUST04710,Customer 04710,Male,34,Delhi,Delhi,2024-04-24,New
CUST04711,Customer 04711,Female,44,Kolkata,West Bengal,2026-03-28,Loyal
CUST04712,Customer 04712,Female,61,Delhi,Delhi,2026-05-14,Regular
CUST04713,Customer 04713,Male,20,Kolkata,West Bengal,2024-04-12,New
CUST04714,Customer 04714,Male,19,Kolkata,West Bengal,2024-03-30,Regular
CUST04715,Customer 04715,Female,21,Chennai,Tamil Nadu,2024-03-21,Loyal
CUST04716,Customer 04716,Female,35,Pune,Maharashtra,2024-02-01,Loyal
CUST04717,Customer 04717,Female,37,Madurai,Tamil Nadu,2025-09-24,Regular
CUST04718,Customer 04718,Male,38,Bengaluru,Karnataka,2022-11-15,Loyal
CUST04719,Customer 04719,Female,31,Mumbai,Maharashtra,2022-04-21,Regular
CUST04720,Customer 04720,Male,25,Ahmedabad,Gujarat,2024-03-17,New
CUST04721,Customer 04721,Female,19,Hyderabad,Telangana,2026-02-05,Loyal
CUST04722,Customer 04722,Female,43,Madurai,Tamil Nadu,2024-11-06,Regular
CUST04723,Customer 04723,Female,36,Delhi,Delhi,2025-05-28,Regular
CUST04724,Customer 04724,Female,59,Chennai,Tamil Nadu,2023-05-02,VIP
CUST04725,Customer 04725,Female,45,Delhi,Delhi,2024-03-21,Regular
CUST04726,Customer 04726,Female,46,Pune,Maharashtra,2025-08-21,New
CUST04727,Customer 04727,Male,22,Hyderabad,Telangana,2023-06-01,Loyal
CUST04728,Customer 04728,Female,60,Chennai,Tamil Nadu,2025-02-26,Regular
CUST04729,Customer 04729,Female,45,Delhi,Delhi,2024-04-14,Regular
CUST04730,Customer 04730,Male,58,Pune,Maharashtra,2023-09-16,New
CUST04731,Customer 04731,Female,65,Ahmedabad,Gujarat,2024-11-13,Regular
CUST04732,Customer 04732,Male,43,Ahmedabad,Gujarat,2026-04-14,Regular
CUST04733,Customer 04733,Female,22,Delhi,Delhi,2025-03-01,Regular
CUST04734,Customer 04734,Female,32,Madurai,Tamil Nadu,2023-07-10,Regular
CUST04735,Customer 04735,Male,63,Hyderabad,Telangana,2025-09-06,Loyal
CUST04736,Customer 04736,Female,26,Coimbatore,Tamil Nadu,2023-05-12,Regular
CUST04737,Customer 04737,Male,49,Madurai,Tamil Nadu,2024-06-06,Regular
CUST04738,Customer 04738,Female,43,Ahmedabad,Gujarat,2023-01-17,Loyal
CUST04739,Customer 04739,Male,54,Hyderabad,Telangana,2022-08-04,Loyal
CUST04740,Customer 04740,Male,32,Pune,Maharashtra,2024-01-26,Regular
CUST04741,Customer 04741,Male,58,Chennai,Tamil Nadu,2023-06-27,Regular
CUST04742,Customer 04742,Male,21,Kolkata,West Bengal,2024-07-04,Regular
CUST04743,Customer 04743,Female,53,Delhi,Delhi,2024-10-31,Regular
CUST04744,Customer 04744,Female,37,Bengaluru,Karnataka,2022-03-23,Regular
CUST04745,Customer 04745,Male,44,Hyderabad,Telangana,2024-09-20,Regular
CUST04746,Customer 04746,Male,38,Mumbai,Maharashtra,2025-03-25,New
CUST04747,Customer 04747,Male,39,Pune,Maharashtra,2022-06-15,VIP
CUST04748,Customer 04748,Female,24,Coimbatore,Tamil Nadu,2022-07-27,Loyal
CUST04749,Customer 04749,Female,64,Kolkata,West Bengal,2022-01-24,Regular
CUST04750,Customer 04750,Male,48,Mumbai,Maharashtra,2024-03-17,New
CUST04751,Customer 04751,Female,34,Coimbatore,Tamil Nadu,2024-06-05,Loyal
CUST04752,Customer 04752,Male,24,Bengaluru,Karnataka,2023-11-22,Loyal
CUST04753,Customer 04753,Female,36,Ahmedabad,Gujarat,2022-11-28,VIP
CUST04754,Customer 04754,Female,45,Madurai,Tamil Nadu,2026-05-05,Regular
CUST04755,Customer 04755,Female,27,Delhi,Delhi,2024-09-28,New
CUST04756,Customer 04756,Female,44,Chennai,Tamil Nadu,2026-03-23,Loyal
CUST04757,Customer 04757,Female,30,Coimbatore,Tamil Nadu,2026-03-15,Regular
CUST04758,Customer 04758,Female,19,Kolkata,West Bengal,2022-08-29,Loyal
CUST04759,Customer 04759,Female,39,Hyderabad,Telangana,2024-04-15,New
CUST04760,Customer 04760,Male,37,Ahmedabad,Gujarat,2022-06-30,Loyal
CUST04761,Customer 04761,Male,60,Hyderabad,Telangana,2025-08-09,New
CUST04762,Customer 04762,Male,22,Kolkata,West Bengal,2025-01-11,Regular
CUST04763,Customer 04763,Female,23,Hyderabad,Telangana,2026-05-09,Regular
CUST04764,Customer 04764,Male,52,Coimbatore,Tamil Nadu,2022-03-31,VIP
CUST04765,Customer 04765,Male,18,Pune,Maharashtra,2023-03-15,New
CUST04766,Customer 04766,Male,52,Hyderabad,Telangana,2023-06-27,Regular
CUST04767,Customer 04767,Male,20,Madurai,Tamil Nadu,2022-07-12,New
CUST04768,Customer 04768,Female,53,Bengaluru,Karnataka,2023-05-03,Loyal
CUST04769,Customer 04769,Female,24,Chennai,Tamil Nadu,2023-09-04,Regular
CUST04770,Customer 04770,Female,46,Coimbatore,Tamil Nadu,2025-10-04,Regular
CUST04771,Customer 04771,Female,32,Mumbai,Maharashtra,2025-01-17,New
CUST04772,Customer 04772,Female,28,Kolkata,West Bengal,2024-08-12,Regular
CUST04773,Customer 04773,Female,35,Ahmedabad,Gujarat,2025-02-20,Regular
CUST04774,Customer 04774,Male,61,Coimbatore,Tamil Nadu,2025-10-29,Regular
CUST04775,Customer 04775,Female,21,Pune,Maharashtra,2024-12-06,Loyal
CUST04776,Customer 04776,Male,41,Ahmedabad,Gujarat,2025-12-27,New
CUST04777,Customer 04777,Male,28,Madurai,Tamil Nadu,2022-05-26,Regular
CUST04778,Customer 04778,Female,23,Kolkata,West Bengal,2024-10-23,Loyal
CUST04779,Customer 04779,Male,35,Ahmedabad,Gujarat,2026-04-03,Loyal
CUST04780,Customer 04780,Male,32,Hyderabad,Telangana,2025-08-30,Loyal
CUST04781,Customer 04781,Male,20,Coimbatore,Tamil Nadu,2022-11-23,Regular
CUST04782,Customer 04782,Male,34,Bengaluru,Karnataka,2024-09-14,Regular
CUST04783,Customer 04783,Male,50,Kolkata,West Bengal,2025-01-09,New
CUST04784,Customer 04784,Male,51,Delhi,Delhi,2022-06-02,New
CUST04785,Customer 04785,Female,47,Madurai,Tamil Nadu,2023-02-06,Regular
CUST04786,Customer 04786,Female,36,Chennai,Tamil Nadu,2024-03-30,Loyal
CUST04787,Customer 04787,Male,26,Kolkata,West Bengal,2023-05-03,New
CUST04788,Customer 04788,Female,57,Pune,Maharashtra,2022-03-08,New
CUST04789,Customer 04789,Male,61,Coimbatore,Tamil Nadu,2022-03-30,Regular
CUST04790,Customer 04790,Male,48,Hyderabad,Telangana,2025-03-04,New
CUST04791,Customer 04791,Male,44,Chennai,Tamil Nadu,2022-07-21,Regular
CUST04792,Customer 04792,Female,64,Chennai,Tamil Nadu,2023-03-04,New
CUST04793,Customer 04793,Male,42,Madurai,Tamil Nadu,2024-07-28,New
CUST04794,Customer 04794,Female,24,Ahmedabad,Gujarat,2025-04-17,Regular
CUST04795,Customer 04795,Female,65,Pune,Maharashtra,2022-12-05,Loyal
CUST04796,Customer 04796,Female,24,Ahmedabad,Gujarat,2022-03-20,Regular
CUST04797,Customer 04797,Female,37,Hyderabad,Telangana,2026-04-06,Loyal
CUST04798,Customer 04798,Female,61,Chennai,Tamil Nadu,2023-01-13,Regular
CUST04799,Customer 04799,Male,60,Pune,Maharashtra,2022-06-14,Loyal
CUST04800,Customer 04800,Male,53,Pune,Maharashtra,2026-04-13,Regular
CUST04801,Customer 04801,Female,36,Mumbai,Maharashtra,2024-01-19,Loyal
CUST04802,Customer 04802,Female,19,Coimbatore,Tamil Nadu,2024-07-25,Regular
CUST04803,Customer 04803,Male,51,Chennai,Tamil Nadu,2022-06-04,Regular
CUST04804,Customer 04804,Male,34,Chennai,Tamil Nadu,2025-02-20,Regular
CUST04805,Customer 04805,Male,41,Pune,Maharashtra,2025-05-10,Regular
CUST04806,Customer 04806,Male,26,Ahmedabad,Gujarat,2024-11-29,New
CUST04807,Customer 04807,Male,18,Chennai,Tamil Nadu,2022-06-18,VIP
CUST04808,Customer 04808,Female,59,Pune,Maharashtra,2024-12-29,Regular
CUST04809,Customer 04809,Female,45,Chennai,Tamil Nadu,2024-03-02,Regular
CUST04810,Customer 04810,Female,32,Pune,Maharashtra,2025-09-15,New
CUST04811,Customer 04811,Female,38,Mumbai,Maharashtra,2026-01-03,New
CUST04812,Customer 04812,Female,32,Coimbatore,Tamil Nadu,2025-11-23,Regular
CUST04813,Customer 04813,Male,40,Pune,Maharashtra,2026-02-25,Regular
CUST04814,Customer 04814,Male,19,Chennai,Tamil Nadu,2024-09-29,Loyal
CUST04815,Customer 04815,Female,63,Hyderabad,Telangana,2022-12-20,New
CUST04816,Customer 04816,Female,53,Coimbatore,Tamil Nadu,2022-11-24,Loyal
CUST04817,Customer 04817,Male,26,Mumbai,Maharashtra,2023-05-13,Regular
CUST04818,Customer 04818,Other,19,Pune,Maharashtra,2025-12-13,Loyal
CUST04819,Customer 04819,Male,19,Hyderabad,Telangana,2026-03-07,New
CUST04820,Customer 04820,Male,35,Pune,Maharashtra,2026-04-12,Loyal
CUST04821,Customer 04821,Male,34,Ahmedabad,Gujarat,2022-12-11,Regular
CUST04822,Customer 04822,Male,58,Chennai,Tamil Nadu,2023-10-05,Regular
CUST04823,Customer 04823,Female,25,Kolkata,West Bengal,2024-02-28,New
CUST04824,Customer 04824,Female,51,Madurai,Tamil Nadu,2023-01-12,Regular
CUST04825,Customer 04825,Male,51,Bengaluru,Karnataka,2025-08-11,New
CUST04826,Customer 04826,Female,22,Ahmedabad,Gujarat,2025-08-04,Regular
CUST04827,Customer 04827,Female,61,Hyderabad,Telangana,2025-07-01,Regular
CUST04828,Customer 04828,Female,46,Ahmedabad,Gujarat,2023-03-10,Loyal
CUST04829,Customer 04829,Female,45,Delhi,Delhi,2023-05-16,VIP
CUST04830,Customer 04830,Male,33,Pune,Maharashtra,2025-01-13,Regular
CUST04831,Customer 04831,Female,31,Pune,Maharashtra,2023-06-05,Regular
CUST04832,Customer 04832,Male,19,Bengaluru,Karnataka,2023-07-16,Regular
CUST04833,Customer 04833,Female,57,Bengaluru,Karnataka,2023-05-28,Loyal
CUST04834,Customer 04834,Male,21,Delhi,Delhi,2023-05-31,VIP
CUST04835,Customer 04835,Female,58,Chennai,Tamil Nadu,2026-03-20,VIP
CUST04836,Customer 04836,Female,48,Madurai,Tamil Nadu,2023-05-12,VIP
CUST04837,Customer 04837,Male,43,Kolkata,West Bengal,2023-08-25,Loyal
CUST04838,Customer 04838,Male,44,Kolkata,West Bengal,2024-10-11,VIP
CUST04839,Customer 04839,Female,51,Mumbai,Maharashtra,2025-03-31,Regular
CUST04840,Customer 04840,Female,48,Mumbai,Maharashtra,2023-10-29,VIP
CUST04841,Customer 04841,Male,65,Chennai,Tamil Nadu,2026-03-31,Loyal
CUST04842,Customer 04842,Female,28,Mumbai,Maharashtra,2022-12-31,New
CUST04843,Customer 04843,Male,25,Mumbai,Maharashtra,2026-04-17,New
CUST04844,Customer 04844,Male,29,Delhi,Delhi,2025-12-19,New
CUST04845,Customer 04845,Male,52,Delhi,Delhi,2024-08-24,Loyal
CUST04846,Customer 04846,Male,62,Mumbai,Maharashtra,2026-05-18,Regular
CUST04847,Customer 04847,Female,51,Ahmedabad,Gujarat,2022-12-30,New
CUST04848,Customer 04848,Other,30,Coimbatore,Tamil Nadu,2022-04-18,Loyal
CUST04849,Customer 04849,Male,44,Coimbatore,Tamil Nadu,2024-11-03,New
CUST04850,Customer 04850,Female,25,Chennai,Tamil Nadu,2024-11-12,Loyal
CUST04851,Customer 04851,Male,64,Kolkata,West Bengal,2023-09-15,Loyal
CUST04852,Customer 04852,Female,38,Bengaluru,Karnataka,2022-11-17,VIP
CUST04853,Customer 04853,Male,58,Chennai,Tamil Nadu,2023-05-25,New
CUST04854,Customer 04854,Female,28,Mumbai,Maharashtra,2023-11-03,Loyal
CUST04855,Customer 04855,Female,39,Delhi,Delhi,2024-11-30,Regular
CUST04856,Customer 04856,Male,38,Pune,Maharashtra,2022-10-31,Regular
CUST04857,Customer 04857,Female,45,Ahmedabad,Gujarat,2024-08-26,Regular
CUST04858,Customer 04858,Male,20,Hyderabad,Telangana,2025-12-09,Regular
CUST04859,Customer 04859,Male,24,Delhi,Delhi,2026-01-13,VIP
CUST04860,Customer 04860,Male,31,Coimbatore,Tamil Nadu,2025-11-18,Regular
CUST04861,Customer 04861,Male,32,Delhi,Delhi,2022-12-31,Loyal
CUST04862,Customer 04862,Male,26,Ahmedabad,Gujarat,2024-01-08,Regular
CUST04863,Customer 04863,Male,60,Bengaluru,Karnataka,2024-09-15,Regular
CUST04864,Customer 04864,Male,24,Mumbai,Maharashtra,2024-10-17,Regular
CUST04865,Customer 04865,Male,29,Pune,Maharashtra,2025-12-23,Regular
CUST04866,Customer 04866,Female,36,Coimbatore,Tamil Nadu,2022-06-01,VIP
CUST04867,Customer 04867,Female,44,Coimbatore,Tamil Nadu,2022-09-16,Loyal
CUST04868,Customer 04868,Male,35,Madurai,Tamil Nadu,2023-12-08,Regular
CUST04869,Customer 04869,Male,30,Kolkata,West Bengal,2022-08-11,Loyal
CUST04870,Customer 04870,Male,60,Bengaluru,Karnataka,2025-07-13,Regular
CUST04871,Customer 04871,Female,18,Coimbatore,Tamil Nadu,2022-08-18,New
CUST04872,Customer 04872,Female,55,Kolkata,West Bengal,2023-03-15,Regular
CUST04873,Customer 04873,Male,38,Coimbatore,Tamil Nadu,2022-05-30,Regular
CUST04874,Customer 04874,Male,51,Mumbai,Maharashtra,2024-06-28,VIP
CUST04875,Customer 04875,Male,30,Kolkata,West Bengal,2026-01-20,New
CUST04876,Customer 04876,Male,62,Ahmedabad,Gujarat,2024-09-04,Regular
CUST04877,Customer 04877,Female,58,Madurai,Tamil Nadu,2025-03-05,New
CUST04878,Customer 04878,Female,40,Mumbai,Maharashtra,2023-09-27,New
CUST04879,Customer 04879,Male,18,Ahmedabad,Gujarat,2023-02-03,Regular
CUST04880,Customer 04880,Female,40,Pune,Maharashtra,2023-09-14,New
CUST04881,Customer 04881,Male,45,Bengaluru,Karnataka,2022-05-23,Loyal
CUST04882,Customer 04882,Male,49,Bengaluru,Karnataka,2024-08-05,Regular
CUST04883,Customer 04883,Female,25,Hyderabad,Telangana,2024-12-29,New
CUST04884,Customer 04884,Female,43,Hyderabad,Telangana,2022-02-23,Regular
CUST04885,Customer 04885,Male,31,Kolkata,West Bengal,2024-04-23,New
CUST04886,Customer 04886,Male,41,Bengaluru,Karnataka,2024-07-26,Loyal
CUST04887,Customer 04887,Female,65,Kolkata,West Bengal,2025-11-27,New
CUST04888,Customer 04888,Female,46,Hyderabad,Telangana,2023-07-06,New
CUST04889,Customer 04889,Male,21,Pune,Maharashtra,2024-11-16,Regular
CUST04890,Customer 04890,Male,35,Coimbatore,Tamil Nadu,2022-10-26,VIP
CUST04891,Customer 04891,Male,31,Ahmedabad,Gujarat,2023-11-23,Loyal
CUST04892,Customer 04892,Female,44,Delhi,Delhi,2023-07-12,Regular
CUST04893,Customer 04893,Female,58,Kolkata,West Bengal,2025-09-05,New
CUST04894,Customer 04894,Male,64,Pune,Maharashtra,2023-03-21,Regular
CUST04895,Customer 04895,Female,20,Ahmedabad,Gujarat,2022-04-08,Loyal
CUST04896,Customer 04896,Female,47,Bengaluru,Karnataka,2025-02-23,Regular
CUST04897,Customer 04897,Male,53,Coimbatore,Tamil Nadu,2022-02-27,Regular
CUST04898,Customer 04898,Male,40,Ahmedabad,Gujarat,2022-06-26,New
CUST04899,Customer 04899,Female,35,Madurai,Tamil Nadu,2023-12-20,New
CUST04900,Customer 04900,Female,63,Hyderabad,Telangana,2025-08-01,Regular
CUST04901,Customer 04901,Female,64,Ahmedabad,Gujarat,2023-10-28,New
CUST04902,Customer 04902,Female,57,Delhi,Delhi,2024-11-16,New
CUST04903,Customer 04903,Male,27,Pune,Maharashtra,2026-01-14,New
CUST04904,Customer 04904,Male,29,Coimbatore,Tamil Nadu,2022-11-19,Regular
CUST04905,Customer 04905,Female,58,Mumbai,Maharashtra,2023-11-06,New
CUST04906,Customer 04906,Male,25,Ahmedabad,Gujarat,2025-06-27,Regular
CUST04907,Customer 04907,Female,49,Chennai,Tamil Nadu,2025-10-25,Loyal
CUST04908,Customer 04908,Female,34,Delhi,Delhi,2024-04-25,New
CUST04909,Customer 04909,Female,58,Delhi,Delhi,2022-03-31,Regular
CUST04910,Customer 04910,Male,62,Chennai,Tamil Nadu,2022-05-11,Loyal
CUST04911,Customer 04911,Female,31,Madurai,Tamil Nadu,2026-03-29,Regular
CUST04912,Customer 04912,Female,54,Mumbai,Maharashtra,2024-11-18,New
CUST04913,Customer 04913,Female,26,Hyderabad,Telangana,2026-04-17,New
CUST04914,Customer 04914,Female,43,Pune,Maharashtra,2023-10-24,Regular
CUST04915,Customer 04915,Male,65,Coimbatore,Tamil Nadu,2025-01-14,Regular
CUST04916,Customer 04916,Male,41,Pune,Maharashtra,2022-02-27,New
CUST04917,Customer 04917,Male,40,Mumbai,Maharashtra,2024-12-16,Loyal
CUST04918,Customer 04918,Male,48,Pune,Maharashtra,2024-09-20,Loyal
CUST04919,Customer 04919,Female,56,Chennai,Tamil Nadu,2025-11-18,Regular
CUST04920,Customer 04920,Female,61,Delhi,Delhi,2024-11-14,Loyal
CUST04921,Customer 04921,Female,19,Pune,Maharashtra,2022-07-09,New
CUST04922,Customer 04922,Female,35,Kolkata,West Bengal,2024-08-16,Regular
CUST04923,Customer 04923,Male,33,Ahmedabad,Gujarat,2022-03-17,New
CUST04924,Customer 04924,Other,46,Mumbai,Maharashtra,2023-01-06,Regular
CUST04925,Customer 04925,Male,28,Madurai,Tamil Nadu,2024-06-17,New
CUST04926,Customer 04926,Male,19,Kolkata,West Bengal,2024-04-30,Regular
CUST04927,Customer 04927,Female,31,Chennai,Tamil Nadu,2023-05-21,New
CUST04928,Customer 04928,Female,21,Bengaluru,Karnataka,2022-07-02,Loyal
CUST04929,Customer 04929,Female,56,Chennai,Tamil Nadu,2022-06-03,New
CUST04930,Customer 04930,Male,51,Madurai,Tamil Nadu,2025-07-16,New
CUST04931,Customer 04931,Female,63,Madurai,Tamil Nadu,2024-06-21,New
CUST04932,Customer 04932,Male,56,Kolkata,West Bengal,2025-07-25,New
CUST04933,Customer 04933,Male,26,Ahmedabad,Gujarat,2025-09-25,Loyal
CUST04934,Customer 04934,Female,57,Mumbai,Maharashtra,2024-11-12,VIP
CUST04935,Customer 04935,Female,58,Hyderabad,Telangana,2025-12-26,Loyal
CUST04936,Customer 04936,Female,24,Delhi,Delhi,2023-06-10,Loyal
CUST04937,Customer 04937,Female,34,Kolkata,West Bengal,2023-08-29,New
CUST04938,Customer 04938,Female,40,Madurai,Tamil Nadu,2025-09-28,New
CUST04939,Customer 04939,Female,62,Bengaluru,Karnataka,2024-05-28,Regular
CUST04940,Customer 04940,Female,28,Coimbatore,Tamil Nadu,2024-12-11,VIP
CUST04941,Customer 04941,Female,39,Madurai,Tamil Nadu,2022-12-05,Regular
CUST04942,Customer 04942,Other,35,Ahmedabad,Gujarat,2024-11-30,Regular
CUST04943,Customer 04943,Other,45,Ahmedabad,Gujarat,2023-06-02,New
CUST04944,Customer 04944,Male,33,Madurai,Tamil Nadu,2023-02-11,New
CUST04945,Customer 04945,Female,59,Ahmedabad,Gujarat,2022-05-18,Regular
CUST04946,Customer 04946,Female,21,Kolkata,West Bengal,2025-01-27,Loyal
CUST04947,Customer 04947,Male,53,Madurai,Tamil Nadu,2022-12-07,New
CUST04948,Customer 04948,Female,39,Madurai,Tamil Nadu,2025-09-01,Loyal
CUST04949,Customer 04949,Male,28,Mumbai,Maharashtra,2023-06-26,VIP
CUST04950,Customer 04950,Female,38,Delhi,Delhi,2022-08-13,Loyal
CUST04951,Customer 04951,Female,57,Bengaluru,Karnataka,2022-09-18,Loyal
CUST04952,Customer 04952,Male,58,Ahmedabad,Gujarat,2025-06-24,New
CUST04953,Customer 04953,Male,33,Mumbai,Maharashtra,2025-01-07,VIP
CUST04954,Customer 04954,Female,59,Hyderabad,Telangana,2023-11-28,Regular
CUST04955,Customer 04955,Male,26,Hyderabad,Telangana,2024-03-21,Loyal
CUST04956,Customer 04956,Male,52,Pune,Maharashtra,2023-04-18,New
CUST04957,Customer 04957,Male,51,Kolkata,West Bengal,2022-03-18,Regular
CUST04958,Customer 04958,Female,26,Kolkata,West Bengal,2022-09-19,New
CUST04959,Customer 04959,Female,30,Chennai,Tamil Nadu,2024-10-22,New
CUST04960,Customer 04960,Female,23,Bengaluru,Karnataka,2022-01-17,VIP
CUST04961,Customer 04961,Male,21,Madurai,Tamil Nadu,2022-12-10,Loyal
CUST04962,Customer 04962,Female,63,Ahmedabad,Gujarat,2024-11-01,Regular
CUST04963,Customer 04963,Female,45,Bengaluru,Karnataka,2024-07-28,Regular
CUST04964,Customer 04964,Male,28,Pune,Maharashtra,2023-11-25,Loyal
CUST04965,Customer 04965,Female,51,Chennai,Tamil Nadu,2024-04-25,Regular
CUST04966,Customer 04966,Female,52,Mumbai,Maharashtra,2024-10-27,Loyal
CUST04967,Customer 04967,Female,22,Bengaluru,Karnataka,2022-09-03,Regular
CUST04968,Customer 04968,Male,56,Mumbai,Maharashtra,2024-09-12,Regular
CUST04969,Customer 04969,Male,28,Hyderabad,Telangana,2025-03-26,VIP
CUST04970,Customer 04970,Male,29,Ahmedabad,Gujarat,2022-06-23,Regular
CUST04971,Customer 04971,Male,60,Pune,Maharashtra,2026-02-19,Regular
CUST04972,Customer 04972,Female,36,Madurai,Tamil Nadu,2024-04-25,Loyal
CUST04973,Customer 04973,Male,30,Ahmedabad,Gujarat,2023-11-24,Loyal
CUST04974,Customer 04974,Female,21,Delhi,Delhi,2024-10-05,VIP
CUST04975,Customer 04975,Male,31,Kolkata,West Bengal,2022-10-08,Regular
CUST04976,Customer 04976,Male,61,Pune,Maharashtra,2025-08-25,Regular
CUST04977,Customer 04977,Female,19,Bengaluru,Karnataka,2024-09-16,New
CUST04978,Customer 04978,Male,25,Ahmedabad,Gujarat,2022-08-25,New
CUST04979,Customer 04979,Female,39,Coimbatore,Tamil Nadu,2022-06-06,Loyal
CUST04980,Customer 04980,Male,30,Kolkata,West Bengal,2025-06-28,New
CUST04981,Customer 04981,Male,38,Kolkata,West Bengal,2024-10-19,Regular
CUST04982,Customer 04982,Female,38,Coimbatore,Tamil Nadu,2025-05-29,Loyal
CUST04983,Customer 04983,Female,45,Chennai,Tamil Nadu,2022-12-04,VIP
CUST04984,Customer 04984,Male,50,Chennai,Tamil Nadu,2025-05-31,New
CUST04985,Customer 04985,Male,46,Coimbatore,Tamil Nadu,2025-05-19,Regular
CUST04986,Customer 04986,Female,54,Delhi,Delhi,2022-12-03,Loyal
CUST04987,Customer 04987,Other,39,Hyderabad,Telangana,2025-03-03,Regular
CUST04988,Customer 04988,Female,43,Coimbatore,Tamil Nadu,2024-02-10,Loyal
CUST04989,Customer 04989,Male,28,Hyderabad,Telangana,2023-05-10,Loyal
CUST04990,Customer 04990,Other,28,Ahmedabad,Gujarat,2023-07-01,Regular
CUST04991,Customer 04991,Male,62,Delhi,Delhi,2025-04-21,Regular
CUST04992,Customer 04992,Male,51,Pune,Maharashtra,2022-06-10,Regular
CUST04993,Customer 04993,Female,36,Hyderabad,Telangana,2023-08-28,Regular
CUST04994,Customer 04994,Male,65,Kolkata,West Bengal,2023-01-22,Regular
CUST04995,Customer 04995,Male,54,Ahmedabad,Gujarat,2025-05-05,Loyal
CUST04996,Customer 04996,Male,31,Kolkata,West Bengal,2026-02-16,Loyal
CUST04997,Customer 04997,Male,46,Delhi,Delhi,2026-03-06,Regular
CUST04998,Customer 04998,Female,36,Hyderabad,Telangana,2024-09-14,VIP
CUST04999,Customer 04999,Female,54,Mumbai,Maharashtra,2026-02-21,Regular
CUST05000,Customer 05000,Male,38,Delhi,Delhi,2025-10-07,Loyal
CUST05001,Customer 05001,Female,41,Delhi,Delhi,2026-04-03,New
CUST05002,Customer 05002,Female,43,Mumbai,Maharashtra,2022-08-22,Regular
CUST05003,Customer 05003,Female,58,Ahmedabad,Gujarat,2025-12-03,Regular
CUST05004,Customer 05004,Male,29,Hyderabad,Telangana,2025-07-23,Regular
CUST05005,Customer 05005,Other,65,Hyderabad,Telangana,2023-12-12,New
CUST05006,Customer 05006,Female,36,Kolkata,West Bengal,2023-04-04,Loyal
CUST05007,Customer 05007,Male,64,Delhi,Delhi,2026-01-16,Regular
CUST05008,Customer 05008,Male,47,Delhi,Delhi,2023-02-17,VIP
CUST05009,Customer 05009,Male,32,Madurai,Tamil Nadu,2024-11-07,Regular
CUST05010,Customer 05010,Female,20,Pune,Maharashtra,2022-03-13,New
CUST05011,Customer 05011,Male,30,Delhi,Delhi,2023-01-13,Regular
CUST05012,Customer 05012,Female,26,Bengaluru,Karnataka,2023-11-13,VIP
CUST05013,Customer 05013,Male,30,Pune,Maharashtra,2024-04-13,Regular
CUST05014,Customer 05014,Female,33,Bengaluru,Karnataka,2025-10-10,New
CUST05015,Customer 05015,Male,31,Hyderabad,Telangana,2022-05-31,VIP
CUST05016,Customer 05016,Female,25,Pune,Maharashtra,2025-07-08,New
CUST05017,Customer 05017,Female,36,Delhi,Delhi,2025-01-08,Regular
CUST05018,Customer 05018,Male,49,Mumbai,Maharashtra,2025-02-03,Regular
CUST05019,Customer 05019,Male,52,Kolkata,West Bengal,2026-03-27,Regular
CUST05020,Customer 05020,Male,40,Bengaluru,Karnataka,2025-11-27,Regular
CUST05021,Customer 05021,Female,38,Pune,Maharashtra,2023-12-21,Loyal
CUST05022,Customer 05022,Female,35,Delhi,Delhi,2022-05-10,Loyal
CUST05023,Customer 05023,Male,65,Pune,Maharashtra,2025-04-09,Regular
CUST05024,Customer 05024,Male,31,Delhi,Delhi,2023-02-10,Regular
CUST05025,Customer 05025,Male,33,Delhi,Delhi,2024-11-22,New
CUST05026,Customer 05026,Female,41,Delhi,Delhi,2023-06-20,New
CUST05027,Customer 05027,Female,49,Madurai,Tamil Nadu,2022-07-16,Regular
CUST05028,Customer 05028,Female,28,Kolkata,West Bengal,2024-07-05,Regular
CUST05029,Customer 05029,Male,62,Mumbai,Maharashtra,2024-12-05,New
CUST05030,Customer 05030,Male,28,Mumbai,Maharashtra,2022-10-01,Regular
CUST05031,Customer 05031,Other,21,Pune,Maharashtra,2022-05-13,Loyal
CUST05032,Customer 05032,Male,43,Pune,Maharashtra,2022-09-21,Loyal
CUST05033,Customer 05033,Female,63,Delhi,Delhi,2023-01-02,Regular
CUST05034,Customer 05034,Male,22,Madurai,Tamil Nadu,2024-04-04,Loyal
CUST05035,Customer 05035,Male,53,Delhi,Delhi,2022-01-05,Regular
CUST05036,Customer 05036,Female,50,Madurai,Tamil Nadu,2022-09-26,Regular
CUST05037,Customer 05037,Other,31,Delhi,Delhi,2024-04-30,Loyal
CUST05038,Customer 05038,Other,49,Bengaluru,Karnataka,2024-01-03,Loyal
CUST05039,Customer 05039,Male,24,Bengaluru,Karnataka,2025-12-15,Regular
CUST05040,Customer 05040,Male,27,Hyderabad,Telangana,2025-10-01,Regular
CUST05041,Customer 05041,Female,19,Delhi,Delhi,2022-03-10,Loyal
CUST05042,Customer 05042,Female,27,Kolkata,West Bengal,2024-03-10,Regular
CUST05043,Customer 05043,Female,52,Hyderabad,Telangana,2022-12-24,Regular
CUST05044,Customer 05044,Male,38,Pune,Maharashtra,2025-11-10,Loyal
CUST05045,Customer 05045,Female,57,Ahmedabad,Gujarat,2022-11-21,New
CUST05046,Customer 05046,Female,59,Delhi,Delhi,2024-01-21,Regular
CUST05047,Customer 05047,Female,25,Bengaluru,Karnataka,2026-02-13,VIP
CUST05048,Customer 05048,Female,63,Ahmedabad,Gujarat,2025-04-17,Regular
CUST05049,Customer 05049,Male,35,Madurai,Tamil Nadu,2022-09-13,Regular
CUST05050,Customer 05050,Other,26,Ahmedabad,Gujarat,2023-02-23,Regular
CUST05051,Customer 05051,Female,58,Kolkata,West Bengal,2022-07-30,New
CUST05052,Customer 05052,Female,47,Delhi,Delhi,2024-06-29,Regular
CUST05053,Customer 05053,Female,21,Mumbai,Maharashtra,2023-08-07,New
CUST05054,Customer 05054,Female,52,Ahmedabad,Gujarat,2025-10-22,Regular
CUST05055,Customer 05055,Female,31,Mumbai,Maharashtra,2023-07-31,Regular
CUST05056,Customer 05056,Male,31,Madurai,Tamil Nadu,2022-06-15,Regular
CUST05057,Customer 05057,Male,65,Hyderabad,Telangana,2022-08-02,Regular
CUST05058,Customer 05058,Male,54,Mumbai,Maharashtra,2023-06-13,New
CUST05059,Customer 05059,Male,37,Hyderabad,Telangana,2025-04-11,Regular
CUST05060,Customer 05060,Male,46,Bengaluru,Karnataka,2025-02-26,Regular
CUST05061,Customer 05061,Male,40,Delhi,Delhi,2022-01-03,New
CUST05062,Customer 05062,Male,64,Ahmedabad,Gujarat,2024-06-13,Loyal
CUST05063,Customer 05063,Male,38,Bengaluru,Karnataka,2024-06-14,Loyal
CUST05064,Customer 05064,Male,48,Bengaluru,Karnataka,2024-12-29,Regular
CUST05065,Customer 05065,Male,49,Coimbatore,Tamil Nadu,2022-02-21,New
CUST05066,Customer 05066,Female,58,Chennai,Tamil Nadu,2023-03-13,New
CUST05067,Customer 05067,Female,24,Kolkata,West Bengal,2025-11-02,Regular
CUST05068,Customer 05068,Male,30,Hyderabad,Telangana,2024-10-18,New
CUST05069,Customer 05069,Female,40,Coimbatore,Tamil Nadu,2022-04-04,New
CUST05070,Customer 05070,Female,25,Chennai,Tamil Nadu,2026-05-02,Regular
CUST05071,Customer 05071,Male,29,Kolkata,West Bengal,2023-08-10,VIP
CUST05072,Customer 05072,Female,53,Hyderabad,Telangana,2023-08-26,Regular
CUST05073,Customer 05073,Female,33,Delhi,Delhi,2022-03-27,Loyal
CUST05074,Customer 05074,Female,43,Kolkata,West Bengal,2023-06-02,New
CUST05075,Customer 05075,Male,46,Ahmedabad,Gujarat,2024-01-12,New
CUST05076,Customer 05076,Female,46,Bengaluru,Karnataka,2023-03-06,New
CUST05077,Customer 05077,Male,23,Chennai,Tamil Nadu,2024-05-12,VIP
CUST05078,Customer 05078,Female,54,Chennai,Tamil Nadu,2024-04-08,Regular
CUST05079,Customer 05079,Other,50,Chennai,Tamil Nadu,2022-02-12,Regular
CUST05080,Customer 05080,Female,48,Hyderabad,Telangana,2025-10-25,Regular
CUST05081,Customer 05081,Female,63,Ahmedabad,Gujarat,2023-02-08,Loyal
CUST05082,Customer 05082,Male,58,Kolkata,West Bengal,2025-08-19,Regular
CUST05083,Customer 05083,Other,35,Bengaluru,Karnataka,2025-04-20,Regular
CUST05084,Customer 05084,Female,55,Ahmedabad,Gujarat,2022-06-18,VIP
CUST05085,Customer 05085,Male,64,Coimbatore,Tamil Nadu,2022-07-22,Regular
CUST05086,Customer 05086,Female,48,Delhi,Delhi,2023-12-07,Regular
CUST05087,Customer 05087,Male,33,Mumbai,Maharashtra,2023-06-27,Regular
CUST05088,Customer 05088,Male,57,Ahmedabad,Gujarat,2022-04-12,Loyal
CUST05089,Customer 05089,Female,54,Coimbatore,Tamil Nadu,2026-05-19,Regular
CUST05090,Customer 05090,Male,31,Bengaluru,Karnataka,2022-12-12,New
CUST05091,Customer 05091,Female,56,Mumbai,Maharashtra,2023-08-26,Loyal
CUST05092,Customer 05092,Male,21,Mumbai,Maharashtra,2023-03-18,Regular
CUST05093,Customer 05093,Male,47,Ahmedabad,Gujarat,2022-09-07,Loyal
CUST05094,Customer 05094,Other,50,Chennai,Tamil Nadu,2025-04-21,Regular
CUST05095,Customer 05095,Male,53,Pune,Maharashtra,2025-08-18,Regular
CUST05096,Customer 05096,Female,47,Bengaluru,Karnataka,2024-05-27,New
CUST05097,Customer 05097,Female,31,Chennai,Tamil Nadu,2025-07-27,Loyal
CUST05098,Customer 05098,Female,40,Bengaluru,Karnataka,2025-01-17,Regular
CUST05099,Customer 05099,Female,65,Pune,Maharashtra,2025-12-19,Regular
CUST05100,Customer 05100,Female,45,Delhi,Delhi,2025-08-01,Regular
CUST05101,Customer 05101,Male,24,Pune,Maharashtra,2023-11-02,VIP
CUST05102,Customer 05102,Female,59,Madurai,Tamil Nadu,2025-02-27,Regular
CUST05103,Customer 05103,Male,27,Ahmedabad,Gujarat,2022-09-05,New
CUST05104,Customer 05104,Female,21,Ahmedabad,Gujarat,2023-10-14,VIP
CUST05105,Customer 05105,Female,61,Coimbatore,Tamil Nadu,2024-06-19,Loyal
CUST05106,Customer 05106,Female,55,Chennai,Tamil Nadu,2025-04-27,Regular
CUST05107,Customer 05107,Female,30,Coimbatore,Tamil Nadu,2022-04-01,VIP
CUST05108,Customer 05108,Female,38,Madurai,Tamil Nadu,2023-07-22,New
CUST05109,Customer 05109,Female,50,Pune,Maharashtra,2025-04-03,New
CUST05110,Customer 05110,Female,57,Ahmedabad,Gujarat,2023-07-02,Regular
CUST05111,Customer 05111,Male,45,Hyderabad,Telangana,2025-09-15,New
CUST05112,Customer 05112,Male,40,Pune,Maharashtra,2026-04-14,Loyal
CUST05113,Customer 05113,Female,49,Pune,Maharashtra,2022-03-21,Loyal
CUST05114,Customer 05114,Female,65,Madurai,Tamil Nadu,2024-07-22,Regular
CUST05115,Customer 05115,Male,22,Delhi,Delhi,2024-09-07,Loyal
CUST05116,Customer 05116,Male,43,Bengaluru,Karnataka,2024-05-19,New
CUST05117,Customer 05117,Male,56,Madurai,Tamil Nadu,2022-06-18,Regular
CUST05118,Customer 05118,Other,43,Bengaluru,Karnataka,2026-04-18,VIP
CUST05119,Customer 05119,Female,20,Ahmedabad,Gujarat,2025-01-21,Loyal
CUST05120,Customer 05120,Male,41,Madurai,Tamil Nadu,2023-09-16,Regular
CUST05121,Customer 05121,Male,51,Bengaluru,Karnataka,2023-01-14,New
CUST05122,Customer 05122,Male,51,Coimbatore,Tamil Nadu,2025-05-17,New
CUST05123,Customer 05123,Male,37,Madurai,Tamil Nadu,2022-07-13,Regular
CUST05124,Customer 05124,Male,47,Ahmedabad,Gujarat,2022-09-21,Regular
CUST05125,Customer 05125,Female,59,Madurai,Tamil Nadu,2025-06-24,New
CUST05126,Customer 05126,Other,37,Ahmedabad,Gujarat,2026-01-11,Regular
CUST05127,Customer 05127,Male,58,Madurai,Tamil Nadu,2023-06-05,Loyal
CUST05128,Customer 05128,Male,35,Bengaluru,Karnataka,2024-07-07,Regular
CUST05129,Customer 05129,Male,55,Delhi,Delhi,2023-04-24,New
CUST05130,Customer 05130,Male,37,Kolkata,West Bengal,2025-07-24,VIP
CUST05131,Customer 05131,Male,23,Bengaluru,Karnataka,2025-02-26,Regular
CUST05132,Customer 05132,Male,59,Chennai,Tamil Nadu,2025-08-18,Loyal
CUST05133,Customer 05133,Male,42,Mumbai,Maharashtra,2023-07-28,New
CUST05134,Customer 05134,Female,58,Delhi,Delhi,2026-03-18,Regular
CUST05135,Customer 05135,Female,58,Coimbatore,Tamil Nadu,2025-10-15,Regular
CUST05136,Customer 05136,Female,20,Pune,Maharashtra,2024-04-22,Regular
CUST05137,Customer 05137,Male,61,Bengaluru,Karnataka,2025-10-12,Regular
CUST05138,Customer 05138,Female,60,Madurai,Tamil Nadu,2026-01-29,New
CUST05139,Customer 05139,Other,63,Bengaluru,Karnataka,2025-04-10,Regular
CUST05140,Customer 05140,Male,36,Hyderabad,Telangana,2025-01-16,Regular
CUST05141,Customer 05141,Male,27,Delhi,Delhi,2026-03-04,New
CUST05142,Customer 05142,Female,22,Kolkata,West Bengal,2024-06-14,VIP
CUST05143,Customer 05143,Male,39,Coimbatore,Tamil Nadu,2025-01-11,Loyal
CUST05144,Customer 05144,Male,26,Hyderabad,Telangana,2023-06-01,Loyal
CUST05145,Customer 05145,Female,50,Ahmedabad,Gujarat,2024-10-20,Regular
CUST05146,Customer 05146,Female,32,Hyderabad,Telangana,2026-04-24,New
CUST05147,Customer 05147,Male,41,Bengaluru,Karnataka,2024-06-14,Regular
CUST05148,Customer 05148,Female,47,Coimbatore,Tamil Nadu,2025-09-07,Loyal
CUST05149,Customer 05149,Female,53,Bengaluru,Karnataka,2023-04-10,New
CUST05150,Customer 05150,Male,56,Ahmedabad,Gujarat,2023-09-05,Regular
CUST05151,Customer 05151,Female,23,Pune,Maharashtra,2025-03-10,Regular
CUST05152,Customer 05152,Male,32,Coimbatore,Tamil Nadu,2023-08-28,New
CUST05153,Customer 05153,Male,55,Pune,Maharashtra,2023-09-13,Regular
CUST05154,Customer 05154,Female,56,Delhi,Delhi,2024-09-26,VIP
CUST05155,Customer 05155,Male,39,Delhi,Delhi,2023-07-09,Loyal
CUST05156,Customer 05156,Male,20,Pune,Maharashtra,2022-05-16,Regular
CUST05157,Customer 05157,Male,46,Delhi,Delhi,2022-11-26,Regular
CUST05158,Customer 05158,Female,46,Coimbatore,Tamil Nadu,2024-08-12,New
CUST05159,Customer 05159,Female,48,Madurai,Tamil Nadu,2023-01-30,Regular
CUST05160,Customer 05160,Male,62,Chennai,Tamil Nadu,2022-06-05,Loyal
CUST05161,Customer 05161,Female,19,Delhi,Delhi,2024-11-28,Regular
CUST05162,Customer 05162,Male,52,Delhi,Delhi,2025-07-29,Loyal
CUST05163,Customer 05163,Female,62,Bengaluru,Karnataka,2024-05-19,Regular
CUST05164,Customer 05164,Male,26,Pune,Maharashtra,2023-06-22,Regular
CUST05165,Customer 05165,Female,39,Mumbai,Maharashtra,2026-04-17,Regular
CUST05166,Customer 05166,Other,36,Kolkata,West Bengal,2024-12-05,Loyal
CUST05167,Customer 05167,Female,54,Hyderabad,Telangana,2023-10-30,Regular
CUST05168,Customer 05168,Male,27,Delhi,Delhi,2022-09-01,VIP
CUST05169,Customer 05169,Female,63,Hyderabad,Telangana,2023-07-01,Loyal
CUST05170,Customer 05170,Male,38,Coimbatore,Tamil Nadu,2023-03-26,Loyal
CUST05171,Customer 05171,Female,34,Mumbai,Maharashtra,2022-10-05,Loyal
CUST05172,Customer 05172,Male,20,Kolkata,West Bengal,2024-01-24,Regular
CUST05173,Customer 05173,Male,24,Pune,Maharashtra,2023-02-10,Regular
CUST05174,Customer 05174,Male,58,Chennai,Tamil Nadu,2024-02-10,Regular
CUST05175,Customer 05175,Male,54,Kolkata,West Bengal,2024-12-05,Regular
CUST05176,Customer 05176,Female,53,Kolkata,West Bengal,2024-01-19,Loyal
CUST05177,Customer 05177,Female,20,Chennai,Tamil Nadu,2026-03-24,New
CUST05178,Customer 05178,Female,30,Madurai,Tamil Nadu,2024-02-11,New
CUST05179,Customer 05179,Female,58,Pune,Maharashtra,2025-07-18,Loyal
CUST05180,Customer 05180,Female,47,Bengaluru,Karnataka,2026-04-29,New
CUST05181,Customer 05181,Male,40,Hyderabad,Telangana,2022-08-26,New
CUST05182,Customer 05182,Male,24,Delhi,Delhi,2025-04-05,Regular
CUST05183,Customer 05183,Male,47,Kolkata,West Bengal,2025-10-31,Loyal
CUST05184,Customer 05184,Male,46,Coimbatore,Tamil Nadu,2022-07-20,Regular
CUST05185,Customer 05185,Male,25,Chennai,Tamil Nadu,2024-01-16,VIP
CUST05186,Customer 05186,Male,27,Hyderabad,Telangana,2022-08-20,New
CUST05187,Customer 05187,Male,50,Mumbai,Maharashtra,2026-01-09,Loyal
CUST05188,Customer 05188,Male,37,Chennai,Tamil Nadu,2023-12-25,Regular
CUST05189,Customer 05189,Female,46,Mumbai,Maharashtra,2025-12-12,New
CUST05190,Customer 05190,Male,46,Pune,Maharashtra,2025-03-23,Regular
CUST05191,Customer 05191,Female,38,Kolkata,West Bengal,2025-10-23,New
CUST05192,Customer 05192,Female,18,Coimbatore,Tamil Nadu,2023-12-26,Regular
CUST05193,Customer 05193,Female,51,Delhi,Delhi,2022-03-28,Regular
CUST05194,Customer 05194,Male,61,Mumbai,Maharashtra,2026-04-03,New
CUST05195,Customer 05195,Male,49,Hyderabad,Telangana,2023-12-04,Loyal
CUST05196,Customer 05196,Male,62,Madurai,Tamil Nadu,2024-03-30,Regular
CUST05197,Customer 05197,Male,31,Pune,Maharashtra,2022-02-23,VIP
CUST05198,Customer 05198,Male,54,Madurai,Tamil Nadu,2024-12-01,Loyal
CUST05199,Customer 05199,Female,52,Pune,Maharashtra,2025-10-04,New
CUST05200,Customer 05200,Female,41,Bengaluru,Karnataka,2025-06-07,Regular
CUST05201,Customer 05201,Female,18,Hyderabad,Telangana,2024-01-12,Regular
CUST05202,Customer 05202,Male,63,Madurai,Tamil Nadu,2023-11-25,Loyal
CUST05203,Customer 05203,Male,23,Coimbatore,Tamil Nadu,2023-03-12,Loyal
CUST05204,Customer 05204,Female,21,Kolkata,West Bengal,2025-03-10,Regular
CUST05205,Customer 05205,Male,55,Chennai,Tamil Nadu,2025-08-04,New
CUST05206,Customer 05206,Female,18,Delhi,Delhi,2025-09-07,Regular
CUST05207,Customer 05207,Female,58,Kolkata,West Bengal,2023-08-17,Loyal
CUST05208,Customer 05208,Male,48,Kolkata,West Bengal,2023-03-18,Loyal
CUST05209,Customer 05209,Male,53,Pune,Maharashtra,2022-06-16,Loyal
CUST05210,Customer 05210,Male,26,Coimbatore,Tamil Nadu,2023-07-20,Regular
CUST05211,Customer 05211,Male,58,Pune,Maharashtra,2026-01-26,New
CUST05212,Customer 05212,Male,62,Ahmedabad,Gujarat,2026-01-19,VIP
CUST05213,Customer 05213,Male,40,Mumbai,Maharashtra,2022-03-14,Loyal
CUST05214,Customer 05214,Male,48,Delhi,Delhi,2023-12-26,New
CUST05215,Customer 05215,Female,46,Mumbai,Maharashtra,2024-08-05,New
CUST05216,Customer 05216,Female,38,Chennai,Tamil Nadu,2022-09-27,Regular
CUST05217,Customer 05217,Male,20,Ahmedabad,Gujarat,2022-08-07,Loyal
CUST05218,Customer 05218,Female,43,Hyderabad,Telangana,2023-07-01,Regular
CUST05219,Customer 05219,Female,23,Chennai,Tamil Nadu,2025-04-21,New
CUST05220,Customer 05220,Female,37,Chennai,Tamil Nadu,2025-01-06,Regular
CUST05221,Customer 05221,Female,64,Bengaluru,Karnataka,2022-11-04,Regular
CUST05222,Customer 05222,Male,63,Delhi,Delhi,2025-09-13,Regular
CUST05223,Customer 05223,Male,30,Pune,Maharashtra,2023-02-25,Regular
CUST05224,Customer 05224,Female,58,Coimbatore,Tamil Nadu,2025-06-13,Loyal
CUST05225,Customer 05225,Female,40,Mumbai,Maharashtra,2024-04-28,Regular
CUST05226,Customer 05226,Female,32,Chennai,Tamil Nadu,2024-06-04,Regular
CUST05227,Customer 05227,Other,63,Mumbai,Maharashtra,2023-04-07,Regular
CUST05228,Customer 05228,Female,48,Mumbai,Maharashtra,2023-08-08,Regular
CUST05229,Customer 05229,Male,21,Hyderabad,Telangana,2026-04-12,Regular
CUST05230,Customer 05230,Male,28,Delhi,Delhi,2024-07-04,Regular
CUST05231,Customer 05231,Male,19,Delhi,Delhi,2022-02-07,Regular
CUST05232,Customer 05232,Female,33,Madurai,Tamil Nadu,2023-03-02,Loyal
CUST05233,Customer 05233,Female,48,Kolkata,West Bengal,2023-03-10,Loyal
CUST05234,Customer 05234,Female,65,Delhi,Delhi,2025-10-14,Regular
CUST05235,Customer 05235,Female,56,Mumbai,Maharashtra,2024-11-20,Loyal
CUST05236,Customer 05236,Female,60,Pune,Maharashtra,2022-07-24,Loyal
CUST05237,Customer 05237,Female,61,Mumbai,Maharashtra,2023-12-06,Loyal
CUST05238,Customer 05238,Female,21,Pune,Maharashtra,2024-01-12,New
CUST05239,Customer 05239,Male,65,Madurai,Tamil Nadu,2025-04-19,Loyal
CUST05240,Customer 05240,Female,45,Pune,Maharashtra,2022-02-09,Regular
CUST05241,Customer 05241,Female,33,Delhi,Delhi,2024-04-20,Loyal
CUST05242,Customer 05242,Male,56,Hyderabad,Telangana,2025-12-17,Regular
CUST05243,Customer 05243,Male,42,Pune,Maharashtra,2024-06-24,Regular
CUST05244,Customer 05244,Female,30,Mumbai,Maharashtra,2025-03-26,Regular
CUST05245,Customer 05245,Male,22,Coimbatore,Tamil Nadu,2022-06-17,Loyal
CUST05246,Customer 05246,Male,47,Delhi,Delhi,2023-10-04,Loyal
CUST05247,Customer 05247,Male,18,Coimbatore,Tamil Nadu,2025-01-10,New
CUST05248,Customer 05248,Female,22,Ahmedabad,Gujarat,2023-11-18,New
CUST05249,Customer 05249,Female,31,Ahmedabad,Gujarat,2023-08-23,Loyal
CUST05250,Customer 05250,Male,28,Mumbai,Maharashtra,2022-04-12,Regular
CUST05251,Customer 05251,Male,51,Ahmedabad,Gujarat,2024-01-30,Regular
CUST05252,Customer 05252,Other,46,Kolkata,West Bengal,2023-12-19,Loyal
CUST05253,Customer 05253,Female,35,Madurai,Tamil Nadu,2022-03-30,Loyal
CUST05254,Customer 05254,Female,32,Delhi,Delhi,2022-12-11,New
CUST05255,Customer 05255,Male,63,Coimbatore,Tamil Nadu,2024-03-10,Regular
CUST05256,Customer 05256,Male,42,Mumbai,Maharashtra,2025-08-26,Loyal
CUST05257,Customer 05257,Male,47,Kolkata,West Bengal,2023-08-31,Loyal
CUST05258,Customer 05258,Female,62,Mumbai,Maharashtra,2026-01-03,Regular
CUST05259,Customer 05259,Male,19,Kolkata,West Bengal,2022-06-08,New
CUST05260,Customer 05260,Male,57,Ahmedabad,Gujarat,2025-02-11,New
CUST05261,Customer 05261,Male,44,Ahmedabad,Gujarat,2023-06-20,VIP
CUST05262,Customer 05262,Male,32,Pune,Maharashtra,2022-06-12,Regular
CUST05263,Customer 05263,Female,49,Bengaluru,Karnataka,2022-10-13,Regular
CUST05264,Customer 05264,Male,37,Mumbai,Maharashtra,2024-05-14,New
CUST05265,Customer 05265,Female,31,Pune,Maharashtra,2022-02-24,New
CUST05266,Customer 05266,Female,44,Delhi,Delhi,2023-07-30,Regular
CUST05267,Customer 05267,Male,20,Pune,Maharashtra,2022-02-02,Regular
CUST05268,Customer 05268,Female,20,Chennai,Tamil Nadu,2023-07-12,Regular
CUST05269,Customer 05269,Other,30,Ahmedabad,Gujarat,2024-01-01,New
CUST05270,Customer 05270,Other,42,Chennai,Tamil Nadu,2024-09-19,Regular
CUST05271,Customer 05271,Male,35,Mumbai,Maharashtra,2024-03-11,Loyal
CUST05272,Customer 05272,Male,18,Coimbatore,Tamil Nadu,2022-07-15,New
CUST05273,Customer 05273,Male,56,Coimbatore,Tamil Nadu,2023-03-24,Loyal
CUST05274,Customer 05274,Female,22,Delhi,Delhi,2024-07-13,New
CUST05275,Customer 05275,Female,19,Pune,Maharashtra,2022-04-02,New
CUST05276,Customer 05276,Female,47,Coimbatore,Tamil Nadu,2023-08-31,Regular
CUST05277,Customer 05277,Male,34,Kolkata,West Bengal,2025-06-05,VIP
CUST05278,Customer 05278,Male,46,Kolkata,West Bengal,2022-10-13,Regular
CUST05279,Customer 05279,Female,59,Delhi,Delhi,2024-05-23,Regular
CUST05280,Customer 05280,Female,21,Madurai,Tamil Nadu,2025-06-12,Regular
CUST05281,Customer 05281,Female,26,Ahmedabad,Gujarat,2022-04-12,New
CUST05282,Customer 05282,Male,38,Pune,Maharashtra,2022-05-20,New
CUST05283,Customer 05283,Male,60,Mumbai,Maharashtra,2024-04-14,VIP
CUST05284,Customer 05284,Male,29,Hyderabad,Telangana,2022-09-23,New
CUST05285,Customer 05285,Male,29,Hyderabad,Telangana,2025-09-27,Regular
CUST05286,Customer 05286,Male,21,Hyderabad,Telangana,2023-07-27,VIP
CUST05287,Customer 05287,Male,45,Coimbatore,Tamil Nadu,2023-06-19,New
CUST05288,Customer 05288,Male,26,Madurai,Tamil Nadu,2023-06-07,Regular
CUST05289,Customer 05289,Male,57,Madurai,Tamil Nadu,2022-01-16,New
CUST05290,Customer 05290,Male,49,Pune,Maharashtra,2023-07-15,New
CUST05291,Customer 05291,Female,30,Pune,Maharashtra,2024-05-27,New
CUST05292,Customer 05292,Male,51,Madurai,Tamil Nadu,2022-12-02,Regular
CUST05293,Customer 05293,Female,36,Delhi,Delhi,2024-06-28,Loyal
CUST05294,Customer 05294,Female,31,Pune,Maharashtra,2025-11-14,Regular
CUST05295,Customer 05295,Female,22,Delhi,Delhi,2022-06-19,Loyal
CUST05296,Customer 05296,Female,44,Chennai,Tamil Nadu,2024-07-01,New
CUST05297,Customer 05297,Male,45,Kolkata,West Bengal,2022-04-29,Regular
CUST05298,Customer 05298,Female,43,Ahmedabad,Gujarat,2024-12-01,Regular
CUST05299,Customer 05299,Female,27,Pune,Maharashtra,2024-10-09,New
CUST05300,Customer 05300,Female,41,Madurai,Tamil Nadu,2022-01-10,New
CUST05301,Customer 05301,Male,34,Kolkata,West Bengal,2023-03-06,Regular
CUST05302,Customer 05302,Male,33,Kolkata,West Bengal,2026-01-31,Loyal
CUST05303,Customer 05303,Male,34,Bengaluru,Karnataka,2022-02-18,VIP
CUST05304,Customer 05304,Female,18,Madurai,Tamil Nadu,2022-07-26,New
CUST05305,Customer 05305,Female,38,Ahmedabad,Gujarat,2023-05-29,Loyal
CUST05306,Customer 05306,Male,64,Madurai,Tamil Nadu,2025-05-18,Loyal
CUST05307,Customer 05307,Female,60,Pune,Maharashtra,2025-03-08,Regular
CUST05308,Customer 05308,Female,39,Mumbai,Maharashtra,2022-02-06,New
CUST05309,Customer 05309,Male,22,Chennai,Tamil Nadu,2022-08-06,VIP
CUST05310,Customer 05310,Female,53,Delhi,Delhi,2026-01-19,Regular
CUST05311,Customer 05311,Female,38,Mumbai,Maharashtra,2026-03-16,VIP
CUST05312,Customer 05312,Male,26,Chennai,Tamil Nadu,2025-07-25,Regular
CUST05313,Customer 05313,Female,44,Mumbai,Maharashtra,2022-06-29,Regular
CUST05314,Customer 05314,Male,65,Delhi,Delhi,2026-03-21,New
CUST05315,Customer 05315,Female,29,Coimbatore,Tamil Nadu,2022-05-10,VIP
CUST05316,Customer 05316,Female,35,Madurai,Tamil Nadu,2023-09-03,Regular
CUST05317,Customer 05317,Female,52,Mumbai,Maharashtra,2023-10-21,New
CUST05318,Customer 05318,Male,32,Pune,Maharashtra,2022-12-25,Regular
CUST05319,Customer 05319,Male,61,Ahmedabad,Gujarat,2023-09-19,Regular
CUST05320,Customer 05320,Male,47,Hyderabad,Telangana,2024-10-24,Regular
CUST05321,Customer 05321,Female,62,Pune,Maharashtra,2026-05-01,Regular
CUST05322,Customer 05322,Male,50,Delhi,Delhi,2025-01-11,Regular
CUST05323,Customer 05323,Female,53,Ahmedabad,Gujarat,2025-03-23,Regular
CUST05324,Customer 05324,Male,57,Pune,Maharashtra,2023-05-21,New
CUST05325,Customer 05325,Male,47,Kolkata,West Bengal,2026-03-13,Regular
CUST05326,Customer 05326,Male,43,Madurai,Tamil Nadu,2024-03-28,New
CUST05327,Customer 05327,Other,38,Ahmedabad,Gujarat,2024-03-04,New
CUST05328,Customer 05328,Female,54,Kolkata,West Bengal,2024-04-18,Loyal
CUST05329,Customer 05329,Male,60,Pune,Maharashtra,2023-09-15,Regular
CUST05330,Customer 05330,Male,48,Chennai,Tamil Nadu,2023-09-21,New
CUST05331,Customer 05331,Female,34,Bengaluru,Karnataka,2022-04-07,Regular
CUST05332,Customer 05332,Male,34,Chennai,Tamil Nadu,2025-07-29,New
CUST05333,Customer 05333,Female,51,Madurai,Tamil Nadu,2024-03-29,Regular
CUST05334,Customer 05334,Female,41,Ahmedabad,Gujarat,2023-08-22,Regular
CUST05335,Customer 05335,Female,50,Ahmedabad,Gujarat,2024-07-22,Loyal
CUST05336,Customer 05336,Female,21,Madurai,Tamil Nadu,2026-04-11,Loyal
CUST05337,Customer 05337,Female,26,Kolkata,West Bengal,2023-03-05,Regular
CUST05338,Customer 05338,Female,19,Bengaluru,Karnataka,2026-04-16,Regular
CUST05339,Customer 05339,Female,52,Pune,Maharashtra,2025-02-23,Loyal
CUST05340,Customer 05340,Female,55,Delhi,Delhi,2025-08-17,New
CUST05341,Customer 05341,Male,62,Chennai,Tamil Nadu,2023-06-27,New
CUST05342,Customer 05342,Male,32,Chennai,Tamil Nadu,2023-01-02,Regular
CUST05343,Customer 05343,Male,60,Hyderabad,Telangana,2024-12-04,Regular
CUST05344,Customer 05344,Female,59,Bengaluru,Karnataka,2026-02-25,Loyal
CUST05345,Customer 05345,Female,20,Delhi,Delhi,2025-09-01,Regular
CUST05346,Customer 05346,Male,48,Chennai,Tamil Nadu,2025-04-27,Regular
CUST05347,Customer 05347,Male,58,Delhi,Delhi,2022-02-21,Loyal
CUST05348,Customer 05348,Male,59,Pune,Maharashtra,2023-07-18,Regular
CUST05349,Customer 05349,Female,40,Ahmedabad,Gujarat,2025-09-17,Regular
CUST05350,Customer 05350,Female,29,Delhi,Delhi,2023-05-14,New
CUST05351,Customer 05351,Female,25,Chennai,Tamil Nadu,2024-09-03,New
CUST05352,Customer 05352,Male,38,Kolkata,West Bengal,2025-09-03,New
CUST05353,Customer 05353,Female,38,Bengaluru,Karnataka,2025-12-04,Regular
CUST05354,Customer 05354,Male,49,Madurai,Tamil Nadu,2022-11-19,VIP
CUST05355,Customer 05355,Female,34,Mumbai,Maharashtra,2026-05-04,Loyal
CUST05356,Customer 05356,Male,54,Coimbatore,Tamil Nadu,2025-06-07,Regular
CUST05357,Customer 05357,Female,41,Coimbatore,Tamil Nadu,2025-09-29,Loyal
CUST05358,Customer 05358,Male,25,Mumbai,Maharashtra,2025-10-26,Regular
CUST05359,Customer 05359,Male,35,Delhi,Delhi,2023-07-10,Regular
CUST05360,Customer 05360,Other,28,Bengaluru,Karnataka,2025-08-08,New
CUST05361,Customer 05361,Male,27,Delhi,Delhi,2025-12-31,Regular
CUST05362,Customer 05362,Male,43,Madurai,Tamil Nadu,2025-06-24,New
CUST05363,Customer 05363,Female,64,Bengaluru,Karnataka,2022-08-07,Regular
CUST05364,Customer 05364,Female,23,Mumbai,Maharashtra,2023-06-18,Loyal
CUST05365,Customer 05365,Male,34,Delhi,Delhi,2023-10-04,New
CUST05366,Customer 05366,Female,40,Hyderabad,Telangana,2023-06-03,New
CUST05367,Customer 05367,Female,59,Chennai,Tamil Nadu,2026-02-04,New
CUST05368,Customer 05368,Male,54,Kolkata,West Bengal,2025-10-05,Regular
CUST05369,Customer 05369,Male,45,Ahmedabad,Gujarat,2022-02-13,Regular
CUST05370,Customer 05370,Male,33,Kolkata,West Bengal,2022-03-06,Regular
CUST05371,Customer 05371,Female,29,Madurai,Tamil Nadu,2022-09-03,Regular
CUST05372,Customer 05372,Male,38,Delhi,Delhi,2024-09-13,Regular
CUST05373,Customer 05373,Male,41,Pune,Maharashtra,2024-12-30,Regular
CUST05374,Customer 05374,Female,45,Bengaluru,Karnataka,2022-06-07,VIP
CUST05375,Customer 05375,Female,54,Delhi,Delhi,2024-07-26,Regular
CUST05376,Customer 05376,Male,38,Bengaluru,Karnataka,2026-02-07,Loyal
CUST05377,Customer 05377,Female,50,Ahmedabad,Gujarat,2024-11-14,Loyal
CUST05378,Customer 05378,Male,19,Hyderabad,Telangana,2024-04-04,Regular
CUST05379,Customer 05379,Male,54,Kolkata,West Bengal,2025-05-31,New
CUST05380,Customer 05380,Female,36,Chennai,Tamil Nadu,2022-06-09,Regular
CUST05381,Customer 05381,Female,45,Ahmedabad,Gujarat,2024-03-28,Regular
CUST05382,Customer 05382,Male,32,Ahmedabad,Gujarat,2024-10-01,Regular
CUST05383,Customer 05383,Female,18,Kolkata,West Bengal,2022-03-16,New
CUST05384,Customer 05384,Female,60,Ahmedabad,Gujarat,2022-05-18,New
CUST05385,Customer 05385,Male,45,Pune,Maharashtra,2023-04-24,Regular
CUST05386,Customer 05386,Female,52,Pune,Maharashtra,2023-07-07,New
CUST05387,Customer 05387,Male,49,Coimbatore,Tamil Nadu,2025-08-19,Loyal
CUST05388,Customer 05388,Other,45,Coimbatore,Tamil Nadu,2023-01-22,New
CUST05389,Customer 05389,Female,26,Pune,Maharashtra,2023-04-17,Regular
CUST05390,Customer 05390,Male,41,Mumbai,Maharashtra,2025-09-19,Loyal
CUST05391,Customer 05391,Male,21,Hyderabad,Telangana,2022-11-05,Loyal
CUST05392,Customer 05392,Male,62,Bengaluru,Karnataka,2026-04-01,Regular
CUST05393,Customer 05393,Male,58,Hyderabad,Telangana,2024-06-05,New
CUST05394,Customer 05394,Male,20,Madurai,Tamil Nadu,2023-12-02,Regular
CUST05395,Customer 05395,Male,65,Ahmedabad,Gujarat,2026-04-13,Regular
CUST05396,Customer 05396,Female,39,Chennai,Tamil Nadu,2025-04-01,Regular
CUST05397,Customer 05397,Male,57,Ahmedabad,Gujarat,2024-09-26,Regular
CUST05398,Customer 05398,Female,56,Hyderabad,Telangana,2024-08-09,New
CUST05399,Customer 05399,Female,42,Pune,Maharashtra,2024-12-14,Loyal
CUST05400,Customer 05400,Male,65,Kolkata,West Bengal,2024-02-25,New
CUST05401,Customer 05401,Female,39,Madurai,Tamil Nadu,2026-01-18,Regular
CUST05402,Customer 05402,Male,65,Pune,Maharashtra,2022-11-01,VIP
CUST05403,Customer 05403,Male,64,Hyderabad,Telangana,2022-04-12,Regular
CUST05404,Customer 05404,Female,51,Kolkata,West Bengal,2026-04-27,Regular
CUST05405,Customer 05405,Male,37,Chennai,Tamil Nadu,2024-02-14,New
CUST05406,Customer 05406,Female,53,Hyderabad,Telangana,2025-11-12,VIP
CUST05407,Customer 05407,Female,54,Bengaluru,Karnataka,2025-05-16,New
CUST05408,Customer 05408,Other,56,Delhi,Delhi,2025-08-31,Regular
CUST05409,Customer 05409,Female,44,Kolkata,West Bengal,2024-12-08,Loyal
CUST05410,Customer 05410,Female,64,Hyderabad,Telangana,2023-07-26,New
CUST05411,Customer 05411,Male,49,Pune,Maharashtra,2026-03-22,Loyal
CUST05412,Customer 05412,Male,59,Bengaluru,Karnataka,2022-05-28,VIP
CUST05413,Customer 05413,Female,46,Mumbai,Maharashtra,2025-05-19,Regular
CUST05414,Customer 05414,Male,58,Kolkata,West Bengal,2025-10-27,Regular
CUST05415,Customer 05415,Male,65,Bengaluru,Karnataka,2023-08-20,Loyal
CUST05416,Customer 05416,Male,49,Pune,Maharashtra,2024-09-04,Regular
CUST05417,Customer 05417,Female,41,Hyderabad,Telangana,2024-12-06,Loyal
CUST05418,Customer 05418,Male,20,Ahmedabad,Gujarat,2023-05-14,Regular
CUST05419,Customer 05419,Female,44,Chennai,Tamil Nadu,2022-06-04,New
CUST05420,Customer 05420,Male,26,Ahmedabad,Gujarat,2022-08-18,New
CUST05421,Customer 05421,Male,57,Delhi,Delhi,2025-08-16,New
CUST05422,Customer 05422,Male,40,Bengaluru,Karnataka,2022-06-07,New
CUST05423,Customer 05423,Male,24,Delhi,Delhi,2024-07-11,New
CUST05424,Customer 05424,Female,34,Chennai,Tamil Nadu,2025-06-24,Regular
CUST05425,Customer 05425,Male,54,Bengaluru,Karnataka,2023-07-22,New
CUST05426,Customer 05426,Male,24,Coimbatore,Tamil Nadu,2025-03-20,Loyal
CUST05427,Customer 05427,Female,47,Pune,Maharashtra,2022-10-26,Loyal
CUST05428,Customer 05428,Female,30,Bengaluru,Karnataka,2024-12-13,Regular
CUST05429,Customer 05429,Male,35,Pune,Maharashtra,2025-05-31,Regular
CUST05430,Customer 05430,Male,48,Ahmedabad,Gujarat,2024-02-05,Regular
CUST05431,Customer 05431,Other,39,Madurai,Tamil Nadu,2023-07-19,Regular
CUST05432,Customer 05432,Female,31,Kolkata,West Bengal,2023-04-12,Regular
CUST05433,Customer 05433,Male,35,Madurai,Tamil Nadu,2023-05-01,Loyal
CUST05434,Customer 05434,Male,52,Hyderabad,Telangana,2026-04-25,New
CUST05435,Customer 05435,Male,34,Kolkata,West Bengal,2023-03-20,Loyal
CUST05436,Customer 05436,Male,36,Kolkata,West Bengal,2024-06-23,Loyal
CUST05437,Customer 05437,Female,48,Mumbai,Maharashtra,2024-05-12,Regular
CUST05438,Customer 05438,Female,56,Kolkata,West Bengal,2025-03-07,New
CUST05439,Customer 05439,Male,53,Chennai,Tamil Nadu,2024-07-14,Regular
CUST05440,Customer 05440,Female,32,Madurai,Tamil Nadu,2022-10-19,Regular
CUST05441,Customer 05441,Male,46,Ahmedabad,Gujarat,2025-05-18,Regular
CUST05442,Customer 05442,Male,57,Pune,Maharashtra,2024-01-22,Regular
CUST05443,Customer 05443,Male,33,Hyderabad,Telangana,2025-05-19,New
CUST05444,Customer 05444,Male,50,Kolkata,West Bengal,2024-05-24,New
CUST05445,Customer 05445,Female,42,Hyderabad,Telangana,2023-10-25,New
CUST05446,Customer 05446,Male,33,Ahmedabad,Gujarat,2025-11-12,New
CUST05447,Customer 05447,Male,47,Hyderabad,Telangana,2025-11-20,Regular
CUST05448,Customer 05448,Female,51,Ahmedabad,Gujarat,2025-02-21,New
CUST05449,Customer 05449,Female,19,Kolkata,West Bengal,2026-05-04,New
CUST05450,Customer 05450,Female,57,Ahmedabad,Gujarat,2024-07-08,Loyal
CUST05451,Customer 05451,Female,61,Kolkata,West Bengal,2024-06-27,Loyal
CUST05452,Customer 05452,Male,60,Mumbai,Maharashtra,2022-05-04,Regular
CUST05453,Customer 05453,Female,55,Mumbai,Maharashtra,2022-03-09,Regular
CUST05454,Customer 05454,Female,35,Ahmedabad,Gujarat,2023-04-20,Loyal
CUST05455,Customer 05455,Female,22,Mumbai,Maharashtra,2022-12-24,Regular
CUST05456,Customer 05456,Female,64,Pune,Maharashtra,2026-01-19,Regular
CUST05457,Customer 05457,Male,57,Pune,Maharashtra,2025-10-01,Loyal
CUST05458,Customer 05458,Female,23,Mumbai,Maharashtra,2023-06-05,Regular
CUST05459,Customer 05459,Male,29,Mumbai,Maharashtra,2024-04-12,Regular
CUST05460,Customer 05460,Male,29,Coimbatore,Tamil Nadu,2023-09-16,VIP
CUST05461,Customer 05461,Male,29,Coimbatore,Tamil Nadu,2026-03-02,Regular
CUST05462,Customer 05462,Female,26,Kolkata,West Bengal,2025-09-13,VIP
CUST05463,Customer 05463,Male,59,Ahmedabad,Gujarat,2025-09-15,Regular
CUST05464,Customer 05464,Female,39,Delhi,Delhi,2026-05-09,Regular
CUST05465,Customer 05465,Male,33,Delhi,Delhi,2023-03-03,Regular
CUST05466,Customer 05466,Female,21,Mumbai,Maharashtra,2024-10-05,Loyal
CUST05467,Customer 05467,Male,20,Hyderabad,Telangana,2023-03-19,New
CUST05468,Customer 05468,Female,33,Mumbai,Maharashtra,2023-08-24,Regular
CUST05469,Customer 05469,Female,31,Coimbatore,Tamil Nadu,2025-01-23,Loyal
CUST05470,Customer 05470,Male,58,Kolkata,West Bengal,2024-02-01,Regular
CUST05471,Customer 05471,Male,55,Mumbai,Maharashtra,2024-08-12,New
CUST05472,Customer 05472,Female,21,Madurai,Tamil Nadu,2026-01-14,New
CUST05473,Customer 05473,Female,19,Hyderabad,Telangana,2025-09-02,Regular
CUST05474,Customer 05474,Female,27,Madurai,Tamil Nadu,2023-05-02,Loyal
CUST05475,Customer 05475,Male,28,Kolkata,West Bengal,2024-01-09,Regular
CUST05476,Customer 05476,Female,56,Kolkata,West Bengal,2023-10-10,Regular
CUST05477,Customer 05477,Male,43,Pune,Maharashtra,2024-06-14,New
CUST05478,Customer 05478,Female,54,Bengaluru,Karnataka,2022-01-05,Regular
CUST05479,Customer 05479,Female,43,Madurai,Tamil Nadu,2023-09-24,Regular
CUST05480,Customer 05480,Male,21,Pune,Maharashtra,2025-10-26,Regular
CUST05481,Customer 05481,Female,43,Coimbatore,Tamil Nadu,2024-05-26,VIP
CUST05482,Customer 05482,Female,55,Chennai,Tamil Nadu,2024-09-12,Loyal
CUST05483,Customer 05483,Female,45,Hyderabad,Telangana,2026-04-28,New
CUST05484,Customer 05484,Male,19,Chennai,Tamil Nadu,2025-04-26,Regular
CUST05485,Customer 05485,Male,19,Ahmedabad,Gujarat,2022-01-26,New
CUST05486,Customer 05486,Female,33,Coimbatore,Tamil Nadu,2022-06-11,New
CUST05487,Customer 05487,Male,40,Coimbatore,Tamil Nadu,2024-01-15,New
CUST05488,Customer 05488,Male,40,Chennai,Tamil Nadu,2025-02-27,Regular
CUST05489,Customer 05489,Other,30,Madurai,Tamil Nadu,2023-06-17,Regular
CUST05490,Customer 05490,Male,38,Bengaluru,Karnataka,2024-06-01,Regular
CUST05491,Customer 05491,Other,56,Madurai,Tamil Nadu,2023-02-14,VIP
CUST05492,Customer 05492,Male,42,Chennai,Tamil Nadu,2025-01-01,New
CUST05493,Customer 05493,Male,54,Ahmedabad,Gujarat,2025-06-10,Regular
CUST05494,Customer 05494,Female,30,Madurai,Tamil Nadu,2024-05-04,Regular
CUST05495,Customer 05495,Female,32,Delhi,Delhi,2025-02-03,New
CUST05496,Customer 05496,Female,45,Madurai,Tamil Nadu,2024-06-19,VIP
CUST05497,Customer 05497,Female,20,Kolkata,West Bengal,2022-01-09,Regular
CUST05498,Customer 05498,Female,40,Pune,Maharashtra,2022-02-19,VIP
CUST05499,Customer 05499,Male,21,Hyderabad,Telangana,2026-03-26,Regular
CUST05500,Customer 05500,Male,64,Madurai,Tamil Nadu,2023-03-18,New
CUST05501,Customer 05501,Male,20,Bengaluru,Karnataka,2022-02-05,New
CUST05502,Customer 05502,Female,56,Bengaluru,Karnataka,2025-05-10,Loyal
CUST05503,Customer 05503,Male,25,Madurai,Tamil Nadu,2022-04-28,New
CUST05504,Customer 05504,Male,60,Mumbai,Maharashtra,2023-12-03,VIP
CUST05505,Customer 05505,Male,42,Coimbatore,Tamil Nadu,2024-01-24,Regular
CUST05506,Customer 05506,Male,58,Madurai,Tamil Nadu,2025-04-07,New
CUST05507,Customer 05507,Male,29,Coimbatore,Tamil Nadu,2026-03-16,Regular
CUST05508,Customer 05508,Female,22,Delhi,Delhi,2022-08-18,New
CUST05509,Customer 05509,Male,50,Chennai,Tamil Nadu,2023-07-14,New
CUST05510,Customer 05510,Female,63,Delhi,Delhi,2025-03-19,Loyal
CUST05511,Customer 05511,Female,42,Madurai,Tamil Nadu,2022-07-27,Regular
CUST05512,Customer 05512,Male,42,Bengaluru,Karnataka,2024-12-20,Regular
CUST05513,Customer 05513,Female,52,Mumbai,Maharashtra,2025-02-14,New
CUST05514,Customer 05514,Male,32,Ahmedabad,Gujarat,2022-08-27,New
CUST05515,Customer 05515,Female,59,Coimbatore,Tamil Nadu,2024-05-16,Regular
CUST05516,Customer 05516,Other,43,Pune,Maharashtra,2022-02-17,Regular
CUST05517,Customer 05517,Female,27,Coimbatore,Tamil Nadu,2026-01-11,Loyal
CUST05518,Customer 05518,Female,41,Kolkata,West Bengal,2024-01-27,Regular
CUST05519,Customer 05519,Male,52,Hyderabad,Telangana,2026-01-31,Loyal
CUST05520,Customer 05520,Male,46,Madurai,Tamil Nadu,2025-08-09,New
CUST05521,Customer 05521,Female,55,Delhi,Delhi,2025-12-19,New
CUST05522,Customer 05522,Male,22,Pune,Maharashtra,2023-06-01,New
CUST05523,Customer 05523,Male,41,Bengaluru,Karnataka,2022-07-24,Loyal
CUST05524,Customer 05524,Male,36,Bengaluru,Karnataka,2025-04-18,Loyal
CUST05525,Customer 05525,Female,63,Bengaluru,Karnataka,2026-04-02,New
CUST05526,Customer 05526,Male,61,Ahmedabad,Gujarat,2022-03-31,New
CUST05527,Customer 05527,Female,26,Kolkata,West Bengal,2023-05-15,Regular
CUST05528,Customer 05528,Male,43,Bengaluru,Karnataka,2025-02-05,Loyal
CUST05529,Customer 05529,Male,42,Bengaluru,Karnataka,2025-04-28,Loyal
CUST05530,Customer 05530,Female,52,Madurai,Tamil Nadu,2025-04-18,New
CUST05531,Customer 05531,Male,53,Kolkata,West Bengal,2024-11-09,Regular
CUST05532,Customer 05532,Female,31,Mumbai,Maharashtra,2025-10-14,Loyal
CUST05533,Customer 05533,Male,23,Mumbai,Maharashtra,2022-01-07,Regular
CUST05534,Customer 05534,Male,49,Kolkata,West Bengal,2022-11-18,Regular
CUST05535,Customer 05535,Male,43,Hyderabad,Telangana,2022-09-25,Regular
CUST05536,Customer 05536,Female,32,Ahmedabad,Gujarat,2025-12-21,New
CUST05537,Customer 05537,Female,48,Pune,Maharashtra,2022-10-23,VIP
CUST05538,Customer 05538,Female,54,Coimbatore,Tamil Nadu,2026-03-17,Loyal
CUST05539,Customer 05539,Male,55,Madurai,Tamil Nadu,2023-07-24,Regular
CUST05540,Customer 05540,Female,54,Chennai,Tamil Nadu,2025-11-11,New
CUST05541,Customer 05541,Female,36,Mumbai,Maharashtra,2022-09-21,Loyal
CUST05542,Customer 05542,Female,31,Kolkata,West Bengal,2022-03-31,Regular
CUST05543,Customer 05543,Female,53,Pune,Maharashtra,2026-02-20,New
CUST05544,Customer 05544,Female,54,Kolkata,West Bengal,2024-05-02,Regular
CUST05545,Customer 05545,Male,28,Coimbatore,Tamil Nadu,2025-07-08,Regular
CUST05546,Customer 05546,Female,44,Pune,Maharashtra,2023-05-03,New
CUST05547,Customer 05547,Male,19,Mumbai,Maharashtra,2025-09-26,Regular
CUST05548,Customer 05548,Female,39,Bengaluru,Karnataka,2025-09-14,New
CUST05549,Customer 05549,Male,19,Kolkata,West Bengal,2023-02-05,Loyal
CUST05550,Customer 05550,Male,37,Chennai,Tamil Nadu,2022-12-23,Loyal
CUST05551,Customer 05551,Male,61,Mumbai,Maharashtra,2024-01-25,Loyal
CUST05552,Customer 05552,Male,65,Delhi,Delhi,2023-05-14,Regular
CUST05553,Customer 05553,Male,34,Chennai,Tamil Nadu,2024-04-13,Regular
CUST05554,Customer 05554,Female,21,Hyderabad,Telangana,2023-03-11,Loyal
CUST05555,Customer 05555,Female,31,Ahmedabad,Gujarat,2022-04-29,VIP
CUST05556,Customer 05556,Female,24,Mumbai,Maharashtra,2024-12-06,New
CUST05557,Customer 05557,Female,32,Bengaluru,Karnataka,2025-04-06,Regular
CUST05558,Customer 05558,Male,47,Mumbai,Maharashtra,2024-10-19,Regular
CUST05559,Customer 05559,Female,33,Coimbatore,Tamil Nadu,2022-12-14,Regular
CUST05560,Customer 05560,Male,57,Pune,Maharashtra,2026-03-08,Regular
CUST05561,Customer 05561,Female,19,Kolkata,West Bengal,2023-06-23,VIP
CUST05562,Customer 05562,Male,36,Pune,Maharashtra,2025-08-12,Regular
CUST05563,Customer 05563,Male,18,Pune,Maharashtra,2026-03-17,Regular
CUST05564,Customer 05564,Male,48,Mumbai,Maharashtra,2025-04-12,VIP
CUST05565,Customer 05565,Male,21,Coimbatore,Tamil Nadu,2025-11-19,Regular
CUST05566,Customer 05566,Male,44,Kolkata,West Bengal,2023-06-14,Loyal
CUST05567,Customer 05567,Male,42,Kolkata,West Bengal,2022-10-30,New
CUST05568,Customer 05568,Female,39,Pune,Maharashtra,2022-07-21,VIP
CUST05569,Customer 05569,Female,60,Hyderabad,Telangana,2026-04-06,New
CUST05570,Customer 05570,Male,27,Ahmedabad,Gujarat,2022-06-05,VIP
CUST05571,Customer 05571,Male,50,Coimbatore,Tamil Nadu,2022-01-14,New
CUST05572,Customer 05572,Female,65,Hyderabad,Telangana,2024-11-09,Regular
CUST05573,Customer 05573,Male,61,Madurai,Tamil Nadu,2024-01-26,Regular
CUST05574,Customer 05574,Female,47,Madurai,Tamil Nadu,2024-06-07,Regular
CUST05575,Customer 05575,Male,47,Chennai,Tamil Nadu,2026-01-20,Regular
CUST05576,Customer 05576,Female,33,Pune,Maharashtra,2025-04-11,VIP
CUST05577,Customer 05577,Female,26,Kolkata,West Bengal,2023-03-21,Regular
CUST05578,Customer 05578,Female,34,Mumbai,Maharashtra,2022-05-02,Regular
CUST05579,Customer 05579,Female,52,Kolkata,West Bengal,2026-03-01,New
CUST05580,Customer 05580,Male,64,Kolkata,West Bengal,2022-07-03,Loyal
CUST05581,Customer 05581,Male,32,Bengaluru,Karnataka,2023-11-02,Regular
CUST05582,Customer 05582,Female,65,Kolkata,West Bengal,2022-02-18,VIP
CUST05583,Customer 05583,Female,45,Chennai,Tamil Nadu,2022-06-30,Regular
CUST05584,Customer 05584,Male,37,Hyderabad,Telangana,2025-11-18,New
CUST05585,Customer 05585,Female,50,Madurai,Tamil Nadu,2025-11-17,Regular
CUST05586,Customer 05586,Male,50,Kolkata,West Bengal,2025-10-03,Loyal
CUST05587,Customer 05587,Male,53,Kolkata,West Bengal,2026-02-08,Regular
CUST05588,Customer 05588,Female,30,Bengaluru,Karnataka,2022-05-21,Loyal
CUST05589,Customer 05589,Male,21,Coimbatore,Tamil Nadu,2023-06-14,New
CUST05590,Customer 05590,Female,40,Mumbai,Maharashtra,2023-08-07,Regular
CUST05591,Customer 05591,Male,25,Coimbatore,Tamil Nadu,2023-04-16,VIP
CUST05592,Customer 05592,Male,30,Mumbai,Maharashtra,2025-07-10,New
CUST05593,Customer 05593,Female,41,Ahmedabad,Gujarat,2022-05-23,New
CUST05594,Customer 05594,Female,57,Kolkata,West Bengal,2023-12-08,Loyal
CUST05595,Customer 05595,Male,63,Bengaluru,Karnataka,2025-03-15,Regular
CUST05596,Customer 05596,Male,47,Delhi,Delhi,2022-10-21,Regular
CUST05597,Customer 05597,Male,47,Pune,Maharashtra,2026-04-11,Regular
CUST05598,Customer 05598,Male,42,Madurai,Tamil Nadu,2026-03-13,VIP
CUST05599,Customer 05599,Female,50,Hyderabad,Telangana,2023-02-26,Loyal
CUST05600,Customer 05600,Female,26,Madurai,Tamil Nadu,2026-05-14,Regular
CUST05601,Customer 05601,Male,43,Hyderabad,Telangana,2023-07-18,Regular
CUST05602,Customer 05602,Male,41,Ahmedabad,Gujarat,2023-02-21,Regular
CUST05603,Customer 05603,Female,50,Coimbatore,Tamil Nadu,2023-10-23,Loyal
CUST05604,Customer 05604,Female,56,Chennai,Tamil Nadu,2024-07-01,Regular
CUST05605,Customer 05605,Female,42,Kolkata,West Bengal,2025-02-04,Loyal
CUST05606,Customer 05606,Female,62,Delhi,Delhi,2025-09-03,Regular
CUST05607,Customer 05607,Male,32,Hyderabad,Telangana,2022-02-28,New
CUST05608,Customer 05608,Female,58,Pune,Maharashtra,2024-10-12,Regular
CUST05609,Customer 05609,Other,65,Hyderabad,Telangana,2022-09-15,New
CUST05610,Customer 05610,Female,58,Chennai,Tamil Nadu,2024-03-03,Loyal
CUST05611,Customer 05611,Male,23,Madurai,Tamil Nadu,2025-12-19,Loyal
CUST05612,Customer 05612,Male,37,Bengaluru,Karnataka,2023-06-15,New
CUST05613,Customer 05613,Male,61,Madurai,Tamil Nadu,2022-06-15,Regular
CUST05614,Customer 05614,Female,33,Ahmedabad,Gujarat,2024-11-14,Loyal
CUST05615,Customer 05615,Male,38,Bengaluru,Karnataka,2022-01-04,Regular
CUST05616,Customer 05616,Male,32,Madurai,Tamil Nadu,2022-01-03,Regular
CUST05617,Customer 05617,Female,56,Pune,Maharashtra,2023-02-22,Regular
CUST05618,Customer 05618,Male,59,Madurai,Tamil Nadu,2022-12-28,Loyal
CUST05619,Customer 05619,Male,21,Pune,Maharashtra,2024-06-24,Regular
CUST05620,Customer 05620,Male,41,Pune,Maharashtra,2023-01-04,Loyal
CUST05621,Customer 05621,Male,20,Bengaluru,Karnataka,2023-06-23,Loyal
CUST05622,Customer 05622,Male,18,Coimbatore,Tamil Nadu,2024-05-29,Loyal
CUST05623,Customer 05623,Female,47,Mumbai,Maharashtra,2022-12-12,VIP
CUST05624,Customer 05624,Female,30,Kolkata,West Bengal,2024-01-01,Loyal
CUST05625,Customer 05625,Male,35,Hyderabad,Telangana,2024-06-15,New
CUST05626,Customer 05626,Male,57,Mumbai,Maharashtra,2024-12-03,New
CUST05627,Customer 05627,Female,28,Chennai,Tamil Nadu,2023-12-25,New
CUST05628,Customer 05628,Male,59,Coimbatore,Tamil Nadu,2023-07-18,New
CUST05629,Customer 05629,Male,46,Mumbai,Maharashtra,2025-03-22,New
CUST05630,Customer 05630,Female,21,Bengaluru,Karnataka,2022-07-21,Regular
CUST05631,Customer 05631,Male,42,Chennai,Tamil Nadu,2022-11-17,New
CUST05632,Customer 05632,Male,53,Delhi,Delhi,2023-04-09,Regular
CUST05633,Customer 05633,Male,53,Coimbatore,Tamil Nadu,2024-10-31,Loyal
CUST05634,Customer 05634,Female,61,Mumbai,Maharashtra,2025-06-04,Loyal
CUST05635,Customer 05635,Male,57,Chennai,Tamil Nadu,2023-09-25,VIP
CUST05636,Customer 05636,Male,45,Delhi,Delhi,2022-11-29,New
CUST05637,Customer 05637,Male,62,Madurai,Tamil Nadu,2026-02-01,Regular
CUST05638,Customer 05638,Female,25,Chennai,Tamil Nadu,2022-01-15,Regular
CUST05639,Customer 05639,Male,38,Bengaluru,Karnataka,2024-12-16,Regular
CUST05640,Customer 05640,Male,52,Madurai,Tamil Nadu,2025-09-15,Regular
CUST05641,Customer 05641,Female,61,Bengaluru,Karnataka,2024-12-23,New
CUST05642,Customer 05642,Female,35,Mumbai,Maharashtra,2022-08-18,New
CUST05643,Customer 05643,Male,64,Kolkata,West Bengal,2022-01-11,Loyal
CUST05644,Customer 05644,Male,42,Mumbai,Maharashtra,2025-06-01,Loyal
CUST05645,Customer 05645,Female,63,Madurai,Tamil Nadu,2023-06-26,Regular
CUST05646,Customer 05646,Female,58,Pune,Maharashtra,2026-03-10,Regular
CUST05647,Customer 05647,Male,22,Mumbai,Maharashtra,2023-06-06,Regular
CUST05648,Customer 05648,Male,64,Madurai,Tamil Nadu,2024-12-13,New
CUST05649,Customer 05649,Male,25,Chennai,Tamil Nadu,2024-02-06,VIP
CUST05650,Customer 05650,Male,40,Ahmedabad,Gujarat,2025-03-26,Loyal
CUST05651,Customer 05651,Female,20,Mumbai,Maharashtra,2023-10-03,New
CUST05652,Customer 05652,Male,61,Chennai,Tamil Nadu,2023-07-24,New
CUST05653,Customer 05653,Female,54,Bengaluru,Karnataka,2023-02-09,Regular
CUST05654,Customer 05654,Female,48,Coimbatore,Tamil Nadu,2025-11-23,New
CUST05655,Customer 05655,Male,46,Kolkata,West Bengal,2023-12-08,VIP
CUST05656,Customer 05656,Male,58,Bengaluru,Karnataka,2024-07-17,Loyal
CUST05657,Customer 05657,Female,37,Bengaluru,Karnataka,2025-11-27,Regular
CUST05658,Customer 05658,Male,20,Madurai,Tamil Nadu,2025-01-17,New
CUST05659,Customer 05659,Female,40,Pune,Maharashtra,2023-08-16,Loyal
CUST05660,Customer 05660,Other,57,Hyderabad,Telangana,2022-07-05,Regular
CUST05661,Customer 05661,Male,38,Ahmedabad,Gujarat,2024-06-13,Regular
CUST05662,Customer 05662,Male,30,Pune,Maharashtra,2022-03-20,Regular
CUST05663,Customer 05663,Male,25,Madurai,Tamil Nadu,2022-05-25,New
CUST05664,Customer 05664,Female,22,Kolkata,West Bengal,2022-01-14,Regular
CUST05665,Customer 05665,Female,42,Ahmedabad,Gujarat,2022-01-02,Regular
CUST05666,Customer 05666,Female,56,Ahmedabad,Gujarat,2023-05-31,New
CUST05667,Customer 05667,Female,54,Madurai,Tamil Nadu,2024-01-26,New
CUST05668,Customer 05668,Male,58,Delhi,Delhi,2022-03-07,Regular
CUST05669,Customer 05669,Female,22,Bengaluru,Karnataka,2022-09-03,Loyal
CUST05670,Customer 05670,Female,25,Coimbatore,Tamil Nadu,2025-12-24,Regular
CUST05671,Customer 05671,Female,61,Delhi,Delhi,2023-07-26,Loyal
CUST05672,Customer 05672,Male,21,Madurai,Tamil Nadu,2025-06-09,New
CUST05673,Customer 05673,Female,58,Delhi,Delhi,2023-03-12,Regular
CUST05674,Customer 05674,Female,39,Coimbatore,Tamil Nadu,2022-12-19,Loyal
CUST05675,Customer 05675,Female,31,Madurai,Tamil Nadu,2023-11-10,Regular
CUST05676,Customer 05676,Female,36,Madurai,Tamil Nadu,2023-01-18,Regular
CUST05677,Customer 05677,Female,30,Ahmedabad,Gujarat,2024-12-19,New
CUST05678,Customer 05678,Female,52,Delhi,Delhi,2023-04-15,New
CUST05679,Customer 05679,Female,21,Chennai,Tamil Nadu,2025-12-05,Loyal
CUST05680,Customer 05680,Female,50,Mumbai,Maharashtra,2025-01-11,New
CUST05681,Customer 05681,Male,39,Madurai,Tamil Nadu,2022-03-15,New
CUST05682,Customer 05682,Male,18,Delhi,Delhi,2025-08-27,New
CUST05683,Customer 05683,Male,28,Hyderabad,Telangana,2026-01-17,Regular
CUST05684,Customer 05684,Female,33,Kolkata,West Bengal,2022-01-26,Loyal
CUST05685,Customer 05685,Female,21,Hyderabad,Telangana,2025-12-20,New
CUST05686,Customer 05686,Other,46,Delhi,Delhi,2025-11-01,Regular
CUST05687,Customer 05687,Male,56,Bengaluru,Karnataka,2025-06-20,New
CUST05688,Customer 05688,Male,61,Bengaluru,Karnataka,2024-04-14,Regular
CUST05689,Customer 05689,Male,55,Delhi,Delhi,2023-09-20,New
CUST05690,Customer 05690,Male,41,Ahmedabad,Gujarat,2025-09-08,New
CUST05691,Customer 05691,Female,26,Ahmedabad,Gujarat,2025-04-18,Regular
CUST05692,Customer 05692,Male,25,Madurai,Tamil Nadu,2024-02-13,Loyal
CUST05693,Customer 05693,Female,31,Coimbatore,Tamil Nadu,2024-10-05,Loyal
CUST05694,Customer 05694,Female,32,Mumbai,Maharashtra,2022-09-23,Regular
CUST05695,Customer 05695,Male,39,Madurai,Tamil Nadu,2023-07-04,New
CUST05696,Customer 05696,Female,54,Hyderabad,Telangana,2025-11-04,Regular
CUST05697,Customer 05697,Male,32,Mumbai,Maharashtra,2022-03-18,Regular
CUST05698,Customer 05698,Male,23,Hyderabad,Telangana,2026-03-28,Loyal
CUST05699,Customer 05699,Female,18,Ahmedabad,Gujarat,2024-12-08,VIP
CUST05700,Customer 05700,Female,37,Delhi,Delhi,2024-10-10,Regular
CUST05701,Customer 05701,Male,58,Coimbatore,Tamil Nadu,2025-07-01,Regular
CUST05702,Customer 05702,Male,53,Hyderabad,Telangana,2025-11-04,Regular
CUST05703,Customer 05703,Male,19,Ahmedabad,Gujarat,2025-06-26,Regular
CUST05704,Customer 05704,Male,23,Coimbatore,Tamil Nadu,2024-12-31,Regular
CUST05705,Customer 05705,Other,19,Madurai,Tamil Nadu,2023-03-23,New
CUST05706,Customer 05706,Female,20,Delhi,Delhi,2023-05-21,Regular
CUST05707,Customer 05707,Male,24,Kolkata,West Bengal,2025-06-30,New
CUST05708,Customer 05708,Female,37,Bengaluru,Karnataka,2024-09-22,Regular
CUST05709,Customer 05709,Male,58,Pune,Maharashtra,2024-05-19,Regular
CUST05710,Customer 05710,Male,58,Coimbatore,Tamil Nadu,2022-10-26,Loyal
CUST05711,Customer 05711,Female,22,Kolkata,West Bengal,2024-01-04,Loyal
CUST05712,Customer 05712,Female,42,Kolkata,West Bengal,2024-12-19,VIP
CUST05713,Customer 05713,Female,55,Coimbatore,Tamil Nadu,2025-10-12,New
CUST05714,Customer 05714,Female,35,Kolkata,West Bengal,2022-06-06,Regular
CUST05715,Customer 05715,Female,18,Hyderabad,Telangana,2022-12-08,Regular
CUST05716,Customer 05716,Male,42,Kolkata,West Bengal,2024-08-31,Loyal
CUST05717,Customer 05717,Female,34,Ahmedabad,Gujarat,2024-06-12,Regular
CUST05718,Customer 05718,Other,63,Mumbai,Maharashtra,2025-05-10,New
CUST05719,Customer 05719,Male,32,Hyderabad,Telangana,2024-11-24,Regular
CUST05720,Customer 05720,Female,22,Kolkata,West Bengal,2026-04-08,VIP
CUST05721,Customer 05721,Female,34,Madurai,Tamil Nadu,2026-01-19,Loyal
CUST05722,Customer 05722,Male,38,Bengaluru,Karnataka,2024-07-05,Regular
CUST05723,Customer 05723,Female,40,Delhi,Delhi,2025-04-03,Loyal
CUST05724,Customer 05724,Male,60,Kolkata,West Bengal,2024-11-17,New
CUST05725,Customer 05725,Female,27,Chennai,Tamil Nadu,2025-10-27,Regular
CUST05726,Customer 05726,Male,34,Bengaluru,Karnataka,2022-11-10,Loyal
CUST05727,Customer 05727,Female,18,Madurai,Tamil Nadu,2026-05-08,New
CUST05728,Customer 05728,Male,54,Ahmedabad,Gujarat,2025-07-31,New
CUST05729,Customer 05729,Male,65,Kolkata,West Bengal,2025-08-14,Loyal
CUST05730,Customer 05730,Male,24,Ahmedabad,Gujarat,2023-04-20,Regular
CUST05731,Customer 05731,Female,29,Kolkata,West Bengal,2023-08-20,VIP
CUST05732,Customer 05732,Female,57,Pune,Maharashtra,2025-10-04,New
CUST05733,Customer 05733,Female,18,Mumbai,Maharashtra,2023-09-28,Regular
CUST05734,Customer 05734,Female,37,Ahmedabad,Gujarat,2023-03-21,Regular
CUST05735,Customer 05735,Male,61,Mumbai,Maharashtra,2025-05-15,Loyal
CUST05736,Customer 05736,Male,48,Bengaluru,Karnataka,2023-02-21,Regular
CUST05737,Customer 05737,Female,21,Pune,Maharashtra,2023-03-15,Regular
CUST05738,Customer 05738,Male,43,Delhi,Delhi,2022-06-14,New
CUST05739,Customer 05739,Other,29,Hyderabad,Telangana,2026-05-02,Loyal
CUST05740,Customer 05740,Female,39,Mumbai,Maharashtra,2023-02-24,New
CUST05741,Customer 05741,Male,18,Pune,Maharashtra,2025-10-26,New
CUST05742,Customer 05742,Male,18,Mumbai,Maharashtra,2025-07-13,Regular
CUST05743,Customer 05743,Female,20,Coimbatore,Tamil Nadu,2025-07-26,Regular
CUST05744,Customer 05744,Male,29,Madurai,Tamil Nadu,2024-09-14,New
CUST05745,Customer 05745,Male,38,Delhi,Delhi,2023-04-27,New
CUST05746,Customer 05746,Male,30,Madurai,Tamil Nadu,2023-06-01,Loyal
CUST05747,Customer 05747,Female,30,Kolkata,West Bengal,2022-03-23,New
CUST05748,Customer 05748,Female,58,Mumbai,Maharashtra,2022-04-29,New
CUST05749,Customer 05749,Male,35,Kolkata,West Bengal,2025-08-19,New
CUST05750,Customer 05750,Male,50,Chennai,Tamil Nadu,2025-05-23,VIP
CUST05751,Customer 05751,Male,23,Mumbai,Maharashtra,2022-01-28,New
CUST05752,Customer 05752,Female,42,Pune,Maharashtra,2024-02-20,Loyal
CUST05753,Customer 05753,Male,40,Delhi,Delhi,2023-05-13,Loyal
CUST05754,Customer 05754,Male,41,Kolkata,West Bengal,2023-06-21,Regular
CUST05755,Customer 05755,Female,54,Mumbai,Maharashtra,2023-06-03,Regular
CUST05756,Customer 05756,Female,43,Chennai,Tamil Nadu,2022-07-13,Regular
CUST05757,Customer 05757,Other,21,Madurai,Tamil Nadu,2023-08-15,Loyal
CUST05758,Customer 05758,Female,55,Pune,Maharashtra,2023-03-18,Loyal
CUST05759,Customer 05759,Male,52,Coimbatore,Tamil Nadu,2024-11-25,Loyal
CUST05760,Customer 05760,Male,28,Mumbai,Maharashtra,2022-09-15,Regular
CUST05761,Customer 05761,Male,53,Coimbatore,Tamil Nadu,2022-04-23,Regular
CUST05762,Customer 05762,Male,42,Bengaluru,Karnataka,2025-08-10,New
CUST05763,Customer 05763,Female,37,Delhi,Delhi,2022-01-14,Regular
CUST05764,Customer 05764,Female,18,Mumbai,Maharashtra,2024-06-29,Regular
CUST05765,Customer 05765,Female,47,Ahmedabad,Gujarat,2022-05-20,New
CUST05766,Customer 05766,Male,21,Chennai,Tamil Nadu,2025-10-26,New
CUST05767,Customer 05767,Female,40,Kolkata,West Bengal,2025-12-21,New
CUST05768,Customer 05768,Female,52,Ahmedabad,Gujarat,2025-01-25,Regular
CUST05769,Customer 05769,Male,59,Bengaluru,Karnataka,2023-11-28,Loyal
CUST05770,Customer 05770,Female,39,Delhi,Delhi,2026-02-20,Regular
CUST05771,Customer 05771,Male,48,Madurai,Tamil Nadu,2025-09-27,Loyal
CUST05772,Customer 05772,Male,18,Pune,Maharashtra,2024-05-19,New
CUST05773,Customer 05773,Female,21,Coimbatore,Tamil Nadu,2026-02-24,New
CUST05774,Customer 05774,Female,36,Bengaluru,Karnataka,2026-03-04,New
CUST05775,Customer 05775,Male,47,Kolkata,West Bengal,2025-12-26,Regular
CUST05776,Customer 05776,Male,18,Pune,Maharashtra,2022-07-08,Regular
CUST05777,Customer 05777,Other,65,Madurai,Tamil Nadu,2022-03-23,Loyal
CUST05778,Customer 05778,Female,36,Kolkata,West Bengal,2025-04-18,Regular
CUST05779,Customer 05779,Female,38,Chennai,Tamil Nadu,2024-08-15,Regular
CUST05780,Customer 05780,Male,39,Coimbatore,Tamil Nadu,2024-06-16,New
CUST05781,Customer 05781,Male,19,Ahmedabad,Gujarat,2024-08-24,New
CUST05782,Customer 05782,Male,23,Mumbai,Maharashtra,2025-12-09,New
CUST05783,Customer 05783,Male,38,Bengaluru,Karnataka,2025-02-02,Regular
CUST05784,Customer 05784,Male,50,Mumbai,Maharashtra,2023-01-16,Regular
CUST05785,Customer 05785,Male,36,Pune,Maharashtra,2023-12-23,New
CUST05786,Customer 05786,Female,44,Mumbai,Maharashtra,2022-11-25,Regular
CUST05787,Customer 05787,Male,54,Ahmedabad,Gujarat,2025-06-26,Regular
CUST05788,Customer 05788,Female,46,Hyderabad,Telangana,2022-03-13,New
CUST05789,Customer 05789,Male,45,Pune,Maharashtra,2022-05-13,Regular
CUST05790,Customer 05790,Male,51,Coimbatore,Tamil Nadu,2025-06-17,Loyal
CUST05791,Customer 05791,Male,18,Kolkata,West Bengal,2025-01-06,Regular
CUST05792,Customer 05792,Female,65,Coimbatore,Tamil Nadu,2023-07-24,Regular
CUST05793,Customer 05793,Male,42,Mumbai,Maharashtra,2023-04-06,New
CUST05794,Customer 05794,Other,38,Delhi,Delhi,2022-05-05,Loyal
CUST05795,Customer 05795,Female,51,Pune,Maharashtra,2024-10-31,Loyal
CUST05796,Customer 05796,Female,43,Kolkata,West Bengal,2026-01-31,Regular
CUST05797,Customer 05797,Male,53,Madurai,Tamil Nadu,2025-12-01,New
CUST05798,Customer 05798,Female,52,Chennai,Tamil Nadu,2024-07-29,Regular
CUST05799,Customer 05799,Female,40,Coimbatore,Tamil Nadu,2022-01-27,Regular
CUST05800,Customer 05800,Male,34,Coimbatore,Tamil Nadu,2022-07-26,New
CUST05801,Customer 05801,Female,64,Pune,Maharashtra,2025-05-30,Regular
CUST05802,Customer 05802,Female,59,Delhi,Delhi,2022-11-08,New
CUST05803,Customer 05803,Female,29,Mumbai,Maharashtra,2023-01-17,New
CUST05804,Customer 05804,Female,61,Mumbai,Maharashtra,2025-08-31,Loyal
CUST05805,Customer 05805,Female,37,Pune,Maharashtra,2025-05-16,Regular
CUST05806,Customer 05806,Female,56,Coimbatore,Tamil Nadu,2022-10-23,New
CUST05807,Customer 05807,Male,44,Kolkata,West Bengal,2023-02-06,Regular
CUST05808,Customer 05808,Female,59,Chennai,Tamil Nadu,2025-12-29,VIP
CUST05809,Customer 05809,Female,54,Pune,Maharashtra,2026-05-16,New
CUST05810,Customer 05810,Female,37,Kolkata,West Bengal,2022-05-02,Regular
CUST05811,Customer 05811,Other,28,Kolkata,West Bengal,2024-01-21,Loyal
CUST05812,Customer 05812,Male,45,Madurai,Tamil Nadu,2022-04-16,Regular
CUST05813,Customer 05813,Male,19,Ahmedabad,Gujarat,2024-03-01,New
CUST05814,Customer 05814,Male,41,Hyderabad,Telangana,2024-11-25,New
CUST05815,Customer 05815,Male,33,Chennai,Tamil Nadu,2026-04-23,Loyal
CUST05816,Customer 05816,Male,29,Bengaluru,Karnataka,2022-03-13,VIP
CUST05817,Customer 05817,Female,33,Delhi,Delhi,2023-07-22,Loyal
CUST05818,Customer 05818,Male,53,Hyderabad,Telangana,2025-04-05,VIP
CUST05819,Customer 05819,Female,19,Madurai,Tamil Nadu,2025-05-29,Regular
CUST05820,Customer 05820,Female,42,Chennai,Tamil Nadu,2022-03-17,Loyal
CUST05821,Customer 05821,Male,46,Mumbai,Maharashtra,2023-12-23,Regular
CUST05822,Customer 05822,Male,45,Hyderabad,Telangana,2024-10-06,Loyal
CUST05823,Customer 05823,Female,27,Mumbai,Maharashtra,2025-05-19,New
CUST05824,Customer 05824,Female,62,Delhi,Delhi,2022-08-16,Loyal
CUST05825,Customer 05825,Female,40,Mumbai,Maharashtra,2023-03-29,New
CUST05826,Customer 05826,Female,49,Delhi,Delhi,2024-02-05,New
CUST05827,Customer 05827,Other,48,Chennai,Tamil Nadu,2023-05-02,Regular
CUST05828,Customer 05828,Female,36,Coimbatore,Tamil Nadu,2023-10-30,Regular
CUST05829,Customer 05829,Female,32,Delhi,Delhi,2026-02-06,New
CUST05830,Customer 05830,Female,50,Kolkata,West Bengal,2024-04-09,VIP
CUST05831,Customer 05831,Female,34,Bengaluru,Karnataka,2024-03-01,Regular
CUST05832,Customer 05832,Male,53,Bengaluru,Karnataka,2024-08-28,Loyal
CUST05833,Customer 05833,Other,37,Pune,Maharashtra,2023-05-05,VIP
CUST05834,Customer 05834,Male,26,Bengaluru,Karnataka,2023-01-11,Regular
CUST05835,Customer 05835,Female,55,Pune,Maharashtra,2022-08-19,Regular
CUST05836,Customer 05836,Male,20,Bengaluru,Karnataka,2023-12-03,New
CUST05837,Customer 05837,Male,19,Delhi,Delhi,2025-06-02,Regular
CUST05838,Customer 05838,Male,35,Kolkata,West Bengal,2023-04-20,Regular
CUST05839,Customer 05839,Male,40,Coimbatore,Tamil Nadu,2025-01-08,Regular
CUST05840,Customer 05840,Male,36,Mumbai,Maharashtra,2026-05-19,Regular
CUST05841,Customer 05841,Female,24,Madurai,Tamil Nadu,2025-05-18,New
CUST05842,Customer 05842,Male,52,Bengaluru,Karnataka,2025-08-13,Regular
CUST05843,Customer 05843,Male,37,Coimbatore,Tamil Nadu,2025-04-10,New
CUST05844,Customer 05844,Male,37,Coimbatore,Tamil Nadu,2025-01-17,Loyal
CUST05845,Customer 05845,Female,36,Delhi,Delhi,2022-08-14,New
CUST05846,Customer 05846,Male,58,Chennai,Tamil Nadu,2022-05-23,Regular
CUST05847,Customer 05847,Male,33,Chennai,Tamil Nadu,2023-12-09,New
CUST05848,Customer 05848,Female,55,Bengaluru,Karnataka,2022-02-23,Loyal
CUST05849,Customer 05849,Female,38,Madurai,Tamil Nadu,2022-07-15,Regular
CUST05850,Customer 05850,Male,46,Bengaluru,Karnataka,2026-02-21,New
CUST05851,Customer 05851,Male,61,Bengaluru,Karnataka,2024-04-24,Regular
CUST05852,Customer 05852,Male,55,Pune,Maharashtra,2022-10-25,Loyal
CUST05853,Customer 05853,Other,62,Kolkata,West Bengal,2025-12-24,Loyal
CUST05854,Customer 05854,Male,41,Kolkata,West Bengal,2023-06-21,New
CUST05855,Customer 05855,Female,54,Madurai,Tamil Nadu,2023-08-02,Loyal
CUST05856,Customer 05856,Male,46,Pune,Maharashtra,2023-05-15,New
CUST05857,Customer 05857,Female,48,Coimbatore,Tamil Nadu,2023-09-16,New
CUST05858,Customer 05858,Male,62,Pune,Maharashtra,2024-04-20,Regular
CUST05859,Customer 05859,Male,56,Bengaluru,Karnataka,2022-07-25,New
CUST05860,Customer 05860,Male,29,Chennai,Tamil Nadu,2024-05-29,Loyal
CUST05861,Customer 05861,Male,47,Hyderabad,Telangana,2025-03-06,VIP
CUST05862,Customer 05862,Male,21,Madurai,Tamil Nadu,2023-02-12,New
CUST05863,Customer 05863,Female,47,Coimbatore,Tamil Nadu,2022-10-06,New
CUST05864,Customer 05864,Other,22,Delhi,Delhi,2026-01-08,Regular
CUST05865,Customer 05865,Male,33,Hyderabad,Telangana,2023-11-08,Regular
CUST05866,Customer 05866,Female,44,Hyderabad,Telangana,2024-07-29,Loyal
CUST05867,Customer 05867,Other,21,Pune,Maharashtra,2022-09-28,Loyal
CUST05868,Customer 05868,Female,25,Mumbai,Maharashtra,2023-03-17,Regular
CUST05869,Customer 05869,Male,65,Hyderabad,Telangana,2025-06-05,Regular
CUST05870,Customer 05870,Female,25,Bengaluru,Karnataka,2022-05-07,Loyal
CUST05871,Customer 05871,Male,34,Ahmedabad,Gujarat,2025-07-17,New
CUST05872,Customer 05872,Female,63,Chennai,Tamil Nadu,2023-05-02,VIP
CUST05873,Customer 05873,Male,61,Chennai,Tamil Nadu,2023-07-02,New
CUST05874,Customer 05874,Male,20,Ahmedabad,Gujarat,2025-03-24,Regular
CUST05875,Customer 05875,Male,44,Kolkata,West Bengal,2024-09-12,New
CUST05876,Customer 05876,Male,51,Bengaluru,Karnataka,2024-07-25,Regular
CUST05877,Customer 05877,Female,62,Delhi,Delhi,2024-02-11,Regular
CUST05878,Customer 05878,Male,38,Hyderabad,Telangana,2022-01-19,Regular
CUST05879,Customer 05879,Female,60,Kolkata,West Bengal,2023-03-01,Loyal
CUST05880,Customer 05880,Male,41,Bengaluru,Karnataka,2024-07-24,Regular
CUST05881,Customer 05881,Male,61,Pune,Maharashtra,2022-02-27,Regular
CUST05882,Customer 05882,Female,58,Chennai,Tamil Nadu,2023-02-27,Loyal
CUST05883,Customer 05883,Other,46,Kolkata,West Bengal,2026-04-21,Loyal
CUST05884,Customer 05884,Male,56,Madurai,Tamil Nadu,2024-04-23,New
CUST05885,Customer 05885,Male,23,Hyderabad,Telangana,2025-01-30,Loyal
CUST05886,Customer 05886,Female,31,Hyderabad,Telangana,2025-01-04,VIP
CUST05887,Customer 05887,Male,31,Delhi,Delhi,2022-03-07,Regular
CUST05888,Customer 05888,Female,54,Mumbai,Maharashtra,2024-03-25,Regular
CUST05889,Customer 05889,Female,41,Madurai,Tamil Nadu,2025-03-20,Regular
CUST05890,Customer 05890,Male,30,Hyderabad,Telangana,2024-06-20,Regular
CUST05891,Customer 05891,Male,18,Coimbatore,Tamil Nadu,2023-03-13,Regular
CUST05892,Customer 05892,Male,29,Madurai,Tamil Nadu,2024-02-29,Regular
CUST05893,Customer 05893,Male,59,Hyderabad,Telangana,2024-12-27,Loyal
CUST05894,Customer 05894,Female,41,Ahmedabad,Gujarat,2022-08-23,Regular
CUST05895,Customer 05895,Female,54,Madurai,Tamil Nadu,2023-11-06,New
CUST05896,Customer 05896,Female,37,Bengaluru,Karnataka,2022-04-08,Loyal
CUST05897,Customer 05897,Female,23,Madurai,Tamil Nadu,2024-10-29,Regular
CUST05898,Customer 05898,Male,29,Delhi,Delhi,2024-07-15,Regular
CUST05899,Customer 05899,Female,38,Pune,Maharashtra,2026-03-08,Regular
CUST05900,Customer 05900,Male,20,Pune,Maharashtra,2024-01-31,New
CUST05901,Customer 05901,Female,44,Pune,Maharashtra,2026-02-22,VIP
CUST05902,Customer 05902,Male,63,Bengaluru,Karnataka,2023-03-03,Regular
CUST05903,Customer 05903,Female,53,Kolkata,West Bengal,2022-08-15,Loyal
CUST05904,Customer 05904,Female,34,Pune,Maharashtra,2022-01-17,Regular
CUST05905,Customer 05905,Male,63,Chennai,Tamil Nadu,2023-07-17,Loyal
CUST05906,Customer 05906,Male,32,Bengaluru,Karnataka,2022-08-16,Regular
CUST05907,Customer 05907,Female,56,Kolkata,West Bengal,2023-12-07,Regular
CUST05908,Customer 05908,Male,21,Chennai,Tamil Nadu,2025-06-15,VIP
CUST05909,Customer 05909,Female,34,Chennai,Tamil Nadu,2025-11-05,Regular
CUST05910,Customer 05910,Female,55,Chennai,Tamil Nadu,2025-11-11,Regular
CUST05911,Customer 05911,Female,28,Coimbatore,Tamil Nadu,2023-10-31,New
CUST05912,Customer 05912,Male,29,Delhi,Delhi,2022-09-11,Regular
CUST05913,Customer 05913,Female,64,Delhi,Delhi,2025-08-24,Loyal
CUST05914,Customer 05914,Male,49,Bengaluru,Karnataka,2025-08-30,Loyal
CUST05915,Customer 05915,Male,44,Chennai,Tamil Nadu,2025-08-17,Regular
CUST05916,Customer 05916,Female,61,Ahmedabad,Gujarat,2022-04-28,Loyal
CUST05917,Customer 05917,Female,60,Madurai,Tamil Nadu,2022-02-19,Regular
CUST05918,Customer 05918,Male,44,Kolkata,West Bengal,2026-05-07,Regular
CUST05919,Customer 05919,Male,57,Delhi,Delhi,2025-04-19,Regular
CUST05920,Customer 05920,Female,61,Pune,Maharashtra,2023-06-27,Regular
CUST05921,Customer 05921,Female,46,Bengaluru,Karnataka,2022-11-23,Regular
CUST05922,Customer 05922,Female,26,Kolkata,West Bengal,2026-03-07,Regular
CUST05923,Customer 05923,Male,60,Bengaluru,Karnataka,2026-02-28,VIP
CUST05924,Customer 05924,Female,20,Ahmedabad,Gujarat,2024-08-01,New
CUST05925,Customer 05925,Female,56,Coimbatore,Tamil Nadu,2025-06-23,New
CUST05926,Customer 05926,Female,46,Coimbatore,Tamil Nadu,2023-08-25,New
CUST05927,Customer 05927,Female,38,Chennai,Tamil Nadu,2026-04-16,Regular
CUST05928,Customer 05928,Male,52,Coimbatore,Tamil Nadu,2022-04-12,Regular
CUST05929,Customer 05929,Other,65,Bengaluru,Karnataka,2025-06-07,New
CUST05930,Customer 05930,Male,27,Pune,Maharashtra,2023-01-23,Regular
CUST05931,Customer 05931,Male,40,Chennai,Tamil Nadu,2025-05-19,Regular
CUST05932,Customer 05932,Female,56,Hyderabad,Telangana,2023-10-11,Loyal
CUST05933,Customer 05933,Female,42,Kolkata,West Bengal,2025-12-24,VIP
CUST05934,Customer 05934,Female,41,Ahmedabad,Gujarat,2022-12-05,Regular
CUST05935,Customer 05935,Female,37,Chennai,Tamil Nadu,2022-07-03,New
CUST05936,Customer 05936,Male,32,Bengaluru,Karnataka,2022-02-25,New
CUST05937,Customer 05937,Female,38,Kolkata,West Bengal,2024-09-05,Loyal
CUST05938,Customer 05938,Male,59,Pune,Maharashtra,2025-07-29,Regular
CUST05939,Customer 05939,Female,29,Mumbai,Maharashtra,2023-07-26,New
CUST05940,Customer 05940,Male,35,Ahmedabad,Gujarat,2025-02-25,Regular
CUST05941,Customer 05941,Female,40,Bengaluru,Karnataka,2023-12-18,Loyal
CUST05942,Customer 05942,Male,58,Ahmedabad,Gujarat,2024-10-04,Regular
CUST05943,Customer 05943,Female,46,Delhi,Delhi,2026-03-12,Regular
CUST05944,Customer 05944,Female,58,Mumbai,Maharashtra,2022-08-04,New
CUST05945,Customer 05945,Male,53,Kolkata,West Bengal,2025-01-18,Regular
CUST05946,Customer 05946,Female,22,Coimbatore,Tamil Nadu,2024-08-01,Loyal
CUST05947,Customer 05947,Female,56,Bengaluru,Karnataka,2022-11-10,Loyal
CUST05948,Customer 05948,Female,43,Ahmedabad,Gujarat,2022-08-21,Loyal
CUST05949,Customer 05949,Female,56,Kolkata,West Bengal,2024-01-15,Regular
CUST05950,Customer 05950,Male,28,Coimbatore,Tamil Nadu,2023-07-29,Regular
CUST05951,Customer 05951,Male,59,Pune,Maharashtra,2024-06-06,Regular
CUST05952,Customer 05952,Male,28,Pune,Maharashtra,2022-09-04,New
CUST05953,Customer 05953,Male,35,Ahmedabad,Gujarat,2023-03-18,Loyal
CUST05954,Customer 05954,Male,29,Chennai,Tamil Nadu,2022-05-15,Regular
CUST05955,Customer 05955,Female,33,Delhi,Delhi,2024-10-12,Regular
CUST05956,Customer 05956,Male,44,Chennai,Tamil Nadu,2024-10-22,VIP
CUST05957,Customer 05957,Male,53,Delhi,Delhi,2022-06-10,VIP
CUST05958,Customer 05958,Male,34,Bengaluru,Karnataka,2022-05-20,Regular
CUST05959,Customer 05959,Female,38,Hyderabad,Telangana,2022-10-31,New
CUST05960,Customer 05960,Female,54,Ahmedabad,Gujarat,2026-01-23,Regular
CUST05961,Customer 05961,Male,48,Madurai,Tamil Nadu,2022-05-05,VIP
CUST05962,Customer 05962,Female,62,Ahmedabad,Gujarat,2024-07-25,Regular
CUST05963,Customer 05963,Male,52,Mumbai,Maharashtra,2025-10-02,VIP
CUST05964,Customer 05964,Other,44,Coimbatore,Tamil Nadu,2025-09-09,New
CUST05965,Customer 05965,Female,40,Mumbai,Maharashtra,2023-02-11,Regular
CUST05966,Customer 05966,Male,49,Pune,Maharashtra,2026-02-01,Regular
CUST05967,Customer 05967,Female,34,Delhi,Delhi,2022-06-13,Regular
CUST05968,Customer 05968,Female,28,Coimbatore,Tamil Nadu,2024-05-11,VIP
CUST05969,Customer 05969,Male,18,Pune,Maharashtra,2022-08-28,Regular
CUST05970,Customer 05970,Female,45,Coimbatore,Tamil Nadu,2025-05-21,New
CUST05971,Customer 05971,Male,35,Chennai,Tamil Nadu,2022-05-29,Regular
CUST05972,Customer 05972,Male,58,Pune,Maharashtra,2023-08-07,Loyal
CUST05973,Customer 05973,Male,37,Chennai,Tamil Nadu,2025-01-31,Regular
CUST05974,Customer 05974,Male,24,Chennai,Tamil Nadu,2025-04-21,Loyal
CUST05975,Customer 05975,Male,54,Coimbatore,Tamil Nadu,2023-05-20,New
CUST05976,Customer 05976,Female,33,Kolkata,West Bengal,2023-06-09,Regular
CUST05977,Customer 05977,Male,56,Mumbai,Maharashtra,2025-11-04,New
CUST05978,Customer 05978,Male,62,Pune,Maharashtra,2024-02-14,New
CUST05979,Customer 05979,Female,62,Madurai,Tamil Nadu,2024-11-13,Regular
CUST05980,Customer 05980,Female,64,Kolkata,West Bengal,2023-12-02,VIP
CUST05981,Customer 05981,Other,40,Mumbai,Maharashtra,2025-03-02,New
CUST05982,Customer 05982,Female,49,Pune,Maharashtra,2024-10-14,New
CUST05983,Customer 05983,Other,34,Delhi,Delhi,2022-02-19,Regular
CUST05984,Customer 05984,Female,36,Mumbai,Maharashtra,2024-08-15,Regular
CUST05985,Customer 05985,Other,59,Madurai,Tamil Nadu,2023-11-26,Loyal
CUST05986,Customer 05986,Female,51,Ahmedabad,Gujarat,2022-01-26,Loyal
CUST05987,Customer 05987,Male,31,Bengaluru,Karnataka,2023-10-12,New
CUST05988,Customer 05988,Male,20,Chennai,Tamil Nadu,2022-01-11,Regular
CUST05989,Customer 05989,Female,56,Bengaluru,Karnataka,2024-03-18,Regular
CUST05990,Customer 05990,Male,42,Kolkata,West Bengal,2025-01-30,Regular
CUST05991,Customer 05991,Male,28,Ahmedabad,Gujarat,2022-01-11,Regular
CUST05992,Customer 05992,Female,32,Chennai,Tamil Nadu,2025-02-09,Loyal
CUST05993,Customer 05993,Female,36,Pune,Maharashtra,2024-02-11,Regular
CUST05994,Customer 05994,Male,60,Kolkata,West Bengal,2024-02-09,New
CUST05995,Customer 05995,Female,32,Madurai,Tamil Nadu,2024-08-30,Regular
CUST05996,Customer 05996,Female,32,Coimbatore,Tamil Nadu,2025-04-05,Regular
CUST05997,Customer 05997,Other,55,Pune,Maharashtra,2023-02-11,New
CUST05998,Customer 05998,Female,32,Mumbai,Maharashtra,2024-12-04,Regular
CUST05999,Customer 05999,Female,26,Coimbatore,Tamil Nadu,2024-04-21,Loyal
CUST06000,Customer 06000,Female,22,Kolkata,West Bengal,2023-12-18,Regular
CUST06001,Customer 06001,Male,36,Mumbai,Maharashtra,2022-12-25,Regular
CUST06002,Customer 06002,Female,41,Madurai,Tamil Nadu,2023-07-08,Loyal
CUST06003,Customer 06003,Female,46,Bengaluru,Karnataka,2022-10-12,Loyal
CUST06004,Customer 06004,Female,22,Mumbai,Maharashtra,2023-02-04,Regular
CUST06005,Customer 06005,Female,39,Bengaluru,Karnataka,2026-01-14,Regular
CUST06006,Customer 06006,Male,30,Chennai,Tamil Nadu,2026-01-07,Loyal
CUST06007,Customer 06007,Female,64,Delhi,Delhi,2023-01-23,New
CUST06008,Customer 06008,Male,63,Hyderabad,Telangana,2025-10-11,Regular
CUST06009,Customer 06009,Male,46,Pune,Maharashtra,2024-02-23,New
CUST06010,Customer 06010,Male,33,Hyderabad,Telangana,2023-03-01,VIP
CUST06011,Customer 06011,Male,53,Chennai,Tamil Nadu,2024-10-26,New
CUST06012,Customer 06012,Female,34,Mumbai,Maharashtra,2026-04-27,New
CUST06013,Customer 06013,Male,37,Chennai,Tamil Nadu,2023-03-17,Regular
CUST06014,Customer 06014,Male,31,Hyderabad,Telangana,2022-12-22,Loyal
CUST06015,Customer 06015,Female,23,Hyderabad,Telangana,2024-07-07,Regular
CUST06016,Customer 06016,Male,39,Pune,Maharashtra,2024-02-04,Loyal
CUST06017,Customer 06017,Male,57,Coimbatore,Tamil Nadu,2023-07-08,Regular
CUST06018,Customer 06018,Male,26,Ahmedabad,Gujarat,2022-09-25,Regular
CUST06019,Customer 06019,Male,49,Chennai,Tamil Nadu,2024-09-18,Loyal
CUST06020,Customer 06020,Male,41,Delhi,Delhi,2025-05-25,New
CUST06021,Customer 06021,Male,50,Ahmedabad,Gujarat,2022-03-05,Loyal
CUST06022,Customer 06022,Female,30,Chennai,Tamil Nadu,2023-03-18,Loyal
CUST06023,Customer 06023,Male,52,Madurai,Tamil Nadu,2023-06-25,VIP
CUST06024,Customer 06024,Male,23,Kolkata,West Bengal,2025-07-22,Loyal
CUST06025,Customer 06025,Female,57,Kolkata,West Bengal,2023-04-15,Loyal
CUST06026,Customer 06026,Male,47,Hyderabad,Telangana,2025-05-24,New
CUST06027,Customer 06027,Female,55,Kolkata,West Bengal,2026-05-09,Regular
CUST06028,Customer 06028,Female,33,Bengaluru,Karnataka,2024-05-27,Regular
CUST06029,Customer 06029,Male,18,Delhi,Delhi,2025-05-02,New
CUST06030,Customer 06030,Female,59,Kolkata,West Bengal,2023-12-13,Loyal
CUST06031,Customer 06031,Male,35,Mumbai,Maharashtra,2022-01-13,New
CUST06032,Customer 06032,Male,39,Bengaluru,Karnataka,2022-08-10,New
CUST06033,Customer 06033,Female,43,Ahmedabad,Gujarat,2025-11-20,Loyal
CUST06034,Customer 06034,Female,31,Bengaluru,Karnataka,2024-05-30,Loyal
CUST06035,Customer 06035,Female,54,Chennai,Tamil Nadu,2024-04-18,Loyal
CUST06036,Customer 06036,Female,31,Hyderabad,Telangana,2024-01-22,Loyal
CUST06037,Customer 06037,Male,43,Pune,Maharashtra,2022-09-27,Regular
CUST06038,Customer 06038,Female,53,Pune,Maharashtra,2025-08-14,Loyal
CUST06039,Customer 06039,Female,40,Madurai,Tamil Nadu,2024-01-02,Regular
CUST06040,Customer 06040,Other,19,Delhi,Delhi,2024-04-23,VIP
CUST06041,Customer 06041,Female,56,Chennai,Tamil Nadu,2023-09-08,New
CUST06042,Customer 06042,Female,24,Pune,Maharashtra,2025-12-26,Loyal
CUST06043,Customer 06043,Male,56,Hyderabad,Telangana,2025-12-02,Regular
CUST06044,Customer 06044,Female,62,Ahmedabad,Gujarat,2022-03-06,Regular
CUST06045,Customer 06045,Male,39,Pune,Maharashtra,2024-11-27,Loyal
CUST06046,Customer 06046,Male,45,Mumbai,Maharashtra,2022-01-28,Loyal
CUST06047,Customer 06047,Female,55,Bengaluru,Karnataka,2025-08-05,Loyal
CUST06048,Customer 06048,Male,37,Pune,Maharashtra,2022-08-25,New
CUST06049,Customer 06049,Other,35,Chennai,Tamil Nadu,2025-02-23,New
CUST06050,Customer 06050,Male,41,Kolkata,West Bengal,2023-01-19,New
CUST06051,Customer 06051,Female,50,Kolkata,West Bengal,2022-11-22,New
CUST06052,Customer 06052,Male,62,Ahmedabad,Gujarat,2022-03-26,Regular
CUST06053,Customer 06053,Male,43,Kolkata,West Bengal,2024-01-19,Loyal
CUST06054,Customer 06054,Male,36,Ahmedabad,Gujarat,2022-09-03,Regular
CUST06055,Customer 06055,Female,65,Chennai,Tamil Nadu,2023-01-23,Loyal
CUST06056,Customer 06056,Male,59,Delhi,Delhi,2024-07-17,Regular
CUST06057,Customer 06057,Female,30,Kolkata,West Bengal,2022-09-23,Regular
CUST06058,Customer 06058,Male,27,Madurai,Tamil Nadu,2024-01-31,New
CUST06059,Customer 06059,Male,31,Hyderabad,Telangana,2024-03-14,Loyal
CUST06060,Customer 06060,Male,26,Bengaluru,Karnataka,2025-05-13,Loyal
CUST06061,Customer 06061,Male,28,Kolkata,West Bengal,2022-08-16,Regular
CUST06062,Customer 06062,Female,20,Ahmedabad,Gujarat,2022-08-28,Regular
CUST06063,Customer 06063,Female,57,Chennai,Tamil Nadu,2025-01-01,New
CUST06064,Customer 06064,Male,29,Kolkata,West Bengal,2023-01-23,Loyal
CUST06065,Customer 06065,Female,52,Pune,Maharashtra,2023-01-13,Loyal
CUST06066,Customer 06066,Female,56,Kolkata,West Bengal,2022-07-31,Regular
CUST06067,Customer 06067,Male,63,Ahmedabad,Gujarat,2024-03-05,New
CUST06068,Customer 06068,Male,56,Mumbai,Maharashtra,2023-11-07,New
CUST06069,Customer 06069,Female,49,Mumbai,Maharashtra,2023-10-11,New
CUST06070,Customer 06070,Male,56,Kolkata,West Bengal,2022-06-20,New
CUST06071,Customer 06071,Male,31,Bengaluru,Karnataka,2025-03-21,New
CUST06072,Customer 06072,Male,61,Chennai,Tamil Nadu,2024-03-19,New
CUST06073,Customer 06073,Female,18,Madurai,Tamil Nadu,2022-04-14,Regular
CUST06074,Customer 06074,Male,44,Madurai,Tamil Nadu,2025-05-30,Regular
CUST06075,Customer 06075,Male,54,Kolkata,West Bengal,2025-07-29,Regular
CUST06076,Customer 06076,Male,60,Kolkata,West Bengal,2025-11-12,Regular
CUST06077,Customer 06077,Male,18,Mumbai,Maharashtra,2023-01-07,Regular
CUST06078,Customer 06078,Male,62,Ahmedabad,Gujarat,2022-05-09,Regular
CUST06079,Customer 06079,Female,46,Bengaluru,Karnataka,2025-11-28,Regular
CUST06080,Customer 06080,Male,41,Kolkata,West Bengal,2022-08-08,Loyal
CUST06081,Customer 06081,Female,34,Madurai,Tamil Nadu,2025-04-11,Loyal
CUST06082,Customer 06082,Male,52,Chennai,Tamil Nadu,2023-04-17,Regular
CUST06083,Customer 06083,Female,48,Delhi,Delhi,2024-09-14,New
CUST06084,Customer 06084,Female,59,Pune,Maharashtra,2026-01-16,Loyal
CUST06085,Customer 06085,Male,49,Kolkata,West Bengal,2023-08-31,Loyal
CUST06086,Customer 06086,Female,36,Ahmedabad,Gujarat,2026-03-06,New
CUST06087,Customer 06087,Female,48,Kolkata,West Bengal,2024-12-11,New
CUST06088,Customer 06088,Female,56,Ahmedabad,Gujarat,2022-04-04,Loyal
CUST06089,Customer 06089,Male,37,Bengaluru,Karnataka,2026-05-19,Regular
CUST06090,Customer 06090,Other,45,Delhi,Delhi,2024-11-10,Loyal
CUST06091,Customer 06091,Female,20,Hyderabad,Telangana,2022-04-16,New
CUST06092,Customer 06092,Other,49,Chennai,Tamil Nadu,2025-05-08,Loyal
CUST06093,Customer 06093,Female,39,Chennai,Tamil Nadu,2025-10-07,New
CUST06094,Customer 06094,Male,61,Ahmedabad,Gujarat,2025-07-28,Regular
CUST06095,Customer 06095,Female,59,Mumbai,Maharashtra,2025-07-29,VIP
CUST06096,Customer 06096,Female,61,Ahmedabad,Gujarat,2023-09-04,New
CUST06097,Customer 06097,Other,32,Mumbai,Maharashtra,2024-04-28,New
CUST06098,Customer 06098,Male,55,Coimbatore,Tamil Nadu,2026-04-12,Loyal
CUST06099,Customer 06099,Female,36,Madurai,Tamil Nadu,2025-06-22,New
CUST06100,Customer 06100,Male,48,Chennai,Tamil Nadu,2024-08-05,New
CUST06101,Customer 06101,Female,43,Bengaluru,Karnataka,2026-05-18,Regular
CUST06102,Customer 06102,Male,22,Ahmedabad,Gujarat,2024-05-03,Regular
CUST06103,Customer 06103,Male,37,Bengaluru,Karnataka,2023-03-05,Loyal
CUST06104,Customer 06104,Female,19,Delhi,Delhi,2024-11-27,Loyal
CUST06105,Customer 06105,Male,38,Bengaluru,Karnataka,2025-12-13,Regular
CUST06106,Customer 06106,Female,53,Kolkata,West Bengal,2022-10-29,Regular
CUST06107,Customer 06107,Female,45,Madurai,Tamil Nadu,2023-10-01,Regular
CUST06108,Customer 06108,Male,37,Kolkata,West Bengal,2022-03-12,Loyal
CUST06109,Customer 06109,Male,54,Pune,Maharashtra,2023-10-08,Loyal
CUST06110,Customer 06110,Female,56,Ahmedabad,Gujarat,2023-06-09,Loyal
CUST06111,Customer 06111,Male,53,Chennai,Tamil Nadu,2022-06-23,VIP
CUST06112,Customer 06112,Female,28,Ahmedabad,Gujarat,2022-03-31,Regular
CUST06113,Customer 06113,Other,20,Madurai,Tamil Nadu,2023-01-03,Regular
CUST06114,Customer 06114,Male,54,Hyderabad,Telangana,2024-03-11,Regular
CUST06115,Customer 06115,Male,37,Hyderabad,Telangana,2025-05-15,New
CUST06116,Customer 06116,Male,49,Pune,Maharashtra,2024-12-21,New
CUST06117,Customer 06117,Female,64,Madurai,Tamil Nadu,2022-11-15,Loyal
CUST06118,Customer 06118,Male,42,Coimbatore,Tamil Nadu,2024-04-03,Regular
CUST06119,Customer 06119,Male,38,Coimbatore,Tamil Nadu,2023-07-05,Regular
CUST06120,Customer 06120,Female,33,Coimbatore,Tamil Nadu,2022-03-01,Regular
CUST06121,Customer 06121,Female,65,Chennai,Tamil Nadu,2025-02-02,Loyal
CUST06122,Customer 06122,Male,59,Chennai,Tamil Nadu,2025-06-16,New
CUST06123,Customer 06123,Male,18,Coimbatore,Tamil Nadu,2026-01-25,Regular
CUST06124,Customer 06124,Other,40,Hyderabad,Telangana,2022-05-07,Regular
CUST06125,Customer 06125,Female,60,Madurai,Tamil Nadu,2022-03-24,Loyal
CUST06126,Customer 06126,Female,41,Bengaluru,Karnataka,2025-05-28,Regular
CUST06127,Customer 06127,Female,64,Madurai,Tamil Nadu,2025-12-02,VIP
CUST06128,Customer 06128,Other,42,Coimbatore,Tamil Nadu,2024-08-03,Regular
CUST06129,Customer 06129,Female,24,Madurai,Tamil Nadu,2023-08-09,VIP
CUST06130,Customer 06130,Female,55,Delhi,Delhi,2023-10-09,Loyal
CUST06131,Customer 06131,Female,64,Chennai,Tamil Nadu,2025-12-24,Regular
CUST06132,Customer 06132,Female,64,Chennai,Tamil Nadu,2024-06-08,Regular
CUST06133,Customer 06133,Male,56,Hyderabad,Telangana,2023-07-28,Regular
CUST06134,Customer 06134,Male,52,Bengaluru,Karnataka,2023-05-28,Loyal
CUST06135,Customer 06135,Female,31,Coimbatore,Tamil Nadu,2025-01-07,Regular
CUST06136,Customer 06136,Male,26,Ahmedabad,Gujarat,2022-03-06,Regular
CUST06137,Customer 06137,Female,20,Hyderabad,Telangana,2022-07-02,Regular
CUST06138,Customer 06138,Male,55,Hyderabad,Telangana,2024-12-25,Loyal
CUST06139,Customer 06139,Female,37,Bengaluru,Karnataka,2024-04-14,New
CUST06140,Customer 06140,Male,58,Kolkata,West Bengal,2025-05-16,New
CUST06141,Customer 06141,Female,50,Coimbatore,Tamil Nadu,2022-02-23,New
CUST06142,Customer 06142,Female,58,Ahmedabad,Gujarat,2025-05-29,New
CUST06143,Customer 06143,Male,61,Chennai,Tamil Nadu,2022-08-24,Regular
CUST06144,Customer 06144,Female,49,Bengaluru,Karnataka,2024-06-07,Loyal
CUST06145,Customer 06145,Male,53,Ahmedabad,Gujarat,2023-09-04,Regular
CUST06146,Customer 06146,Male,43,Delhi,Delhi,2024-08-16,New
CUST06147,Customer 06147,Male,65,Hyderabad,Telangana,2023-03-14,Regular
CUST06148,Customer 06148,Male,22,Bengaluru,Karnataka,2024-09-30,VIP
CUST06149,Customer 06149,Other,47,Chennai,Tamil Nadu,2025-01-31,Regular
CUST06150,Customer 06150,Male,34,Madurai,Tamil Nadu,2025-12-30,VIP
CUST06151,Customer 06151,Female,23,Chennai,Tamil Nadu,2023-11-25,New
CUST06152,Customer 06152,Male,32,Delhi,Delhi,2024-08-20,New
CUST06153,Customer 06153,Female,18,Bengaluru,Karnataka,2025-12-15,Loyal
CUST06154,Customer 06154,Male,30,Delhi,Delhi,2025-02-05,Regular
CUST06155,Customer 06155,Female,65,Coimbatore,Tamil Nadu,2023-06-08,Loyal
CUST06156,Customer 06156,Female,51,Coimbatore,Tamil Nadu,2026-01-06,Loyal
CUST06157,Customer 06157,Female,47,Madurai,Tamil Nadu,2026-03-10,Regular
CUST06158,Customer 06158,Male,36,Hyderabad,Telangana,2023-02-08,Regular
CUST06159,Customer 06159,Female,19,Kolkata,West Bengal,2022-12-09,Regular
CUST06160,Customer 06160,Male,61,Mumbai,Maharashtra,2024-03-10,Loyal
CUST06161,Customer 06161,Male,29,Ahmedabad,Gujarat,2025-09-12,Regular
CUST06162,Customer 06162,Male,57,Delhi,Delhi,2022-08-02,New
CUST06163,Customer 06163,Male,61,Ahmedabad,Gujarat,2024-10-20,Regular
CUST06164,Customer 06164,Male,41,Madurai,Tamil Nadu,2026-04-29,VIP
CUST06165,Customer 06165,Female,28,Ahmedabad,Gujarat,2022-11-18,New
CUST06166,Customer 06166,Male,19,Ahmedabad,Gujarat,2025-01-06,New
CUST06167,Customer 06167,Male,18,Chennai,Tamil Nadu,2024-12-14,Regular
CUST06168,Customer 06168,Male,45,Bengaluru,Karnataka,2024-02-23,Loyal
CUST06169,Customer 06169,Female,21,Hyderabad,Telangana,2024-05-05,Regular
CUST06170,Customer 06170,Female,58,Mumbai,Maharashtra,2024-12-30,New
CUST06171,Customer 06171,Male,47,Bengaluru,Karnataka,2024-12-27,Regular
CUST06172,Customer 06172,Female,24,Chennai,Tamil Nadu,2022-06-29,New
CUST06173,Customer 06173,Female,39,Ahmedabad,Gujarat,2023-01-15,New
CUST06174,Customer 06174,Male,43,Mumbai,Maharashtra,2024-07-21,Regular
CUST06175,Customer 06175,Female,46,Chennai,Tamil Nadu,2023-03-26,Regular
CUST06176,Customer 06176,Female,42,Chennai,Tamil Nadu,2025-07-08,Regular
CUST06177,Customer 06177,Female,27,Chennai,Tamil Nadu,2026-01-10,New
CUST06178,Customer 06178,Male,37,Coimbatore,Tamil Nadu,2022-05-11,Regular
CUST06179,Customer 06179,Male,31,Mumbai,Maharashtra,2025-06-11,Loyal
CUST06180,Customer 06180,Male,50,Chennai,Tamil Nadu,2024-06-22,Regular
CUST06181,Customer 06181,Female,22,Kolkata,West Bengal,2025-03-23,Regular
CUST06182,Customer 06182,Female,62,Ahmedabad,Gujarat,2022-11-26,New
CUST06183,Customer 06183,Male,23,Mumbai,Maharashtra,2023-09-29,New
CUST06184,Customer 06184,Male,39,Coimbatore,Tamil Nadu,2022-02-22,Loyal
CUST06185,Customer 06185,Female,34,Delhi,Delhi,2023-04-13,Regular
CUST06186,Customer 06186,Female,32,Delhi,Delhi,2023-10-02,Regular
CUST06187,Customer 06187,Female,56,Hyderabad,Telangana,2023-02-17,Loyal
CUST06188,Customer 06188,Female,57,Pune,Maharashtra,2024-11-03,Loyal
CUST06189,Customer 06189,Female,45,Kolkata,West Bengal,2023-05-11,Loyal
CUST06190,Customer 06190,Male,19,Delhi,Delhi,2026-03-21,Regular
CUST06191,Customer 06191,Male,35,Coimbatore,Tamil Nadu,2023-01-03,New
CUST06192,Customer 06192,Male,44,Pune,Maharashtra,2023-06-23,VIP
CUST06193,Customer 06193,Female,38,Chennai,Tamil Nadu,2023-09-29,Loyal
CUST06194,Customer 06194,Male,40,Chennai,Tamil Nadu,2026-01-15,New
CUST06195,Customer 06195,Female,24,Madurai,Tamil Nadu,2026-04-14,Loyal
CUST06196,Customer 06196,Male,65,Ahmedabad,Gujarat,2023-05-30,Regular
CUST06197,Customer 06197,Male,36,Pune,Maharashtra,2023-04-26,Regular
CUST06198,Customer 06198,Female,26,Ahmedabad,Gujarat,2023-02-18,New
CUST06199,Customer 06199,Male,29,Coimbatore,Tamil Nadu,2022-08-16,Regular
CUST06200,Customer 06200,Male,63,Kolkata,West Bengal,2022-05-17,New
CUST06201,Customer 06201,Female,47,Pune,Maharashtra,2025-06-17,Regular
CUST06202,Customer 06202,Male,24,Delhi,Delhi,2024-03-01,New
CUST06203,Customer 06203,Female,19,Kolkata,West Bengal,2024-04-14,Regular
CUST06204,Customer 06204,Female,34,Madurai,Tamil Nadu,2023-04-17,Regular
CUST06205,Customer 06205,Female,28,Ahmedabad,Gujarat,2023-06-02,Loyal
CUST06206,Customer 06206,Female,29,Ahmedabad,Gujarat,2026-01-24,New
CUST06207,Customer 06207,Male,20,Kolkata,West Bengal,2022-11-01,Loyal
CUST06208,Customer 06208,Female,38,Chennai,Tamil Nadu,2023-10-17,Regular
CUST06209,Customer 06209,Male,31,Ahmedabad,Gujarat,2022-06-30,Loyal
CUST06210,Customer 06210,Male,32,Madurai,Tamil Nadu,2022-01-30,Regular
CUST06211,Customer 06211,Male,59,Delhi,Delhi,2024-08-29,Loyal
CUST06212,Customer 06212,Male,58,Mumbai,Maharashtra,2024-02-04,Regular
CUST06213,Customer 06213,Female,27,Delhi,Delhi,2022-02-09,Regular
CUST06214,Customer 06214,Male,53,Delhi,Delhi,2022-07-06,Regular
CUST06215,Customer 06215,Female,27,Ahmedabad,Gujarat,2022-11-15,VIP
CUST06216,Customer 06216,Male,34,Bengaluru,Karnataka,2025-06-04,Loyal
CUST06217,Customer 06217,Male,61,Chennai,Tamil Nadu,2024-01-02,Regular
CUST06218,Customer 06218,Other,42,Ahmedabad,Gujarat,2024-06-10,New
CUST06219,Customer 06219,Male,44,Chennai,Tamil Nadu,2022-11-20,Loyal
CUST06220,Customer 06220,Female,50,Coimbatore,Tamil Nadu,2024-07-31,VIP
CUST06221,Customer 06221,Male,28,Bengaluru,Karnataka,2024-12-02,Regular
CUST06222,Customer 06222,Male,30,Ahmedabad,Gujarat,2023-10-18,Loyal
CUST06223,Customer 06223,Female,18,Hyderabad,Telangana,2025-07-25,New
CUST06224,Customer 06224,Female,48,Delhi,Delhi,2025-09-04,VIP
CUST06225,Customer 06225,Male,50,Coimbatore,Tamil Nadu,2022-06-23,Loyal
CUST06226,Customer 06226,Male,38,Bengaluru,Karnataka,2023-11-16,Regular
CUST06227,Customer 06227,Male,33,Ahmedabad,Gujarat,2024-11-30,Regular
CUST06228,Customer 06228,Female,56,Madurai,Tamil Nadu,2023-02-13,Regular
CUST06229,Customer 06229,Female,40,Kolkata,West Bengal,2026-05-05,Regular
CUST06230,Customer 06230,Female,27,Kolkata,West Bengal,2025-09-08,Loyal
CUST06231,Customer 06231,Male,65,Chennai,Tamil Nadu,2022-06-29,Loyal
CUST06232,Customer 06232,Female,50,Bengaluru,Karnataka,2024-05-03,Regular
CUST06233,Customer 06233,Female,39,Delhi,Delhi,2025-03-28,Loyal
CUST06234,Customer 06234,Female,58,Delhi,Delhi,2022-02-06,Regular
CUST06235,Customer 06235,Female,23,Mumbai,Maharashtra,2023-02-10,Loyal
CUST06236,Customer 06236,Female,64,Kolkata,West Bengal,2023-06-23,Loyal
CUST06237,Customer 06237,Male,53,Coimbatore,Tamil Nadu,2023-01-11,Loyal
CUST06238,Customer 06238,Female,64,Bengaluru,Karnataka,2022-09-13,New
CUST06239,Customer 06239,Female,27,Delhi,Delhi,2022-10-05,Regular
CUST06240,Customer 06240,Male,33,Mumbai,Maharashtra,2022-09-06,Regular
CUST06241,Customer 06241,Male,30,Bengaluru,Karnataka,2023-11-24,Regular
CUST06242,Customer 06242,Female,37,Pune,Maharashtra,2024-11-06,Regular
CUST06243,Customer 06243,Male,21,Delhi,Delhi,2025-10-23,Loyal
CUST06244,Customer 06244,Female,37,Pune,Maharashtra,2022-05-05,Regular
CUST06245,Customer 06245,Male,39,Bengaluru,Karnataka,2025-08-28,Regular
CUST06246,Customer 06246,Male,46,Delhi,Delhi,2022-07-31,New
CUST06247,Customer 06247,Male,33,Pune,Maharashtra,2023-04-17,Regular
CUST06248,Customer 06248,Male,60,Hyderabad,Telangana,2024-01-19,Regular
CUST06249,Customer 06249,Male,64,Mumbai,Maharashtra,2025-12-09,New
CUST06250,Customer 06250,Female,60,Coimbatore,Tamil Nadu,2023-05-15,New
CUST06251,Customer 06251,Female,40,Kolkata,West Bengal,2024-03-21,Regular
CUST06252,Customer 06252,Other,47,Mumbai,Maharashtra,2024-06-07,New
CUST06253,Customer 06253,Male,47,Pune,Maharashtra,2025-04-19,New
CUST06254,Customer 06254,Female,60,Delhi,Delhi,2025-11-13,Loyal
CUST06255,Customer 06255,Female,20,Hyderabad,Telangana,2025-04-25,Loyal
CUST06256,Customer 06256,Female,41,Hyderabad,Telangana,2026-01-31,Regular
CUST06257,Customer 06257,Female,54,Kolkata,West Bengal,2026-01-20,Regular
CUST06258,Customer 06258,Male,30,Hyderabad,Telangana,2025-03-03,VIP
CUST06259,Customer 06259,Male,59,Mumbai,Maharashtra,2022-06-24,New
CUST06260,Customer 06260,Male,49,Ahmedabad,Gujarat,2025-07-08,Regular
CUST06261,Customer 06261,Male,54,Hyderabad,Telangana,2022-11-13,Regular
CUST06262,Customer 06262,Female,29,Kolkata,West Bengal,2024-09-27,Loyal
CUST06263,Customer 06263,Male,25,Hyderabad,Telangana,2024-04-03,VIP
CUST06264,Customer 06264,Female,41,Hyderabad,Telangana,2024-05-19,Regular
CUST06265,Customer 06265,Female,61,Madurai,Tamil Nadu,2024-07-19,Regular
CUST06266,Customer 06266,Other,33,Mumbai,Maharashtra,2024-06-05,Regular
CUST06267,Customer 06267,Female,49,Pune,Maharashtra,2022-09-26,VIP
CUST06268,Customer 06268,Male,51,Chennai,Tamil Nadu,2023-04-15,Loyal
CUST06269,Customer 06269,Female,52,Ahmedabad,Gujarat,2022-08-12,Regular
CUST06270,Customer 06270,Male,49,Hyderabad,Telangana,2025-06-29,Loyal
CUST06271,Customer 06271,Female,34,Coimbatore,Tamil Nadu,2024-12-23,New
CUST06272,Customer 06272,Female,19,Hyderabad,Telangana,2024-09-01,Regular
CUST06273,Customer 06273,Female,43,Madurai,Tamil Nadu,2024-06-25,New
CUST06274,Customer 06274,Male,61,Pune,Maharashtra,2024-04-09,New
CUST06275,Customer 06275,Female,34,Coimbatore,Tamil Nadu,2026-01-27,Regular
CUST06276,Customer 06276,Male,55,Ahmedabad,Gujarat,2025-02-21,Loyal
CUST06277,Customer 06277,Male,19,Coimbatore,Tamil Nadu,2022-08-26,Regular
CUST06278,Customer 06278,Female,25,Mumbai,Maharashtra,2022-03-16,Regular
CUST06279,Customer 06279,Male,63,Kolkata,West Bengal,2026-01-05,New
CUST06280,Customer 06280,Other,23,Kolkata,West Bengal,2023-05-15,Regular
CUST06281,Customer 06281,Male,26,Ahmedabad,Gujarat,2026-03-26,Regular
CUST06282,Customer 06282,Female,18,Pune,Maharashtra,2022-09-25,Regular
CUST06283,Customer 06283,Male,22,Kolkata,West Bengal,2026-02-19,Regular
CUST06284,Customer 06284,Female,56,Bengaluru,Karnataka,2024-09-13,Regular
CUST06285,Customer 06285,Female,26,Madurai,Tamil Nadu,2024-12-09,Regular
CUST06286,Customer 06286,Female,31,Ahmedabad,Gujarat,2024-12-18,Regular
CUST06287,Customer 06287,Male,44,Ahmedabad,Gujarat,2026-01-17,New
CUST06288,Customer 06288,Female,26,Chennai,Tamil Nadu,2023-12-24,Regular
CUST06289,Customer 06289,Male,53,Chennai,Tamil Nadu,2024-12-31,Regular
CUST06290,Customer 06290,Male,46,Mumbai,Maharashtra,2022-07-09,Loyal
CUST06291,Customer 06291,Male,37,Mumbai,Maharashtra,2024-09-22,Loyal
CUST06292,Customer 06292,Female,32,Chennai,Tamil Nadu,2026-05-05,Loyal
CUST06293,Customer 06293,Male,53,Kolkata,West Bengal,2023-07-20,Regular
CUST06294,Customer 06294,Female,20,Delhi,Delhi,2024-09-19,Regular
CUST06295,Customer 06295,Female,40,Ahmedabad,Gujarat,2024-01-06,Loyal
CUST06296,Customer 06296,Male,63,Bengaluru,Karnataka,2022-06-05,Regular
CUST06297,Customer 06297,Female,26,Ahmedabad,Gujarat,2026-05-06,New
CUST06298,Customer 06298,Male,47,Hyderabad,Telangana,2023-11-04,Loyal
CUST06299,Customer 06299,Female,36,Pune,Maharashtra,2025-01-13,New
CUST06300,Customer 06300,Male,55,Madurai,Tamil Nadu,2022-03-10,New
CUST06301,Customer 06301,Female,20,Delhi,Delhi,2025-11-09,Loyal
CUST06302,Customer 06302,Male,65,Bengaluru,Karnataka,2023-01-08,Loyal
CUST06303,Customer 06303,Male,20,Hyderabad,Telangana,2022-02-24,Loyal
CUST06304,Customer 06304,Male,51,Mumbai,Maharashtra,2022-03-26,Regular
CUST06305,Customer 06305,Male,19,Bengaluru,Karnataka,2024-07-29,Loyal
CUST06306,Customer 06306,Male,44,Chennai,Tamil Nadu,2024-04-20,Loyal
CUST06307,Customer 06307,Male,40,Ahmedabad,Gujarat,2023-08-15,Loyal
CUST06308,Customer 06308,Female,59,Bengaluru,Karnataka,2024-01-02,Loyal
CUST06309,Customer 06309,Female,49,Pune,Maharashtra,2023-09-14,Regular
CUST06310,Customer 06310,Female,64,Coimbatore,Tamil Nadu,2024-10-05,New
CUST06311,Customer 06311,Female,52,Mumbai,Maharashtra,2022-11-13,Loyal
CUST06312,Customer 06312,Female,57,Madurai,Tamil Nadu,2025-04-02,Regular
CUST06313,Customer 06313,Female,35,Madurai,Tamil Nadu,2023-09-17,Regular
CUST06314,Customer 06314,Female,44,Bengaluru,Karnataka,2022-09-09,Loyal
CUST06315,Customer 06315,Male,28,Coimbatore,Tamil Nadu,2022-06-01,Regular
CUST06316,Customer 06316,Female,56,Ahmedabad,Gujarat,2025-09-21,Regular
CUST06317,Customer 06317,Male,36,Hyderabad,Telangana,2024-06-28,Regular
CUST06318,Customer 06318,Female,42,Delhi,Delhi,2025-10-23,New
CUST06319,Customer 06319,Female,24,Ahmedabad,Gujarat,2024-05-15,New
CUST06320,Customer 06320,Male,48,Hyderabad,Telangana,2023-08-23,Loyal
CUST06321,Customer 06321,Female,19,Delhi,Delhi,2024-10-03,Regular
CUST06322,Customer 06322,Male,55,Coimbatore,Tamil Nadu,2024-08-28,New
CUST06323,Customer 06323,Male,22,Delhi,Delhi,2024-10-01,VIP
CUST06324,Customer 06324,Male,31,Ahmedabad,Gujarat,2025-01-28,New
CUST06325,Customer 06325,Female,35,Pune,Maharashtra,2025-02-17,Regular
CUST06326,Customer 06326,Female,53,Bengaluru,Karnataka,2025-11-09,Loyal
CUST06327,Customer 06327,Female,21,Hyderabad,Telangana,2022-10-30,Regular
CUST06328,Customer 06328,Male,41,Pune,Maharashtra,2025-03-18,Loyal
CUST06329,Customer 06329,Female,30,Hyderabad,Telangana,2025-05-09,VIP
CUST06330,Customer 06330,Female,38,Bengaluru,Karnataka,2024-10-23,Loyal
CUST06331,Customer 06331,Male,50,Kolkata,West Bengal,2023-02-04,Regular
CUST06332,Customer 06332,Female,37,Delhi,Delhi,2022-03-09,Regular
CUST06333,Customer 06333,Male,22,Coimbatore,Tamil Nadu,2022-06-03,Regular
CUST06334,Customer 06334,Male,41,Kolkata,West Bengal,2024-10-11,Loyal
CUST06335,Customer 06335,Male,52,Kolkata,West Bengal,2026-02-26,Loyal
CUST06336,Customer 06336,Female,47,Madurai,Tamil Nadu,2022-07-01,Loyal
CUST06337,Customer 06337,Male,45,Chennai,Tamil Nadu,2023-06-09,Regular
CUST06338,Customer 06338,Male,62,Ahmedabad,Gujarat,2022-07-08,Regular
CUST06339,Customer 06339,Male,24,Pune,Maharashtra,2022-01-20,Regular
CUST06340,Customer 06340,Male,59,Pune,Maharashtra,2024-04-30,New
CUST06341,Customer 06341,Male,52,Pune,Maharashtra,2025-07-30,Loyal
CUST06342,Customer 06342,Male,47,Pune,Maharashtra,2024-06-16,Regular
CUST06343,Customer 06343,Female,51,Ahmedabad,Gujarat,2022-01-10,Regular
CUST06344,Customer 06344,Male,56,Kolkata,West Bengal,2023-12-01,Loyal
CUST06345,Customer 06345,Female,26,Ahmedabad,Gujarat,2026-04-04,New
CUST06346,Customer 06346,Female,29,Pune,Maharashtra,2023-10-17,Loyal
CUST06347,Customer 06347,Male,46,Chennai,Tamil Nadu,2025-08-19,New
CUST06348,Customer 06348,Male,27,Mumbai,Maharashtra,2022-08-29,VIP
CUST06349,Customer 06349,Female,44,Bengaluru,Karnataka,2022-06-01,Regular
CUST06350,Customer 06350,Male,36,Pune,Maharashtra,2024-02-23,New
CUST06351,Customer 06351,Male,30,Coimbatore,Tamil Nadu,2025-09-22,Regular
CUST06352,Customer 06352,Male,59,Mumbai,Maharashtra,2022-07-07,Loyal
CUST06353,Customer 06353,Female,54,Ahmedabad,Gujarat,2023-04-09,Regular
CUST06354,Customer 06354,Female,49,Coimbatore,Tamil Nadu,2023-12-23,Regular
CUST06355,Customer 06355,Other,32,Coimbatore,Tamil Nadu,2025-04-15,VIP
CUST06356,Customer 06356,Female,38,Hyderabad,Telangana,2024-06-18,New
CUST06357,Customer 06357,Male,20,Coimbatore,Tamil Nadu,2023-12-07,Loyal
CUST06358,Customer 06358,Male,25,Pune,Maharashtra,2025-04-15,Regular
CUST06359,Customer 06359,Male,23,Hyderabad,Telangana,2024-05-30,Regular
CUST06360,Customer 06360,Male,46,Madurai,Tamil Nadu,2023-02-19,Regular
CUST06361,Customer 06361,Male,36,Kolkata,West Bengal,2023-08-01,Regular
CUST06362,Customer 06362,Male,34,Coimbatore,Tamil Nadu,2022-11-06,New
CUST06363,Customer 06363,Male,27,Chennai,Tamil Nadu,2024-10-22,Regular
CUST06364,Customer 06364,Male,50,Bengaluru,Karnataka,2022-11-13,Regular
CUST06365,Customer 06365,Male,30,Coimbatore,Tamil Nadu,2026-03-13,Regular
CUST06366,Customer 06366,Other,44,Madurai,Tamil Nadu,2024-10-16,Regular
CUST06367,Customer 06367,Female,59,Delhi,Delhi,2026-05-15,Regular
CUST06368,Customer 06368,Other,29,Ahmedabad,Gujarat,2023-01-03,Regular
CUST06369,Customer 06369,Male,19,Ahmedabad,Gujarat,2023-07-09,VIP
CUST06370,Customer 06370,Male,27,Madurai,Tamil Nadu,2023-08-28,Regular
CUST06371,Customer 06371,Male,38,Delhi,Delhi,2025-06-03,New
CUST06372,Customer 06372,Male,40,Ahmedabad,Gujarat,2024-07-24,Regular
CUST06373,Customer 06373,Male,18,Ahmedabad,Gujarat,2023-04-25,Loyal
CUST06374,Customer 06374,Female,50,Ahmedabad,Gujarat,2024-09-07,New
CUST06375,Customer 06375,Other,43,Madurai,Tamil Nadu,2024-12-22,Regular
CUST06376,Customer 06376,Male,32,Kolkata,West Bengal,2025-07-27,Loyal
CUST06377,Customer 06377,Male,39,Bengaluru,Karnataka,2024-07-28,Regular
CUST06378,Customer 06378,Male,42,Madurai,Tamil Nadu,2022-01-14,Regular
CUST06379,Customer 06379,Male,18,Delhi,Delhi,2022-01-28,VIP
CUST06380,Customer 06380,Male,43,Coimbatore,Tamil Nadu,2022-05-22,New
CUST06381,Customer 06381,Male,38,Kolkata,West Bengal,2023-08-13,Regular
CUST06382,Customer 06382,Male,58,Kolkata,West Bengal,2023-04-18,Regular
CUST06383,Customer 06383,Male,41,Coimbatore,Tamil Nadu,2026-03-28,New
CUST06384,Customer 06384,Male,56,Chennai,Tamil Nadu,2025-04-22,New
CUST06385,Customer 06385,Male,33,Hyderabad,Telangana,2022-11-13,Regular
CUST06386,Customer 06386,Male,49,Bengaluru,Karnataka,2025-10-16,New
CUST06387,Customer 06387,Other,33,Bengaluru,Karnataka,2023-03-21,Regular
CUST06388,Customer 06388,Male,30,Chennai,Tamil Nadu,2022-10-23,VIP
CUST06389,Customer 06389,Female,59,Hyderabad,Telangana,2023-02-08,Loyal
CUST06390,Customer 06390,Female,49,Bengaluru,Karnataka,2024-01-22,Regular
CUST06391,Customer 06391,Female,58,Delhi,Delhi,2022-09-20,New
CUST06392,Customer 06392,Female,61,Mumbai,Maharashtra,2024-04-26,Regular
CUST06393,Customer 06393,Female,41,Mumbai,Maharashtra,2023-01-12,Regular
CUST06394,Customer 06394,Female,30,Bengaluru,Karnataka,2023-08-08,VIP
CUST06395,Customer 06395,Male,28,Pune,Maharashtra,2024-12-27,VIP
CUST06396,Customer 06396,Male,32,Bengaluru,Karnataka,2024-03-09,Regular
CUST06397,Customer 06397,Other,27,Coimbatore,Tamil Nadu,2023-04-16,New
CUST06398,Customer 06398,Female,59,Coimbatore,Tamil Nadu,2024-01-02,Loyal
CUST06399,Customer 06399,Other,58,Hyderabad,Telangana,2024-08-29,Loyal
CUST06400,Customer 06400,Female,20,Ahmedabad,Gujarat,2022-02-16,Regular
CUST06401,Customer 06401,Female,33,Kolkata,West Bengal,2024-08-04,Regular
CUST06402,Customer 06402,Female,61,Delhi,Delhi,2024-12-17,Regular
CUST06403,Customer 06403,Female,34,Chennai,Tamil Nadu,2022-01-24,Loyal
CUST06404,Customer 06404,Female,42,Bengaluru,Karnataka,2025-08-06,New
CUST06405,Customer 06405,Female,47,Ahmedabad,Gujarat,2024-04-10,Loyal
CUST06406,Customer 06406,Female,64,Ahmedabad,Gujarat,2026-01-07,New
CUST06407,Customer 06407,Female,52,Delhi,Delhi,2023-02-07,Loyal
CUST06408,Customer 06408,Female,54,Chennai,Tamil Nadu,2024-11-13,Regular
CUST06409,Customer 06409,Male,30,Coimbatore,Tamil Nadu,2024-12-23,New
CUST06410,Customer 06410,Male,41,Madurai,Tamil Nadu,2025-06-16,New
CUST06411,Customer 06411,Female,55,Delhi,Delhi,2022-10-10,Regular
CUST06412,Customer 06412,Female,43,Ahmedabad,Gujarat,2026-01-05,New
CUST06413,Customer 06413,Male,26,Mumbai,Maharashtra,2025-08-16,Regular
CUST06414,Customer 06414,Male,36,Bengaluru,Karnataka,2022-04-03,Regular
CUST06415,Customer 06415,Female,45,Hyderabad,Telangana,2025-10-30,New
CUST06416,Customer 06416,Female,24,Mumbai,Maharashtra,2023-11-17,Regular
CUST06417,Customer 06417,Female,62,Ahmedabad,Gujarat,2022-11-06,Regular
CUST06418,Customer 06418,Female,39,Kolkata,West Bengal,2024-06-06,Regular
CUST06419,Customer 06419,Male,47,Pune,Maharashtra,2025-04-05,Regular
CUST06420,Customer 06420,Male,54,Chennai,Tamil Nadu,2022-01-07,Regular
CUST06421,Customer 06421,Male,33,Coimbatore,Tamil Nadu,2024-12-02,Regular
CUST06422,Customer 06422,Female,53,Bengaluru,Karnataka,2024-02-27,New
CUST06423,Customer 06423,Male,22,Hyderabad,Telangana,2025-09-25,New
CUST06424,Customer 06424,Female,46,Madurai,Tamil Nadu,2025-03-22,New
CUST06425,Customer 06425,Female,40,Coimbatore,Tamil Nadu,2022-02-12,Regular
CUST06426,Customer 06426,Female,23,Bengaluru,Karnataka,2023-12-26,Regular
CUST06427,Customer 06427,Female,53,Madurai,Tamil Nadu,2022-07-20,Regular
CUST06428,Customer 06428,Male,50,Hyderabad,Telangana,2024-06-13,Loyal
CUST06429,Customer 06429,Female,58,Ahmedabad,Gujarat,2023-10-29,Regular
CUST06430,Customer 06430,Male,33,Pune,Maharashtra,2023-07-02,Regular
CUST06431,Customer 06431,Male,51,Mumbai,Maharashtra,2022-08-14,New
CUST06432,Customer 06432,Male,60,Mumbai,Maharashtra,2023-09-25,Loyal
CUST06433,Customer 06433,Male,43,Ahmedabad,Gujarat,2026-03-25,Regular
CUST06434,Customer 06434,Female,54,Coimbatore,Tamil Nadu,2025-09-24,Loyal
CUST06435,Customer 06435,Female,30,Ahmedabad,Gujarat,2025-09-20,Loyal
CUST06436,Customer 06436,Male,34,Ahmedabad,Gujarat,2025-04-19,Loyal
CUST06437,Customer 06437,Male,49,Bengaluru,Karnataka,2026-04-06,Loyal
CUST06438,Customer 06438,Female,49,Bengaluru,Karnataka,2024-08-03,Regular
CUST06439,Customer 06439,Female,45,Hyderabad,Telangana,2025-07-19,Regular
CUST06440,Customer 06440,Male,46,Pune,Maharashtra,2022-07-13,VIP
CUST06441,Customer 06441,Female,42,Bengaluru,Karnataka,2023-06-22,Loyal
CUST06442,Customer 06442,Female,64,Hyderabad,Telangana,2023-04-26,Regular
CUST06443,Customer 06443,Female,39,Kolkata,West Bengal,2025-01-26,Regular
CUST06444,Customer 06444,Male,44,Ahmedabad,Gujarat,2023-03-06,Loyal
CUST06445,Customer 06445,Female,61,Ahmedabad,Gujarat,2026-03-16,Regular
CUST06446,Customer 06446,Female,55,Coimbatore,Tamil Nadu,2025-09-12,New
CUST06447,Customer 06447,Female,37,Kolkata,West Bengal,2024-08-02,Regular
CUST06448,Customer 06448,Female,62,Coimbatore,Tamil Nadu,2024-06-29,New
CUST06449,Customer 06449,Other,41,Madurai,Tamil Nadu,2023-08-01,Regular
CUST06450,Customer 06450,Male,64,Hyderabad,Telangana,2025-12-10,Loyal
CUST06451,Customer 06451,Female,64,Hyderabad,Telangana,2022-04-21,Regular
CUST06452,Customer 06452,Female,25,Ahmedabad,Gujarat,2022-07-31,VIP
CUST06453,Customer 06453,Female,31,Delhi,Delhi,2024-04-30,VIP
CUST06454,Customer 06454,Male,56,Madurai,Tamil Nadu,2024-05-27,Loyal
CUST06455,Customer 06455,Male,31,Hyderabad,Telangana,2024-09-13,VIP
CUST06456,Customer 06456,Female,22,Bengaluru,Karnataka,2024-09-22,Regular
CUST06457,Customer 06457,Female,64,Ahmedabad,Gujarat,2023-07-25,Regular
CUST06458,Customer 06458,Male,38,Coimbatore,Tamil Nadu,2024-11-19,Loyal
CUST06459,Customer 06459,Female,32,Kolkata,West Bengal,2025-07-14,Regular
CUST06460,Customer 06460,Male,53,Coimbatore,Tamil Nadu,2023-10-28,Regular
CUST06461,Customer 06461,Other,50,Mumbai,Maharashtra,2022-12-16,Regular
CUST06462,Customer 06462,Female,34,Delhi,Delhi,2026-03-18,Regular
CUST06463,Customer 06463,Male,37,Hyderabad,Telangana,2024-07-18,Loyal
CUST06464,Customer 06464,Female,18,Pune,Maharashtra,2023-11-12,Regular
CUST06465,Customer 06465,Female,33,Chennai,Tamil Nadu,2025-05-22,Loyal
CUST06466,Customer 06466,Male,62,Delhi,Delhi,2022-09-08,Regular
CUST06467,Customer 06467,Female,35,Ahmedabad,Gujarat,2026-04-16,Regular
CUST06468,Customer 06468,Male,27,Hyderabad,Telangana,2022-11-15,New
CUST06469,Customer 06469,Female,40,Kolkata,West Bengal,2025-04-21,Loyal
CUST06470,Customer 06470,Male,35,Hyderabad,Telangana,2024-06-03,New
CUST06471,Customer 06471,Male,26,Chennai,Tamil Nadu,2022-07-08,VIP
CUST06472,Customer 06472,Male,63,Kolkata,West Bengal,2023-12-26,Loyal
CUST06473,Customer 06473,Male,47,Coimbatore,Tamil Nadu,2025-02-24,Regular
CUST06474,Customer 06474,Female,30,Kolkata,West Bengal,2025-08-12,VIP
CUST06475,Customer 06475,Male,48,Delhi,Delhi,2024-11-12,Regular
CUST06476,Customer 06476,Male,63,Coimbatore,Tamil Nadu,2026-04-03,New
CUST06477,Customer 06477,Female,60,Hyderabad,Telangana,2022-03-20,Regular
CUST06478,Customer 06478,Female,30,Ahmedabad,Gujarat,2023-06-30,Regular
CUST06479,Customer 06479,Female,49,Madurai,Tamil Nadu,2026-02-02,Regular
CUST06480,Customer 06480,Female,34,Ahmedabad,Gujarat,2024-07-12,Regular
CUST06481,Customer 06481,Female,20,Hyderabad,Telangana,2023-09-11,Loyal
CUST06482,Customer 06482,Male,18,Chennai,Tamil Nadu,2022-11-01,Regular
CUST06483,Customer 06483,Male,22,Madurai,Tamil Nadu,2026-01-11,Regular
CUST06484,Customer 06484,Other,49,Hyderabad,Telangana,2022-07-18,Regular
CUST06485,Customer 06485,Male,42,Pune,Maharashtra,2025-04-29,Regular
CUST06486,Customer 06486,Male,62,Delhi,Delhi,2025-06-09,New
CUST06487,Customer 06487,Male,22,Pune,Maharashtra,2026-05-17,Regular
CUST06488,Customer 06488,Male,54,Coimbatore,Tamil Nadu,2023-07-08,Loyal
CUST06489,Customer 06489,Female,40,Mumbai,Maharashtra,2024-11-13,Regular
CUST06490,Customer 06490,Female,29,Hyderabad,Telangana,2026-01-24,New
CUST06491,Customer 06491,Other,51,Bengaluru,Karnataka,2022-07-02,Regular
CUST06492,Customer 06492,Female,40,Bengaluru,Karnataka,2025-12-27,Regular
CUST06493,Customer 06493,Male,33,Kolkata,West Bengal,2023-08-30,Loyal
CUST06494,Customer 06494,Male,22,Ahmedabad,Gujarat,2022-03-24,VIP
CUST06495,Customer 06495,Other,61,Ahmedabad,Gujarat,2022-04-03,Loyal
CUST06496,Customer 06496,Male,64,Ahmedabad,Gujarat,2025-07-25,Regular
CUST06497,Customer 06497,Male,45,Pune,Maharashtra,2023-09-09,Regular
CUST06498,Customer 06498,Female,23,Delhi,Delhi,2025-01-13,New
CUST06499,Customer 06499,Female,30,Hyderabad,Telangana,2023-07-27,Regular
CUST06500,Customer 06500,Male,60,Chennai,Tamil Nadu,2025-05-16,Regular
CUST06501,Customer 06501,Female,47,Kolkata,West Bengal,2023-08-04,Regular
CUST06502,Customer 06502,Other,43,Coimbatore,Tamil Nadu,2024-09-27,New
CUST06503,Customer 06503,Male,34,Madurai,Tamil Nadu,2026-01-07,Regular
CUST06504,Customer 06504,Female,26,Coimbatore,Tamil Nadu,2024-02-13,Regular
CUST06505,Customer 06505,Male,33,Hyderabad,Telangana,2024-05-02,Loyal
CUST06506,Customer 06506,Female,35,Mumbai,Maharashtra,2025-10-25,New
CUST06507,Customer 06507,Female,30,Ahmedabad,Gujarat,2023-10-13,Regular
CUST06508,Customer 06508,Other,46,Madurai,Tamil Nadu,2024-03-02,New
CUST06509,Customer 06509,Male,60,Pune,Maharashtra,2023-04-21,Regular
CUST06510,Customer 06510,Male,62,Hyderabad,Telangana,2023-05-19,New
CUST06511,Customer 06511,Male,41,Mumbai,Maharashtra,2022-08-19,New
CUST06512,Customer 06512,Female,62,Pune,Maharashtra,2024-05-27,New
CUST06513,Customer 06513,Male,61,Mumbai,Maharashtra,2025-10-15,Regular
CUST06514,Customer 06514,Male,63,Ahmedabad,Gujarat,2026-05-06,Regular
CUST06515,Customer 06515,Male,30,Pune,Maharashtra,2024-11-08,Loyal
CUST06516,Customer 06516,Male,42,Delhi,Delhi,2023-11-21,New
CUST06517,Customer 06517,Male,58,Bengaluru,Karnataka,2022-07-28,New
CUST06518,Customer 06518,Female,63,Coimbatore,Tamil Nadu,2022-05-11,Regular
CUST06519,Customer 06519,Male,18,Delhi,Delhi,2024-01-13,Regular
CUST06520,Customer 06520,Male,26,Madurai,Tamil Nadu,2023-01-19,Regular
CUST06521,Customer 06521,Female,21,Kolkata,West Bengal,2025-01-20,Regular
CUST06522,Customer 06522,Female,45,Bengaluru,Karnataka,2026-04-16,Loyal
CUST06523,Customer 06523,Male,29,Delhi,Delhi,2022-12-28,Regular
CUST06524,Customer 06524,Male,41,Hyderabad,Telangana,2024-01-31,Regular
CUST06525,Customer 06525,Female,63,Mumbai,Maharashtra,2025-02-21,New
CUST06526,Customer 06526,Male,26,Madurai,Tamil Nadu,2024-07-31,New
CUST06527,Customer 06527,Female,52,Hyderabad,Telangana,2023-10-10,VIP
CUST06528,Customer 06528,Male,55,Bengaluru,Karnataka,2025-07-20,Regular
CUST06529,Customer 06529,Male,52,Mumbai,Maharashtra,2022-12-21,Regular
CUST06530,Customer 06530,Male,50,Madurai,Tamil Nadu,2022-04-10,VIP
CUST06531,Customer 06531,Female,52,Kolkata,West Bengal,2024-01-01,Loyal
CUST06532,Customer 06532,Female,63,Bengaluru,Karnataka,2022-10-28,Regular
CUST06533,Customer 06533,Male,37,Madurai,Tamil Nadu,2023-09-01,Regular
CUST06534,Customer 06534,Female,19,Delhi,Delhi,2024-05-31,Loyal
CUST06535,Customer 06535,Male,61,Madurai,Tamil Nadu,2022-07-22,Loyal
CUST06536,Customer 06536,Male,43,Bengaluru,Karnataka,2024-11-10,New
CUST06537,Customer 06537,Female,59,Ahmedabad,Gujarat,2025-05-06,Regular
CUST06538,Customer 06538,Male,30,Delhi,Delhi,2022-04-22,Regular
CUST06539,Customer 06539,Female,47,Hyderabad,Telangana,2025-03-18,New
CUST06540,Customer 06540,Female,49,Bengaluru,Karnataka,2023-01-16,Regular
CUST06541,Customer 06541,Female,53,Ahmedabad,Gujarat,2024-01-25,Regular
CUST06542,Customer 06542,Female,36,Chennai,Tamil Nadu,2024-08-11,New
CUST06543,Customer 06543,Male,39,Kolkata,West Bengal,2025-04-21,Regular
CUST06544,Customer 06544,Male,18,Ahmedabad,Gujarat,2024-03-06,Regular
CUST06545,Customer 06545,Male,28,Chennai,Tamil Nadu,2022-12-03,Regular
CUST06546,Customer 06546,Male,43,Coimbatore,Tamil Nadu,2025-09-23,Loyal
CUST06547,Customer 06547,Female,65,Mumbai,Maharashtra,2025-08-16,Loyal
CUST06548,Customer 06548,Male,36,Ahmedabad,Gujarat,2022-08-10,VIP
CUST06549,Customer 06549,Female,36,Pune,Maharashtra,2024-10-08,Regular
CUST06550,Customer 06550,Male,29,Kolkata,West Bengal,2024-01-30,Regular
CUST06551,Customer 06551,Female,20,Ahmedabad,Gujarat,2025-12-03,Loyal
CUST06552,Customer 06552,Female,35,Chennai,Tamil Nadu,2023-11-20,Loyal
CUST06553,Customer 06553,Female,22,Pune,Maharashtra,2022-04-28,Loyal
CUST06554,Customer 06554,Male,65,Kolkata,West Bengal,2022-06-23,Regular
CUST06555,Customer 06555,Female,41,Pune,Maharashtra,2025-05-27,Regular
CUST06556,Customer 06556,Male,31,Delhi,Delhi,2025-10-31,Loyal
CUST06557,Customer 06557,Male,55,Chennai,Tamil Nadu,2022-11-15,Loyal
CUST06558,Customer 06558,Male,20,Madurai,Tamil Nadu,2025-01-16,Loyal
CUST06559,Customer 06559,Female,23,Delhi,Delhi,2025-01-06,New
CUST06560,Customer 06560,Male,29,Kolkata,West Bengal,2023-03-17,Regular
CUST06561,Customer 06561,Female,28,Kolkata,West Bengal,2025-05-09,Regular
CUST06562,Customer 06562,Other,56,Bengaluru,Karnataka,2026-05-19,Loyal
CUST06563,Customer 06563,Male,43,Chennai,Tamil Nadu,2023-02-19,Loyal
CUST06564,Customer 06564,Female,18,Coimbatore,Tamil Nadu,2024-10-24,Regular
CUST06565,Customer 06565,Female,33,Coimbatore,Tamil Nadu,2024-08-07,Regular
CUST06566,Customer 06566,Male,65,Kolkata,West Bengal,2022-03-24,New
CUST06567,Customer 06567,Female,64,Coimbatore,Tamil Nadu,2024-09-15,Regular
CUST06568,Customer 06568,Male,26,Mumbai,Maharashtra,2023-05-08,Regular
CUST06569,Customer 06569,Female,22,Bengaluru,Karnataka,2022-01-06,Loyal
CUST06570,Customer 06570,Male,25,Kolkata,West Bengal,2023-12-06,Loyal
CUST06571,Customer 06571,Male,38,Coimbatore,Tamil Nadu,2022-12-13,Regular
CUST06572,Customer 06572,Female,50,Chennai,Tamil Nadu,2023-06-18,Regular
CUST06573,Customer 06573,Male,56,Ahmedabad,Gujarat,2023-10-19,Regular
CUST06574,Customer 06574,Male,60,Madurai,Tamil Nadu,2024-08-12,Regular
CUST06575,Customer 06575,Male,37,Delhi,Delhi,2023-03-27,VIP
CUST06576,Customer 06576,Male,62,Delhi,Delhi,2025-03-14,Loyal
CUST06577,Customer 06577,Female,39,Mumbai,Maharashtra,2024-10-22,Regular
CUST06578,Customer 06578,Female,30,Pune,Maharashtra,2025-08-04,Regular
CUST06579,Customer 06579,Female,56,Chennai,Tamil Nadu,2024-07-06,New
CUST06580,Customer 06580,Female,28,Pune,Maharashtra,2025-06-02,Regular
CUST06581,Customer 06581,Male,35,Bengaluru,Karnataka,2024-08-11,Regular
CUST06582,Customer 06582,Male,47,Madurai,Tamil Nadu,2025-12-31,New
CUST06583,Customer 06583,Female,50,Bengaluru,Karnataka,2022-08-02,Loyal
CUST06584,Customer 06584,Female,61,Kolkata,West Bengal,2024-06-18,Regular
CUST06585,Customer 06585,Male,20,Chennai,Tamil Nadu,2025-04-04,VIP
CUST06586,Customer 06586,Male,18,Kolkata,West Bengal,2023-01-08,New
CUST06587,Customer 06587,Female,53,Hyderabad,Telangana,2023-10-15,Loyal
CUST06588,Customer 06588,Female,23,Coimbatore,Tamil Nadu,2023-05-22,Loyal
CUST06589,Customer 06589,Female,54,Delhi,Delhi,2024-09-09,New
CUST06590,Customer 06590,Male,46,Ahmedabad,Gujarat,2023-07-30,Regular
CUST06591,Customer 06591,Female,28,Kolkata,West Bengal,2022-11-29,Loyal
CUST06592,Customer 06592,Male,30,Pune,Maharashtra,2022-07-31,Regular
CUST06593,Customer 06593,Male,28,Hyderabad,Telangana,2022-10-16,Regular
CUST06594,Customer 06594,Female,55,Delhi,Delhi,2023-09-02,Loyal
CUST06595,Customer 06595,Male,42,Kolkata,West Bengal,2022-06-15,New
CUST06596,Customer 06596,Male,32,Hyderabad,Telangana,2022-05-06,Regular
CUST06597,Customer 06597,Other,30,Hyderabad,Telangana,2025-03-26,Regular
CUST06598,Customer 06598,Female,59,Chennai,Tamil Nadu,2026-05-16,Regular
CUST06599,Customer 06599,Female,50,Bengaluru,Karnataka,2024-11-21,Regular
CUST06600,Customer 06600,Male,30,Hyderabad,Telangana,2022-10-01,Regular
CUST06601,Customer 06601,Male,55,Mumbai,Maharashtra,2025-08-17,Loyal
CUST06602,Customer 06602,Female,41,Bengaluru,Karnataka,2024-11-10,Regular
CUST06603,Customer 06603,Female,37,Delhi,Delhi,2026-03-28,Regular
CUST06604,Customer 06604,Female,61,Delhi,Delhi,2023-09-07,Regular
CUST06605,Customer 06605,Male,34,Delhi,Delhi,2022-10-03,Loyal
CUST06606,Customer 06606,Male,41,Delhi,Delhi,2024-10-27,Regular
CUST06607,Customer 06607,Other,43,Mumbai,Maharashtra,2024-10-12,VIP
CUST06608,Customer 06608,Female,57,Kolkata,West Bengal,2026-01-18,New
CUST06609,Customer 06609,Male,49,Madurai,Tamil Nadu,2025-02-27,Regular
CUST06610,Customer 06610,Male,46,Hyderabad,Telangana,2025-08-15,New
CUST06611,Customer 06611,Female,31,Delhi,Delhi,2022-04-07,Regular
CUST06612,Customer 06612,Male,54,Bengaluru,Karnataka,2022-10-04,New
CUST06613,Customer 06613,Male,39,Bengaluru,Karnataka,2025-08-01,Loyal
CUST06614,Customer 06614,Male,51,Hyderabad,Telangana,2024-03-10,Loyal
CUST06615,Customer 06615,Female,44,Kolkata,West Bengal,2025-04-11,New
CUST06616,Customer 06616,Male,45,Ahmedabad,Gujarat,2022-11-28,New
CUST06617,Customer 06617,Other,39,Ahmedabad,Gujarat,2022-07-24,Loyal
CUST06618,Customer 06618,Male,60,Madurai,Tamil Nadu,2022-04-13,Regular
CUST06619,Customer 06619,Female,20,Kolkata,West Bengal,2024-09-30,Regular
CUST06620,Customer 06620,Male,39,Hyderabad,Telangana,2024-08-12,New
CUST06621,Customer 06621,Female,65,Ahmedabad,Gujarat,2022-12-26,Regular
CUST06622,Customer 06622,Other,38,Ahmedabad,Gujarat,2025-02-28,New
CUST06623,Customer 06623,Female,33,Ahmedabad,Gujarat,2022-02-08,Regular
CUST06624,Customer 06624,Female,26,Pune,Maharashtra,2022-11-03,Regular
CUST06625,Customer 06625,Female,30,Mumbai,Maharashtra,2024-06-02,Loyal
CUST06626,Customer 06626,Female,27,Hyderabad,Telangana,2023-06-04,Regular
CUST06627,Customer 06627,Female,38,Coimbatore,Tamil Nadu,2024-05-27,Regular
CUST06628,Customer 06628,Other,59,Chennai,Tamil Nadu,2022-02-15,Regular
CUST06629,Customer 06629,Male,57,Chennai,Tamil Nadu,2022-07-13,VIP
CUST06630,Customer 06630,Other,24,Kolkata,West Bengal,2026-03-22,Regular
CUST06631,Customer 06631,Male,63,Hyderabad,Telangana,2026-05-13,New
CUST06632,Customer 06632,Male,39,Hyderabad,Telangana,2025-04-07,Regular
CUST06633,Customer 06633,Male,35,Chennai,Tamil Nadu,2025-02-19,New
CUST06634,Customer 06634,Male,38,Madurai,Tamil Nadu,2022-09-06,New
CUST06635,Customer 06635,Female,31,Chennai,Tamil Nadu,2024-10-09,Regular
CUST06636,Customer 06636,Female,27,Hyderabad,Telangana,2022-07-26,Regular
CUST06637,Customer 06637,Female,50,Ahmedabad,Gujarat,2022-04-25,VIP
CUST06638,Customer 06638,Female,26,Madurai,Tamil Nadu,2022-08-27,New
CUST06639,Customer 06639,Female,35,Delhi,Delhi,2023-07-20,Loyal
CUST06640,Customer 06640,Female,30,Coimbatore,Tamil Nadu,2025-01-04,Regular
CUST06641,Customer 06641,Male,34,Pune,Maharashtra,2025-04-07,New
CUST06642,Customer 06642,Female,40,Mumbai,Maharashtra,2024-12-07,VIP
CUST06643,Customer 06643,Female,42,Delhi,Delhi,2024-01-06,Loyal
CUST06644,Customer 06644,Female,33,Bengaluru,Karnataka,2024-12-29,Regular
CUST06645,Customer 06645,Female,41,Chennai,Tamil Nadu,2023-05-23,Regular
CUST06646,Customer 06646,Female,48,Coimbatore,Tamil Nadu,2022-06-04,VIP
CUST06647,Customer 06647,Male,28,Chennai,Tamil Nadu,2026-05-02,Regular
CUST06648,Customer 06648,Male,40,Chennai,Tamil Nadu,2023-04-06,New
CUST06649,Customer 06649,Female,58,Delhi,Delhi,2025-10-28,New
CUST06650,Customer 06650,Female,56,Ahmedabad,Gujarat,2024-03-01,Regular
CUST06651,Customer 06651,Female,39,Ahmedabad,Gujarat,2025-05-10,Regular
CUST06652,Customer 06652,Male,50,Pune,Maharashtra,2023-10-16,Loyal
CUST06653,Customer 06653,Male,58,Madurai,Tamil Nadu,2022-11-13,New
CUST06654,Customer 06654,Female,59,Chennai,Tamil Nadu,2023-03-27,VIP
CUST06655,Customer 06655,Male,65,Kolkata,West Bengal,2023-07-31,Regular
CUST06656,Customer 06656,Female,35,Ahmedabad,Gujarat,2025-01-24,Regular
CUST06657,Customer 06657,Male,31,Hyderabad,Telangana,2023-05-11,New
CUST06658,Customer 06658,Male,45,Coimbatore,Tamil Nadu,2022-12-28,VIP
CUST06659,Customer 06659,Female,28,Kolkata,West Bengal,2023-04-02,Regular
CUST06660,Customer 06660,Male,41,Delhi,Delhi,2025-04-16,Regular
CUST06661,Customer 06661,Female,53,Delhi,Delhi,2022-05-09,VIP
CUST06662,Customer 06662,Female,36,Pune,Maharashtra,2026-02-22,Loyal
CUST06663,Customer 06663,Male,30,Pune,Maharashtra,2024-11-28,New
CUST06664,Customer 06664,Female,50,Madurai,Tamil Nadu,2026-01-21,VIP
CUST06665,Customer 06665,Female,36,Hyderabad,Telangana,2024-03-22,Loyal
CUST06666,Customer 06666,Male,64,Coimbatore,Tamil Nadu,2024-05-22,New
CUST06667,Customer 06667,Male,49,Hyderabad,Telangana,2022-12-16,New
CUST06668,Customer 06668,Male,32,Bengaluru,Karnataka,2023-10-07,Regular
CUST06669,Customer 06669,Female,28,Pune,Maharashtra,2023-03-28,Regular
CUST06670,Customer 06670,Female,40,Madurai,Tamil Nadu,2025-11-04,Loyal
CUST06671,Customer 06671,Female,22,Mumbai,Maharashtra,2022-04-19,New
CUST06672,Customer 06672,Female,39,Chennai,Tamil Nadu,2025-05-16,Loyal
CUST06673,Customer 06673,Female,59,Chennai,Tamil Nadu,2023-07-31,Loyal
CUST06674,Customer 06674,Female,35,Mumbai,Maharashtra,2022-08-29,Regular
CUST06675,Customer 06675,Female,24,Ahmedabad,Gujarat,2023-08-14,Loyal
CUST06676,Customer 06676,Male,50,Hyderabad,Telangana,2025-01-16,Loyal
CUST06677,Customer 06677,Female,20,Mumbai,Maharashtra,2025-11-23,New
CUST06678,Customer 06678,Female,45,Madurai,Tamil Nadu,2025-07-09,Loyal
CUST06679,Customer 06679,Female,18,Coimbatore,Tamil Nadu,2023-08-01,VIP
CUST06680,Customer 06680,Female,64,Mumbai,Maharashtra,2022-11-21,New
CUST06681,Customer 06681,Male,54,Madurai,Tamil Nadu,2023-01-06,VIP
CUST06682,Customer 06682,Female,39,Pune,Maharashtra,2022-04-15,New
CUST06683,Customer 06683,Male,65,Kolkata,West Bengal,2022-04-08,Regular
CUST06684,Customer 06684,Female,61,Delhi,Delhi,2026-02-19,Loyal
CUST06685,Customer 06685,Male,36,Delhi,Delhi,2022-04-06,Loyal
CUST06686,Customer 06686,Female,31,Bengaluru,Karnataka,2026-02-04,Loyal
CUST06687,Customer 06687,Female,20,Hyderabad,Telangana,2022-02-15,Regular
CUST06688,Customer 06688,Female,36,Coimbatore,Tamil Nadu,2024-06-08,Regular
CUST06689,Customer 06689,Male,50,Kolkata,West Bengal,2022-01-31,Regular
CUST06690,Customer 06690,Other,38,Kolkata,West Bengal,2023-02-12,Regular
CUST06691,Customer 06691,Female,18,Pune,Maharashtra,2025-10-30,Regular
CUST06692,Customer 06692,Female,43,Mumbai,Maharashtra,2025-11-06,Loyal
CUST06693,Customer 06693,Male,27,Hyderabad,Telangana,2023-12-17,Regular
CUST06694,Customer 06694,Female,52,Chennai,Tamil Nadu,2023-10-06,Regular
CUST06695,Customer 06695,Male,30,Kolkata,West Bengal,2023-11-29,New
CUST06696,Customer 06696,Female,23,Madurai,Tamil Nadu,2024-08-30,Regular
CUST06697,Customer 06697,Male,60,Chennai,Tamil Nadu,2023-12-02,New
CUST06698,Customer 06698,Female,23,Bengaluru,Karnataka,2026-02-21,Regular
CUST06699,Customer 06699,Female,52,Mumbai,Maharashtra,2024-05-25,New
CUST06700,Customer 06700,Male,33,Mumbai,Maharashtra,2024-06-24,New
CUST06701,Customer 06701,Female,58,Coimbatore,Tamil Nadu,2024-03-19,Regular
CUST06702,Customer 06702,Female,25,Kolkata,West Bengal,2025-08-25,Regular
CUST06703,Customer 06703,Male,20,Pune,Maharashtra,2023-08-22,Regular
CUST06704,Customer 06704,Female,22,Ahmedabad,Gujarat,2024-08-24,New
CUST06705,Customer 06705,Male,38,Ahmedabad,Gujarat,2023-09-25,VIP
CUST06706,Customer 06706,Male,48,Delhi,Delhi,2022-05-15,New
CUST06707,Customer 06707,Male,31,Madurai,Tamil Nadu,2022-11-24,Loyal
CUST06708,Customer 06708,Female,54,Chennai,Tamil Nadu,2022-07-18,Loyal
CUST06709,Customer 06709,Male,36,Bengaluru,Karnataka,2023-11-14,New
CUST06710,Customer 06710,Female,54,Delhi,Delhi,2025-07-07,Regular
CUST06711,Customer 06711,Female,37,Mumbai,Maharashtra,2022-05-04,VIP
CUST06712,Customer 06712,Male,19,Chennai,Tamil Nadu,2024-01-24,Regular
CUST06713,Customer 06713,Female,24,Hyderabad,Telangana,2023-01-17,New
CUST06714,Customer 06714,Male,50,Kolkata,West Bengal,2026-03-11,Regular
CUST06715,Customer 06715,Female,59,Bengaluru,Karnataka,2023-07-25,Regular
CUST06716,Customer 06716,Male,23,Hyderabad,Telangana,2025-02-06,Loyal
CUST06717,Customer 06717,Male,24,Pune,Maharashtra,2024-11-30,Loyal
CUST06718,Customer 06718,Female,61,Kolkata,West Bengal,2026-01-08,New
CUST06719,Customer 06719,Female,35,Chennai,Tamil Nadu,2024-03-08,Regular
CUST06720,Customer 06720,Male,60,Kolkata,West Bengal,2024-06-09,Regular
CUST06721,Customer 06721,Female,46,Delhi,Delhi,2025-03-15,VIP
CUST06722,Customer 06722,Male,36,Coimbatore,Tamil Nadu,2026-05-07,Regular
CUST06723,Customer 06723,Female,42,Delhi,Delhi,2022-06-25,Loyal
CUST06724,Customer 06724,Female,21,Pune,Maharashtra,2025-07-26,Regular
CUST06725,Customer 06725,Male,30,Madurai,Tamil Nadu,2023-01-15,Loyal
CUST06726,Customer 06726,Male,49,Hyderabad,Telangana,2022-06-14,Regular
CUST06727,Customer 06727,Male,44,Delhi,Delhi,2026-02-18,Loyal
CUST06728,Customer 06728,Male,51,Coimbatore,Tamil Nadu,2024-02-03,Regular
CUST06729,Customer 06729,Male,45,Madurai,Tamil Nadu,2023-09-07,Loyal
CUST06730,Customer 06730,Female,26,Delhi,Delhi,2026-05-08,Regular
CUST06731,Customer 06731,Other,25,Mumbai,Maharashtra,2025-10-16,Regular
CUST06732,Customer 06732,Male,38,Coimbatore,Tamil Nadu,2022-06-22,Regular
CUST06733,Customer 06733,Female,63,Hyderabad,Telangana,2024-02-02,New
CUST06734,Customer 06734,Female,47,Bengaluru,Karnataka,2025-04-15,Regular
CUST06735,Customer 06735,Female,46,Ahmedabad,Gujarat,2024-12-08,Regular
CUST06736,Customer 06736,Female,26,Madurai,Tamil Nadu,2025-02-08,New
CUST06737,Customer 06737,Female,30,Mumbai,Maharashtra,2025-05-18,New
CUST06738,Customer 06738,Male,35,Bengaluru,Karnataka,2023-09-11,Regular
CUST06739,Customer 06739,Male,55,Chennai,Tamil Nadu,2023-10-27,Regular
CUST06740,Customer 06740,Male,39,Coimbatore,Tamil Nadu,2024-05-08,Regular
CUST06741,Customer 06741,Male,48,Mumbai,Maharashtra,2025-03-24,Regular
CUST06742,Customer 06742,Male,52,Kolkata,West Bengal,2025-07-20,New
CUST06743,Customer 06743,Female,59,Chennai,Tamil Nadu,2023-07-10,New
CUST06744,Customer 06744,Male,59,Chennai,Tamil Nadu,2023-09-29,Loyal
CUST06745,Customer 06745,Female,27,Madurai,Tamil Nadu,2026-01-18,New
CUST06746,Customer 06746,Male,26,Coimbatore,Tamil Nadu,2025-09-01,Regular
CUST06747,Customer 06747,Female,48,Mumbai,Maharashtra,2022-08-03,Regular
CUST06748,Customer 06748,Female,61,Pune,Maharashtra,2025-09-15,VIP
CUST06749,Customer 06749,Male,57,Mumbai,Maharashtra,2022-05-24,New
CUST06750,Customer 06750,Male,41,Delhi,Delhi,2023-09-11,Loyal
CUST06751,Customer 06751,Female,58,Chennai,Tamil Nadu,2024-10-04,Regular
CUST06752,Customer 06752,Male,25,Hyderabad,Telangana,2022-12-20,New
CUST06753,Customer 06753,Male,37,Chennai,Tamil Nadu,2022-10-08,Regular
CUST06754,Customer 06754,Male,34,Chennai,Tamil Nadu,2025-09-07,Regular
CUST06755,Customer 06755,Female,45,Ahmedabad,Gujarat,2025-08-22,Regular
CUST06756,Customer 06756,Female,23,Kolkata,West Bengal,2024-04-16,Regular
CUST06757,Customer 06757,Female,59,Pune,Maharashtra,2026-02-11,Loyal
CUST06758,Customer 06758,Female,50,Bengaluru,Karnataka,2023-01-25,Regular
CUST06759,Customer 06759,Female,45,Bengaluru,Karnataka,2024-12-23,Regular
CUST06760,Customer 06760,Female,18,Kolkata,West Bengal,2022-09-22,Loyal
CUST06761,Customer 06761,Other,58,Chennai,Tamil Nadu,2022-01-06,Loyal
CUST06762,Customer 06762,Male,52,Bengaluru,Karnataka,2024-07-01,New
CUST06763,Customer 06763,Male,41,Coimbatore,Tamil Nadu,2022-06-17,Loyal
CUST06764,Customer 06764,Female,23,Pune,Maharashtra,2022-12-21,Regular
CUST06765,Customer 06765,Female,24,Bengaluru,Karnataka,2022-06-22,New
CUST06766,Customer 06766,Male,26,Kolkata,West Bengal,2024-04-29,Regular
CUST06767,Customer 06767,Male,54,Delhi,Delhi,2022-04-29,New
CUST06768,Customer 06768,Female,33,Bengaluru,Karnataka,2025-06-03,Regular
CUST06769,Customer 06769,Female,51,Pune,Maharashtra,2022-06-23,Regular
CUST06770,Customer 06770,Male,52,Madurai,Tamil Nadu,2024-08-16,Regular
CUST06771,Customer 06771,Female,52,Madurai,Tamil Nadu,2022-05-09,Regular
CUST06772,Customer 06772,Female,37,Coimbatore,Tamil Nadu,2022-07-06,Loyal
CUST06773,Customer 06773,Female,40,Mumbai,Maharashtra,2024-12-22,Regular
CUST06774,Customer 06774,Male,59,Mumbai,Maharashtra,2024-06-11,Regular
CUST06775,Customer 06775,Male,52,Bengaluru,Karnataka,2025-07-21,Loyal
CUST06776,Customer 06776,Male,64,Hyderabad,Telangana,2023-08-21,Loyal
CUST06777,Customer 06777,Male,63,Delhi,Delhi,2022-07-29,Loyal
CUST06778,Customer 06778,Female,40,Kolkata,West Bengal,2024-10-05,New
CUST06779,Customer 06779,Male,21,Delhi,Delhi,2025-05-01,Regular
CUST06780,Customer 06780,Other,27,Madurai,Tamil Nadu,2024-01-20,Regular
CUST06781,Customer 06781,Male,60,Bengaluru,Karnataka,2023-06-16,Regular
CUST06782,Customer 06782,Male,28,Pune,Maharashtra,2024-08-09,New
CUST06783,Customer 06783,Female,57,Kolkata,West Bengal,2025-04-20,Regular
CUST06784,Customer 06784,Female,26,Delhi,Delhi,2023-07-14,VIP
CUST06785,Customer 06785,Male,57,Pune,Maharashtra,2022-08-16,Regular
CUST06786,Customer 06786,Female,29,Kolkata,West Bengal,2023-07-20,Regular
CUST06787,Customer 06787,Female,34,Delhi,Delhi,2023-09-06,New
CUST06788,Customer 06788,Female,49,Coimbatore,Tamil Nadu,2022-03-30,Loyal
CUST06789,Customer 06789,Female,40,Madurai,Tamil Nadu,2025-03-13,Regular
CUST06790,Customer 06790,Male,32,Chennai,Tamil Nadu,2024-03-25,New
CUST06791,Customer 06791,Female,45,Kolkata,West Bengal,2022-09-07,VIP
CUST06792,Customer 06792,Female,55,Madurai,Tamil Nadu,2022-08-13,Loyal
CUST06793,Customer 06793,Male,22,Ahmedabad,Gujarat,2024-06-21,Loyal
CUST06794,Customer 06794,Male,57,Hyderabad,Telangana,2024-08-28,VIP
CUST06795,Customer 06795,Female,35,Bengaluru,Karnataka,2023-11-04,Regular
CUST06796,Customer 06796,Male,38,Ahmedabad,Gujarat,2022-06-17,Loyal
CUST06797,Customer 06797,Male,32,Pune,Maharashtra,2022-04-20,New
CUST06798,Customer 06798,Other,20,Kolkata,West Bengal,2025-04-11,Regular
CUST06799,Customer 06799,Male,63,Bengaluru,Karnataka,2026-03-15,New
CUST06800,Customer 06800,Male,43,Bengaluru,Karnataka,2022-10-24,New
CUST06801,Customer 06801,Female,32,Ahmedabad,Gujarat,2022-08-31,Regular
CUST06802,Customer 06802,Female,62,Ahmedabad,Gujarat,2022-07-28,New
CUST06803,Customer 06803,Male,37,Chennai,Tamil Nadu,2025-06-20,Regular
CUST06804,Customer 06804,Female,38,Delhi,Delhi,2025-07-01,Regular
CUST06805,Customer 06805,Female,43,Kolkata,West Bengal,2025-01-10,Regular
CUST06806,Customer 06806,Female,58,Madurai,Tamil Nadu,2025-12-28,New
CUST06807,Customer 06807,Male,40,Mumbai,Maharashtra,2026-02-07,New
CUST06808,Customer 06808,Male,42,Kolkata,West Bengal,2026-04-16,Regular
CUST06809,Customer 06809,Male,21,Kolkata,West Bengal,2024-10-24,Regular
CUST06810,Customer 06810,Female,27,Kolkata,West Bengal,2025-05-02,New
CUST06811,Customer 06811,Female,39,Bengaluru,Karnataka,2024-12-15,Regular
CUST06812,Customer 06812,Female,20,Pune,Maharashtra,2022-09-18,Loyal
CUST06813,Customer 06813,Female,36,Bengaluru,Karnataka,2026-05-09,New
CUST06814,Customer 06814,Female,48,Pune,Maharashtra,2023-01-15,Regular
CUST06815,Customer 06815,Male,26,Ahmedabad,Gujarat,2026-02-19,Regular
CUST06816,Customer 06816,Female,46,Mumbai,Maharashtra,2022-04-06,Loyal
CUST06817,Customer 06817,Female,54,Bengaluru,Karnataka,2025-09-21,New
CUST06818,Customer 06818,Female,63,Pune,Maharashtra,2024-02-08,Regular
CUST06819,Customer 06819,Male,24,Bengaluru,Karnataka,2025-09-14,Loyal
CUST06820,Customer 06820,Female,55,Hyderabad,Telangana,2026-02-28,Regular
CUST06821,Customer 06821,Male,41,Bengaluru,Karnataka,2024-04-08,Regular
CUST06822,Customer 06822,Male,25,Mumbai,Maharashtra,2026-03-23,New
CUST06823,Customer 06823,Female,51,Mumbai,Maharashtra,2024-07-14,VIP
CUST06824,Customer 06824,Female,43,Pune,Maharashtra,2025-02-22,Loyal
CUST06825,Customer 06825,Male,45,Pune,Maharashtra,2023-09-12,Regular
CUST06826,Customer 06826,Female,45,Ahmedabad,Gujarat,2022-09-17,New
CUST06827,Customer 06827,Male,63,Mumbai,Maharashtra,2024-04-10,New
CUST06828,Customer 06828,Male,24,Mumbai,Maharashtra,2023-07-04,Regular
CUST06829,Customer 06829,Male,20,Chennai,Tamil Nadu,2023-12-01,Regular
CUST06830,Customer 06830,Female,39,Kolkata,West Bengal,2023-12-10,Regular
CUST06831,Customer 06831,Other,55,Coimbatore,Tamil Nadu,2024-10-28,Regular
CUST06832,Customer 06832,Female,63,Bengaluru,Karnataka,2023-07-17,Loyal
CUST06833,Customer 06833,Female,61,Delhi,Delhi,2023-01-08,Regular
CUST06834,Customer 06834,Male,35,Ahmedabad,Gujarat,2022-08-10,Regular
CUST06835,Customer 06835,Male,29,Kolkata,West Bengal,2023-06-15,Loyal
CUST06836,Customer 06836,Female,48,Coimbatore,Tamil Nadu,2022-12-16,Regular
CUST06837,Customer 06837,Male,56,Chennai,Tamil Nadu,2022-01-31,Loyal
CUST06838,Customer 06838,Female,22,Delhi,Delhi,2025-10-13,New
CUST06839,Customer 06839,Female,61,Pune,Maharashtra,2022-01-22,Loyal
CUST06840,Customer 06840,Other,58,Mumbai,Maharashtra,2025-08-05,VIP
CUST06841,Customer 06841,Male,46,Hyderabad,Telangana,2024-01-24,Regular
CUST06842,Customer 06842,Female,60,Ahmedabad,Gujarat,2022-08-02,Regular
CUST06843,Customer 06843,Female,53,Madurai,Tamil Nadu,2023-12-13,New
CUST06844,Customer 06844,Male,31,Mumbai,Maharashtra,2025-04-03,Regular
CUST06845,Customer 06845,Female,61,Hyderabad,Telangana,2022-05-20,Regular
CUST06846,Customer 06846,Male,35,Coimbatore,Tamil Nadu,2025-10-25,New
CUST06847,Customer 06847,Male,24,Pune,Maharashtra,2024-08-22,Loyal
CUST06848,Customer 06848,Male,40,Delhi,Delhi,2025-09-05,Loyal
CUST06849,Customer 06849,Male,50,Coimbatore,Tamil Nadu,2023-02-13,Loyal
CUST06850,Customer 06850,Female,62,Mumbai,Maharashtra,2023-03-14,Regular
CUST06851,Customer 06851,Male,33,Mumbai,Maharashtra,2024-03-07,Regular
CUST06852,Customer 06852,Male,54,Delhi,Delhi,2022-01-13,Loyal
CUST06853,Customer 06853,Male,42,Madurai,Tamil Nadu,2023-05-16,Regular
CUST06854,Customer 06854,Male,26,Hyderabad,Telangana,2024-11-15,Regular
CUST06855,Customer 06855,Male,45,Coimbatore,Tamil Nadu,2023-06-18,Regular
CUST06856,Customer 06856,Male,26,Pune,Maharashtra,2024-05-10,Regular
CUST06857,Customer 06857,Female,29,Mumbai,Maharashtra,2022-03-17,New
CUST06858,Customer 06858,Female,35,Coimbatore,Tamil Nadu,2023-01-01,New
CUST06859,Customer 06859,Female,44,Madurai,Tamil Nadu,2026-02-23,Regular
CUST06860,Customer 06860,Female,43,Coimbatore,Tamil Nadu,2025-01-20,Regular
CUST06861,Customer 06861,Male,43,Delhi,Delhi,2024-04-20,Loyal
CUST06862,Customer 06862,Female,27,Pune,Maharashtra,2024-06-05,Regular
CUST06863,Customer 06863,Female,34,Chennai,Tamil Nadu,2025-07-13,Regular
CUST06864,Customer 06864,Male,49,Delhi,Delhi,2026-05-03,Regular
CUST06865,Customer 06865,Female,41,Coimbatore,Tamil Nadu,2023-05-14,New
CUST06866,Customer 06866,Male,60,Chennai,Tamil Nadu,2025-04-08,New
CUST06867,Customer 06867,Male,65,Mumbai,Maharashtra,2025-10-01,New
CUST06868,Customer 06868,Female,25,Chennai,Tamil Nadu,2025-06-05,Regular
CUST06869,Customer 06869,Male,47,Madurai,Tamil Nadu,2023-11-30,New
CUST06870,Customer 06870,Male,43,Bengaluru,Karnataka,2023-11-11,New
CUST06871,Customer 06871,Male,41,Madurai,Tamil Nadu,2022-07-22,Loyal
CUST06872,Customer 06872,Male,44,Delhi,Delhi,2023-03-22,New
CUST06873,Customer 06873,Male,32,Bengaluru,Karnataka,2023-06-02,New
CUST06874,Customer 06874,Female,45,Delhi,Delhi,2022-05-12,VIP
CUST06875,Customer 06875,Female,28,Ahmedabad,Gujarat,2025-06-22,Regular
CUST06876,Customer 06876,Female,56,Pune,Maharashtra,2022-04-01,New
CUST06877,Customer 06877,Male,19,Kolkata,West Bengal,2025-02-23,New
CUST06878,Customer 06878,Other,26,Mumbai,Maharashtra,2023-04-17,Regular
CUST06879,Customer 06879,Female,62,Mumbai,Maharashtra,2025-06-19,Regular
CUST06880,Customer 06880,Male,40,Ahmedabad,Gujarat,2023-05-17,New
CUST06881,Customer 06881,Female,50,Coimbatore,Tamil Nadu,2024-01-31,New
CUST06882,Customer 06882,Female,36,Hyderabad,Telangana,2023-01-22,Loyal
CUST06883,Customer 06883,Female,30,Delhi,Delhi,2024-10-27,Regular
CUST06884,Customer 06884,Male,31,Kolkata,West Bengal,2025-01-16,Regular
CUST06885,Customer 06885,Male,49,Kolkata,West Bengal,2023-08-21,Regular
CUST06886,Customer 06886,Female,39,Madurai,Tamil Nadu,2024-06-26,New
CUST06887,Customer 06887,Female,37,Madurai,Tamil Nadu,2024-05-16,Regular
CUST06888,Customer 06888,Female,50,Hyderabad,Telangana,2025-03-14,Loyal
CUST06889,Customer 06889,Female,22,Coimbatore,Tamil Nadu,2026-01-14,New
CUST06890,Customer 06890,Female,37,Ahmedabad,Gujarat,2025-09-16,VIP
CUST06891,Customer 06891,Male,31,Chennai,Tamil Nadu,2025-04-02,New
CUST06892,Customer 06892,Female,44,Madurai,Tamil Nadu,2023-10-19,Regular
CUST06893,Customer 06893,Male,43,Coimbatore,Tamil Nadu,2022-12-08,New
CUST06894,Customer 06894,Female,49,Pune,Maharashtra,2024-10-21,Regular
CUST06895,Customer 06895,Female,47,Mumbai,Maharashtra,2025-02-17,Regular
CUST06896,Customer 06896,Male,44,Mumbai,Maharashtra,2023-04-09,Regular
CUST06897,Customer 06897,Female,43,Coimbatore,Tamil Nadu,2023-04-07,Regular
CUST06898,Customer 06898,Male,35,Hyderabad,Telangana,2024-12-08,Regular
CUST06899,Customer 06899,Male,62,Ahmedabad,Gujarat,2024-03-29,Loyal
CUST06900,Customer 06900,Male,40,Kolkata,West Bengal,2025-09-12,New
CUST06901,Customer 06901,Male,61,Hyderabad,Telangana,2023-04-19,Regular
CUST06902,Customer 06902,Male,64,Coimbatore,Tamil Nadu,2024-06-06,New
CUST06903,Customer 06903,Male,41,Ahmedabad,Gujarat,2024-07-27,Regular
CUST06904,Customer 06904,Female,21,Ahmedabad,Gujarat,2023-01-03,Loyal
CUST06905,Customer 06905,Female,58,Delhi,Delhi,2025-08-03,New
CUST06906,Customer 06906,Female,20,Bengaluru,Karnataka,2024-11-13,VIP
CUST06907,Customer 06907,Male,60,Mumbai,Maharashtra,2023-12-24,Loyal
CUST06908,Customer 06908,Female,47,Coimbatore,Tamil Nadu,2022-10-20,Regular
CUST06909,Customer 06909,Female,64,Kolkata,West Bengal,2026-01-12,New
CUST06910,Customer 06910,Male,33,Bengaluru,Karnataka,2024-12-22,Loyal
CUST06911,Customer 06911,Female,24,Pune,Maharashtra,2023-07-22,Loyal
CUST06912,Customer 06912,Male,56,Madurai,Tamil Nadu,2026-01-21,New
CUST06913,Customer 06913,Female,39,Delhi,Delhi,2026-04-03,Loyal
CUST06914,Customer 06914,Male,58,Madurai,Tamil Nadu,2024-05-23,Loyal
CUST06915,Customer 06915,Male,48,Bengaluru,Karnataka,2024-08-18,Regular
CUST06916,Customer 06916,Female,30,Bengaluru,Karnataka,2025-12-07,Loyal
CUST06917,Customer 06917,Male,58,Madurai,Tamil Nadu,2023-08-12,Regular
CUST06918,Customer 06918,Male,58,Kolkata,West Bengal,2022-09-17,Regular
CUST06919,Customer 06919,Female,46,Kolkata,West Bengal,2024-06-26,Regular
CUST06920,Customer 06920,Female,45,Chennai,Tamil Nadu,2022-07-03,New
CUST06921,Customer 06921,Female,61,Pune,Maharashtra,2024-12-07,Loyal
CUST06922,Customer 06922,Male,36,Kolkata,West Bengal,2022-05-27,New
CUST06923,Customer 06923,Male,40,Pune,Maharashtra,2023-08-15,Regular
CUST06924,Customer 06924,Female,64,Pune,Maharashtra,2025-12-03,Loyal
CUST06925,Customer 06925,Male,25,Bengaluru,Karnataka,2024-10-14,New
CUST06926,Customer 06926,Male,42,Pune,Maharashtra,2023-03-16,Regular
CUST06927,Customer 06927,Female,55,Delhi,Delhi,2026-01-21,Regular
CUST06928,Customer 06928,Male,55,Madurai,Tamil Nadu,2022-08-17,New
CUST06929,Customer 06929,Male,52,Chennai,Tamil Nadu,2025-07-31,Loyal
CUST06930,Customer 06930,Male,43,Coimbatore,Tamil Nadu,2026-05-16,Regular
CUST06931,Customer 06931,Male,20,Hyderabad,Telangana,2024-01-02,Regular
CUST06932,Customer 06932,Male,19,Chennai,Tamil Nadu,2025-09-30,New
CUST06933,Customer 06933,Male,22,Delhi,Delhi,2024-08-04,New
CUST06934,Customer 06934,Male,37,Chennai,Tamil Nadu,2025-07-11,New
CUST06935,Customer 06935,Female,29,Pune,Maharashtra,2024-01-10,New
CUST06936,Customer 06936,Female,55,Bengaluru,Karnataka,2023-01-13,Regular
CUST06937,Customer 06937,Male,33,Hyderabad,Telangana,2025-01-31,Regular
CUST06938,Customer 06938,Female,54,Kolkata,West Bengal,2024-08-11,New
CUST06939,Customer 06939,Male,55,Bengaluru,Karnataka,2023-08-23,New
CUST06940,Customer 06940,Male,53,Pune,Maharashtra,2022-01-23,Regular
CUST06941,Customer 06941,Male,63,Pune,Maharashtra,2022-10-20,Loyal
CUST06942,Customer 06942,Female,46,Hyderabad,Telangana,2025-07-14,Regular
CUST06943,Customer 06943,Female,52,Hyderabad,Telangana,2026-04-02,New
CUST06944,Customer 06944,Female,54,Mumbai,Maharashtra,2023-04-21,Loyal
CUST06945,Customer 06945,Male,38,Ahmedabad,Gujarat,2024-08-09,Loyal
CUST06946,Customer 06946,Male,38,Ahmedabad,Gujarat,2023-03-27,Regular
CUST06947,Customer 06947,Female,45,Bengaluru,Karnataka,2024-06-16,Regular
CUST06948,Customer 06948,Male,23,Kolkata,West Bengal,2022-10-12,Regular
CUST06949,Customer 06949,Female,37,Chennai,Tamil Nadu,2025-08-29,VIP
CUST06950,Customer 06950,Female,53,Pune,Maharashtra,2025-03-31,Regular
CUST06951,Customer 06951,Female,30,Pune,Maharashtra,2023-08-13,VIP
CUST06952,Customer 06952,Female,57,Mumbai,Maharashtra,2022-05-02,New
CUST06953,Customer 06953,Female,28,Bengaluru,Karnataka,2026-02-13,Regular
CUST06954,Customer 06954,Female,41,Bengaluru,Karnataka,2025-02-09,Loyal
CUST06955,Customer 06955,Female,36,Madurai,Tamil Nadu,2025-06-16,Loyal
CUST06956,Customer 06956,Male,40,Hyderabad,Telangana,2025-05-18,Loyal
CUST06957,Customer 06957,Female,48,Kolkata,West Bengal,2025-10-04,Loyal
CUST06958,Customer 06958,Male,54,Hyderabad,Telangana,2023-05-26,Loyal
CUST06959,Customer 06959,Male,54,Kolkata,West Bengal,2022-01-02,Regular
CUST06960,Customer 06960,Male,20,Delhi,Delhi,2024-06-10,Regular
CUST06961,Customer 06961,Male,51,Coimbatore,Tamil Nadu,2024-03-09,Regular
CUST06962,Customer 06962,Female,46,Ahmedabad,Gujarat,2023-09-21,Regular
CUST06963,Customer 06963,Female,20,Ahmedabad,Gujarat,2023-04-06,Regular
CUST06964,Customer 06964,Male,32,Kolkata,West Bengal,2024-08-09,Regular
CUST06965,Customer 06965,Male,24,Ahmedabad,Gujarat,2026-02-14,New
CUST06966,Customer 06966,Female,20,Hyderabad,Telangana,2024-08-29,New
CUST06967,Customer 06967,Female,64,Pune,Maharashtra,2025-06-18,Loyal
CUST06968,Customer 06968,Female,60,Hyderabad,Telangana,2024-09-08,New
CUST06969,Customer 06969,Male,33,Kolkata,West Bengal,2024-03-24,New
CUST06970,Customer 06970,Female,62,Bengaluru,Karnataka,2022-02-23,Regular
CUST06971,Customer 06971,Female,51,Hyderabad,Telangana,2026-01-30,Regular
CUST06972,Customer 06972,Male,37,Ahmedabad,Gujarat,2022-04-19,Regular
CUST06973,Customer 06973,Male,61,Mumbai,Maharashtra,2022-10-07,New
CUST06974,Customer 06974,Male,56,Madurai,Tamil Nadu,2024-12-16,New
CUST06975,Customer 06975,Male,50,Pune,Maharashtra,2024-04-19,Loyal
CUST06976,Customer 06976,Other,31,Ahmedabad,Gujarat,2024-04-16,Loyal
CUST06977,Customer 06977,Male,59,Mumbai,Maharashtra,2025-05-22,New
CUST06978,Customer 06978,Male,52,Kolkata,West Bengal,2026-03-12,Regular
CUST06979,Customer 06979,Male,28,Delhi,Delhi,2024-11-17,Regular
CUST06980,Customer 06980,Male,37,Mumbai,Maharashtra,2022-07-23,Loyal
CUST06981,Customer 06981,Female,47,Coimbatore,Tamil Nadu,2023-06-29,Regular
CUST06982,Customer 06982,Male,45,Delhi,Delhi,2022-11-05,Regular
CUST06983,Customer 06983,Female,32,Chennai,Tamil Nadu,2023-06-12,Regular
CUST06984,Customer 06984,Male,55,Pune,Maharashtra,2025-09-28,Regular
CUST06985,Customer 06985,Female,30,Ahmedabad,Gujarat,2024-10-05,New
CUST06986,Customer 06986,Female,64,Chennai,Tamil Nadu,2025-05-26,Regular
CUST06987,Customer 06987,Female,52,Hyderabad,Telangana,2023-09-09,Loyal
CUST06988,Customer 06988,Female,64,Kolkata,West Bengal,2025-01-15,Regular
CUST06989,Customer 06989,Female,41,Pune,Maharashtra,2022-01-31,Regular
CUST06990,Customer 06990,Male,18,Bengaluru,Karnataka,2022-04-10,Loyal
CUST06991,Customer 06991,Female,59,Delhi,Delhi,2023-10-29,Loyal
CUST06992,Customer 06992,Female,41,Bengaluru,Karnataka,2024-03-14,Regular
CUST06993,Customer 06993,Female,44,Chennai,Tamil Nadu,2025-08-31,Regular
CUST06994,Customer 06994,Male,35,Mumbai,Maharashtra,2023-05-10,Regular
CUST06995,Customer 06995,Male,43,Mumbai,Maharashtra,2023-04-16,New
CUST06996,Customer 06996,Female,46,Kolkata,West Bengal,2024-01-12,Regular
CUST06997,Customer 06997,Male,25,Chennai,Tamil Nadu,2026-03-19,Loyal
CUST06998,Customer 06998,Male,61,Madurai,Tamil Nadu,2024-01-04,Regular
CUST06999,Customer 06999,Male,43,Pune,Maharashtra,2024-09-24,New
CUST07000,Customer 07000,Female,22,Delhi,Delhi,2022-11-27,New
CUST07001,Customer 07001,Other,50,Mumbai,Maharashtra,2025-05-02,Regular
CUST07002,Customer 07002,Female,57,Mumbai,Maharashtra,2025-04-29,Regular
CUST07003,Customer 07003,Male,22,Bengaluru,Karnataka,2022-09-09,Regular
CUST07004,Customer 07004,Male,64,Bengaluru,Karnataka,2024-10-21,Regular
CUST07005,Customer 07005,Male,53,Ahmedabad,Gujarat,2026-01-22,New
CUST07006,Customer 07006,Female,30,Hyderabad,Telangana,2025-01-18,Regular
CUST07007,Customer 07007,Female,34,Madurai,Tamil Nadu,2023-06-02,Regular
CUST07008,Customer 07008,Male,30,Bengaluru,Karnataka,2026-02-15,Regular
CUST07009,Customer 07009,Female,42,Bengaluru,Karnataka,2025-02-13,Regular
CUST07010,Customer 07010,Female,19,Pune,Maharashtra,2022-03-14,New
CUST07011,Customer 07011,Male,41,Ahmedabad,Gujarat,2022-06-05,Loyal
CUST07012,Customer 07012,Male,53,Bengaluru,Karnataka,2023-12-24,Loyal
CUST07013,Customer 07013,Other,42,Delhi,Delhi,2022-03-10,Loyal
CUST07014,Customer 07014,Male,51,Pune,Maharashtra,2023-04-16,New
CUST07015,Customer 07015,Female,29,Hyderabad,Telangana,2023-05-07,New
CUST07016,Customer 07016,Male,36,Chennai,Tamil Nadu,2022-10-27,Regular
CUST07017,Customer 07017,Female,59,Pune,Maharashtra,2025-03-13,Loyal
CUST07018,Customer 07018,Female,47,Chennai,Tamil Nadu,2025-05-14,Loyal
CUST07019,Customer 07019,Female,54,Mumbai,Maharashtra,2024-07-06,Loyal
CUST07020,Customer 07020,Female,60,Ahmedabad,Gujarat,2023-12-14,New
CUST07021,Customer 07021,Female,18,Hyderabad,Telangana,2024-01-21,Loyal
CUST07022,Customer 07022,Female,20,Ahmedabad,Gujarat,2023-02-11,Loyal
CUST07023,Customer 07023,Male,43,Hyderabad,Telangana,2024-07-27,New
CUST07024,Customer 07024,Male,32,Ahmedabad,Gujarat,2023-08-03,Regular
CUST07025,Customer 07025,Female,63,Pune,Maharashtra,2025-08-13,Regular
CUST07026,Customer 07026,Female,64,Ahmedabad,Gujarat,2023-08-05,New
CUST07027,Customer 07027,Male,65,Coimbatore,Tamil Nadu,2024-03-09,Regular
CUST07028,Customer 07028,Male,45,Hyderabad,Telangana,2023-06-13,Loyal
CUST07029,Customer 07029,Female,21,Chennai,Tamil Nadu,2022-05-17,Loyal
CUST07030,Customer 07030,Male,36,Hyderabad,Telangana,2022-08-07,VIP
CUST07031,Customer 07031,Female,41,Mumbai,Maharashtra,2023-06-02,Regular
CUST07032,Customer 07032,Female,57,Delhi,Delhi,2026-01-11,Regular
CUST07033,Customer 07033,Female,23,Coimbatore,Tamil Nadu,2022-05-12,Regular
CUST07034,Customer 07034,Male,33,Kolkata,West Bengal,2025-10-18,Regular
CUST07035,Customer 07035,Male,49,Hyderabad,Telangana,2025-09-29,New
CUST07036,Customer 07036,Male,47,Bengaluru,Karnataka,2024-11-07,Loyal
CUST07037,Customer 07037,Male,52,Pune,Maharashtra,2025-12-10,Regular
CUST07038,Customer 07038,Female,25,Pune,Maharashtra,2023-07-14,New
CUST07039,Customer 07039,Female,22,Ahmedabad,Gujarat,2026-04-14,New
CUST07040,Customer 07040,Male,54,Ahmedabad,Gujarat,2024-07-16,VIP
CUST07041,Customer 07041,Male,29,Pune,Maharashtra,2025-03-22,Regular
CUST07042,Customer 07042,Male,42,Madurai,Tamil Nadu,2022-11-28,Regular
CUST07043,Customer 07043,Other,50,Coimbatore,Tamil Nadu,2022-11-15,VIP
CUST07044,Customer 07044,Male,56,Coimbatore,Tamil Nadu,2025-05-07,Regular
CUST07045,Customer 07045,Female,41,Chennai,Tamil Nadu,2026-03-30,New
CUST07046,Customer 07046,Female,28,Hyderabad,Telangana,2024-09-06,Regular
CUST07047,Customer 07047,Female,59,Kolkata,West Bengal,2024-10-30,New
CUST07048,Customer 07048,Female,52,Pune,Maharashtra,2025-03-08,New
CUST07049,Customer 07049,Male,57,Hyderabad,Telangana,2022-06-16,Loyal
CUST07050,Customer 07050,Female,18,Coimbatore,Tamil Nadu,2022-05-27,Regular
CUST07051,Customer 07051,Male,25,Mumbai,Maharashtra,2025-11-27,Regular
CUST07052,Customer 07052,Female,40,Pune,Maharashtra,2024-07-27,Regular
CUST07053,Customer 07053,Male,37,Hyderabad,Telangana,2023-03-21,New
CUST07054,Customer 07054,Female,49,Coimbatore,Tamil Nadu,2022-03-11,Regular
CUST07055,Customer 07055,Male,28,Delhi,Delhi,2025-09-13,New
CUST07056,Customer 07056,Female,24,Coimbatore,Tamil Nadu,2024-04-12,Regular
CUST07057,Customer 07057,Male,47,Ahmedabad,Gujarat,2024-07-07,Regular
CUST07058,Customer 07058,Female,65,Bengaluru,Karnataka,2023-09-08,New
CUST07059,Customer 07059,Female,56,Madurai,Tamil Nadu,2025-06-06,Regular
CUST07060,Customer 07060,Male,30,Madurai,Tamil Nadu,2022-11-15,New
CUST07061,Customer 07061,Female,59,Ahmedabad,Gujarat,2022-02-05,Regular
CUST07062,Customer 07062,Female,20,Ahmedabad,Gujarat,2022-09-12,Loyal
CUST07063,Customer 07063,Male,24,Pune,Maharashtra,2025-08-29,Regular
CUST07064,Customer 07064,Female,60,Delhi,Delhi,2024-08-19,Loyal
CUST07065,Customer 07065,Female,30,Delhi,Delhi,2022-12-01,Regular
CUST07066,Customer 07066,Female,54,Pune,Maharashtra,2024-11-09,VIP
CUST07067,Customer 07067,Male,42,Hyderabad,Telangana,2022-10-25,Regular
CUST07068,Customer 07068,Male,40,Pune,Maharashtra,2024-11-10,VIP
CUST07069,Customer 07069,Female,64,Kolkata,West Bengal,2023-04-23,Regular
CUST07070,Customer 07070,Male,50,Kolkata,West Bengal,2023-04-17,Loyal
CUST07071,Customer 07071,Female,22,Madurai,Tamil Nadu,2024-08-19,Loyal
CUST07072,Customer 07072,Male,49,Coimbatore,Tamil Nadu,2023-04-15,Regular
CUST07073,Customer 07073,Male,47,Pune,Maharashtra,2025-10-04,Loyal
CUST07074,Customer 07074,Female,48,Pune,Maharashtra,2024-02-06,Regular
CUST07075,Customer 07075,Female,30,Hyderabad,Telangana,2023-08-13,Regular
CUST07076,Customer 07076,Female,59,Chennai,Tamil Nadu,2024-03-02,Regular
CUST07077,Customer 07077,Male,22,Madurai,Tamil Nadu,2023-01-21,New
CUST07078,Customer 07078,Male,40,Madurai,Tamil Nadu,2024-07-30,Regular
CUST07079,Customer 07079,Male,18,Madurai,Tamil Nadu,2026-04-19,VIP
CUST07080,Customer 07080,Female,27,Coimbatore,Tamil Nadu,2023-03-22,Loyal
CUST07081,Customer 07081,Female,44,Ahmedabad,Gujarat,2022-04-09,Loyal
CUST07082,Customer 07082,Female,25,Mumbai,Maharashtra,2023-10-17,Regular
CUST07083,Customer 07083,Male,20,Chennai,Tamil Nadu,2024-12-14,Regular
CUST07084,Customer 07084,Female,36,Coimbatore,Tamil Nadu,2024-10-23,New
CUST07085,Customer 07085,Male,19,Kolkata,West Bengal,2025-09-17,New
CUST07086,Customer 07086,Female,48,Hyderabad,Telangana,2024-07-22,New
CUST07087,Customer 07087,Male,65,Ahmedabad,Gujarat,2025-12-29,Regular
CUST07088,Customer 07088,Female,27,Kolkata,West Bengal,2026-02-18,Loyal
CUST07089,Customer 07089,Male,33,Ahmedabad,Gujarat,2025-05-27,Regular
CUST07090,Customer 07090,Male,54,Delhi,Delhi,2025-05-19,New
CUST07091,Customer 07091,Male,37,Madurai,Tamil Nadu,2024-03-27,Regular
CUST07092,Customer 07092,Male,20,Ahmedabad,Gujarat,2026-02-28,Regular
CUST07093,Customer 07093,Male,52,Bengaluru,Karnataka,2023-10-23,Regular
CUST07094,Customer 07094,Male,51,Madurai,Tamil Nadu,2022-08-20,Regular
CUST07095,Customer 07095,Male,38,Madurai,Tamil Nadu,2023-08-23,Regular
CUST07096,Customer 07096,Female,53,Hyderabad,Telangana,2024-07-08,Loyal
CUST07097,Customer 07097,Male,49,Chennai,Tamil Nadu,2025-03-17,Regular
CUST07098,Customer 07098,Female,35,Kolkata,West Bengal,2025-05-15,Loyal
CUST07099,Customer 07099,Male,51,Ahmedabad,Gujarat,2022-12-26,Regular
CUST07100,Customer 07100,Female,55,Ahmedabad,Gujarat,2025-12-13,Regular
CUST07101,Customer 07101,Female,20,Delhi,Delhi,2025-12-11,Loyal
CUST07102,Customer 07102,Male,20,Madurai,Tamil Nadu,2024-05-21,Regular
CUST07103,Customer 07103,Female,44,Pune,Maharashtra,2026-04-26,New
CUST07104,Customer 07104,Male,19,Mumbai,Maharashtra,2025-04-20,New
CUST07105,Customer 07105,Female,20,Pune,Maharashtra,2023-07-10,Loyal
CUST07106,Customer 07106,Female,34,Ahmedabad,Gujarat,2025-05-18,Regular
CUST07107,Customer 07107,Male,63,Pune,Maharashtra,2022-09-07,Regular
CUST07108,Customer 07108,Male,56,Hyderabad,Telangana,2026-03-16,New
CUST07109,Customer 07109,Male,55,Bengaluru,Karnataka,2023-08-19,New
CUST07110,Customer 07110,Male,57,Ahmedabad,Gujarat,2022-05-19,Loyal
CUST07111,Customer 07111,Female,36,Ahmedabad,Gujarat,2024-09-16,Loyal
CUST07112,Customer 07112,Male,36,Bengaluru,Karnataka,2025-06-08,Regular
CUST07113,Customer 07113,Male,61,Kolkata,West Bengal,2024-06-28,Regular
CUST07114,Customer 07114,Male,22,Bengaluru,Karnataka,2022-01-12,VIP
CUST07115,Customer 07115,Male,22,Pune,Maharashtra,2024-09-06,Regular
CUST07116,Customer 07116,Male,31,Hyderabad,Telangana,2022-09-30,Loyal
CUST07117,Customer 07117,Female,44,Delhi,Delhi,2023-05-03,New
CUST07118,Customer 07118,Male,65,Kolkata,West Bengal,2025-01-18,Regular
CUST07119,Customer 07119,Female,53,Coimbatore,Tamil Nadu,2024-11-14,Loyal
CUST07120,Customer 07120,Male,57,Delhi,Delhi,2023-06-22,Regular
CUST07121,Customer 07121,Male,52,Chennai,Tamil Nadu,2024-09-11,Loyal
CUST07122,Customer 07122,Female,38,Chennai,Tamil Nadu,2026-05-15,Regular
CUST07123,Customer 07123,Male,22,Chennai,Tamil Nadu,2024-12-19,New
CUST07124,Customer 07124,Male,41,Chennai,Tamil Nadu,2025-04-09,Loyal
CUST07125,Customer 07125,Female,56,Hyderabad,Telangana,2023-08-11,New
CUST07126,Customer 07126,Female,41,Delhi,Delhi,2024-02-27,Loyal
CUST07127,Customer 07127,Male,57,Madurai,Tamil Nadu,2026-01-10,VIP
CUST07128,Customer 07128,Female,60,Mumbai,Maharashtra,2024-07-09,VIP
CUST07129,Customer 07129,Female,63,Kolkata,West Bengal,2024-10-30,Loyal
CUST07130,Customer 07130,Male,30,Coimbatore,Tamil Nadu,2022-08-31,Regular
CUST07131,Customer 07131,Male,55,Pune,Maharashtra,2025-04-16,Regular
CUST07132,Customer 07132,Male,62,Ahmedabad,Gujarat,2024-03-08,Loyal
CUST07133,Customer 07133,Male,18,Chennai,Tamil Nadu,2022-09-14,New
CUST07134,Customer 07134,Female,60,Coimbatore,Tamil Nadu,2022-11-06,New
CUST07135,Customer 07135,Female,56,Ahmedabad,Gujarat,2023-05-31,Regular
CUST07136,Customer 07136,Female,27,Mumbai,Maharashtra,2025-05-23,New
CUST07137,Customer 07137,Male,19,Coimbatore,Tamil Nadu,2024-11-19,Loyal
CUST07138,Customer 07138,Male,33,Delhi,Delhi,2025-10-01,Regular
CUST07139,Customer 07139,Female,54,Coimbatore,Tamil Nadu,2024-12-24,Regular
CUST07140,Customer 07140,Male,33,Chennai,Tamil Nadu,2023-09-28,Regular
CUST07141,Customer 07141,Female,40,Mumbai,Maharashtra,2024-03-07,Loyal
CUST07142,Customer 07142,Female,43,Pune,Maharashtra,2025-03-22,Loyal
CUST07143,Customer 07143,Female,33,Madurai,Tamil Nadu,2022-02-09,New
CUST07144,Customer 07144,Male,44,Bengaluru,Karnataka,2024-11-15,Loyal
CUST07145,Customer 07145,Male,64,Chennai,Tamil Nadu,2025-07-20,Regular
CUST07146,Customer 07146,Female,58,Ahmedabad,Gujarat,2025-03-28,Regular
CUST07147,Customer 07147,Female,47,Mumbai,Maharashtra,2023-08-04,Loyal
CUST07148,Customer 07148,Female,50,Delhi,Delhi,2022-01-01,New
CUST07149,Customer 07149,Male,49,Hyderabad,Telangana,2022-03-20,Regular
CUST07150,Customer 07150,Female,26,Mumbai,Maharashtra,2025-06-05,Regular
CUST07151,Customer 07151,Female,28,Ahmedabad,Gujarat,2025-09-12,New
CUST07152,Customer 07152,Male,54,Bengaluru,Karnataka,2026-05-01,New
CUST07153,Customer 07153,Female,23,Bengaluru,Karnataka,2023-09-12,New
CUST07154,Customer 07154,Female,47,Kolkata,West Bengal,2023-05-16,Regular
CUST07155,Customer 07155,Male,57,Madurai,Tamil Nadu,2026-02-07,New
CUST07156,Customer 07156,Male,32,Ahmedabad,Gujarat,2025-10-10,Regular
CUST07157,Customer 07157,Female,65,Bengaluru,Karnataka,2025-02-21,Regular
CUST07158,Customer 07158,Male,47,Kolkata,West Bengal,2024-09-04,Loyal
CUST07159,Customer 07159,Female,35,Kolkata,West Bengal,2025-12-18,Regular
CUST07160,Customer 07160,Male,29,Kolkata,West Bengal,2025-06-29,VIP
CUST07161,Customer 07161,Male,21,Mumbai,Maharashtra,2026-03-18,New
CUST07162,Customer 07162,Other,33,Kolkata,West Bengal,2026-03-11,Loyal
CUST07163,Customer 07163,Female,40,Chennai,Tamil Nadu,2023-05-01,New
CUST07164,Customer 07164,Male,28,Ahmedabad,Gujarat,2023-04-23,Loyal
CUST07165,Customer 07165,Female,41,Chennai,Tamil Nadu,2022-11-29,Regular
CUST07166,Customer 07166,Male,39,Hyderabad,Telangana,2025-06-09,Regular
CUST07167,Customer 07167,Male,56,Bengaluru,Karnataka,2026-04-15,Regular
CUST07168,Customer 07168,Male,32,Madurai,Tamil Nadu,2022-01-30,New
CUST07169,Customer 07169,Male,32,Kolkata,West Bengal,2023-12-28,Loyal
CUST07170,Customer 07170,Female,27,Delhi,Delhi,2022-06-22,Loyal
CUST07171,Customer 07171,Female,45,Delhi,Delhi,2024-03-02,New
CUST07172,Customer 07172,Other,53,Bengaluru,Karnataka,2023-04-13,Loyal
CUST07173,Customer 07173,Female,34,Hyderabad,Telangana,2026-02-08,New
CUST07174,Customer 07174,Male,53,Delhi,Delhi,2023-12-24,Loyal
CUST07175,Customer 07175,Female,39,Chennai,Tamil Nadu,2025-09-02,VIP
CUST07176,Customer 07176,Other,40,Coimbatore,Tamil Nadu,2023-02-01,New
CUST07177,Customer 07177,Female,46,Mumbai,Maharashtra,2022-05-05,Regular
CUST07178,Customer 07178,Female,39,Pune,Maharashtra,2025-01-08,Regular
CUST07179,Customer 07179,Female,28,Delhi,Delhi,2023-11-27,Regular
CUST07180,Customer 07180,Male,53,Madurai,Tamil Nadu,2023-06-11,Loyal
CUST07181,Customer 07181,Female,61,Kolkata,West Bengal,2026-03-27,Regular
CUST07182,Customer 07182,Female,46,Madurai,Tamil Nadu,2025-11-20,VIP
CUST07183,Customer 07183,Female,59,Ahmedabad,Gujarat,2025-01-17,New
CUST07184,Customer 07184,Male,49,Mumbai,Maharashtra,2024-10-23,Regular
CUST07185,Customer 07185,Female,31,Chennai,Tamil Nadu,2023-06-20,Regular
CUST07186,Customer 07186,Female,35,Hyderabad,Telangana,2023-08-24,Loyal
CUST07187,Customer 07187,Male,55,Mumbai,Maharashtra,2026-03-25,New
CUST07188,Customer 07188,Female,54,Pune,Maharashtra,2024-09-14,VIP
CUST07189,Customer 07189,Male,51,Coimbatore,Tamil Nadu,2026-05-01,Regular
CUST07190,Customer 07190,Male,62,Delhi,Delhi,2023-08-29,Regular
CUST07191,Customer 07191,Male,40,Hyderabad,Telangana,2024-12-30,Regular
CUST07192,Customer 07192,Female,49,Hyderabad,Telangana,2023-12-01,Loyal
CUST07193,Customer 07193,Male,63,Delhi,Delhi,2022-05-19,Regular
CUST07194,Customer 07194,Female,20,Delhi,Delhi,2022-01-10,Regular
CUST07195,Customer 07195,Male,60,Delhi,Delhi,2026-03-19,Regular
CUST07196,Customer 07196,Male,39,Delhi,Delhi,2026-04-04,Regular
CUST07197,Customer 07197,Male,40,Delhi,Delhi,2022-05-10,New
CUST07198,Customer 07198,Male,21,Hyderabad,Telangana,2023-02-05,Loyal
CUST07199,Customer 07199,Female,30,Bengaluru,Karnataka,2025-05-29,Regular
CUST07200,Customer 07200,Female,49,Bengaluru,Karnataka,2023-10-04,Loyal
CUST07201,Customer 07201,Male,46,Madurai,Tamil Nadu,2023-03-13,Regular
CUST07202,Customer 07202,Male,57,Bengaluru,Karnataka,2025-11-24,Regular
CUST07203,Customer 07203,Female,57,Pune,Maharashtra,2025-02-10,Regular
CUST07204,Customer 07204,Male,62,Bengaluru,Karnataka,2026-01-15,Regular
CUST07205,Customer 07205,Female,27,Hyderabad,Telangana,2026-04-28,Loyal
CUST07206,Customer 07206,Female,30,Delhi,Delhi,2025-05-26,Loyal
CUST07207,Customer 07207,Male,62,Kolkata,West Bengal,2022-02-27,New
CUST07208,Customer 07208,Male,34,Kolkata,West Bengal,2025-02-10,VIP
CUST07209,Customer 07209,Female,55,Pune,Maharashtra,2023-12-01,Regular
CUST07210,Customer 07210,Male,19,Ahmedabad,Gujarat,2025-02-19,Loyal
CUST07211,Customer 07211,Male,34,Hyderabad,Telangana,2023-02-12,New
CUST07212,Customer 07212,Male,61,Chennai,Tamil Nadu,2026-01-23,New
CUST07213,Customer 07213,Female,43,Mumbai,Maharashtra,2025-01-13,Regular
CUST07214,Customer 07214,Female,55,Madurai,Tamil Nadu,2023-02-04,Regular
CUST07215,Customer 07215,Male,54,Chennai,Tamil Nadu,2022-12-22,VIP
CUST07216,Customer 07216,Female,22,Hyderabad,Telangana,2022-04-09,New
CUST07217,Customer 07217,Male,42,Bengaluru,Karnataka,2026-03-25,New
CUST07218,Customer 07218,Female,26,Delhi,Delhi,2023-06-02,New
CUST07219,Customer 07219,Male,45,Chennai,Tamil Nadu,2022-04-18,New
CUST07220,Customer 07220,Female,39,Mumbai,Maharashtra,2022-06-01,Regular
CUST07221,Customer 07221,Other,46,Ahmedabad,Gujarat,2024-06-24,Regular
CUST07222,Customer 07222,Male,52,Kolkata,West Bengal,2024-04-29,Regular
CUST07223,Customer 07223,Male,37,Ahmedabad,Gujarat,2024-01-19,New
CUST07224,Customer 07224,Male,22,Mumbai,Maharashtra,2022-01-27,New
CUST07225,Customer 07225,Male,56,Delhi,Delhi,2022-04-29,New
CUST07226,Customer 07226,Male,61,Bengaluru,Karnataka,2023-12-24,Loyal
CUST07227,Customer 07227,Female,49,Mumbai,Maharashtra,2022-04-10,Loyal
CUST07228,Customer 07228,Female,56,Madurai,Tamil Nadu,2022-01-03,Loyal
CUST07229,Customer 07229,Male,27,Mumbai,Maharashtra,2024-03-16,VIP
CUST07230,Customer 07230,Female,57,Hyderabad,Telangana,2025-09-14,Loyal
CUST07231,Customer 07231,Female,34,Bengaluru,Karnataka,2026-04-02,Regular
CUST07232,Customer 07232,Female,54,Delhi,Delhi,2025-02-03,Regular
CUST07233,Customer 07233,Male,32,Kolkata,West Bengal,2025-06-07,Loyal
CUST07234,Customer 07234,Male,26,Kolkata,West Bengal,2022-10-31,Regular
CUST07235,Customer 07235,Female,49,Mumbai,Maharashtra,2022-06-26,Regular
CUST07236,Customer 07236,Male,40,Hyderabad,Telangana,2022-03-25,Regular
CUST07237,Customer 07237,Female,28,Chennai,Tamil Nadu,2022-09-20,VIP
CUST07238,Customer 07238,Female,30,Ahmedabad,Gujarat,2025-05-04,Loyal
CUST07239,Customer 07239,Male,35,Ahmedabad,Gujarat,2025-06-26,Regular
CUST07240,Customer 07240,Male,26,Ahmedabad,Gujarat,2025-11-06,VIP
CUST07241,Customer 07241,Female,59,Chennai,Tamil Nadu,2023-04-03,VIP
CUST07242,Customer 07242,Female,22,Hyderabad,Telangana,2023-02-13,New
CUST07243,Customer 07243,Female,60,Ahmedabad,Gujarat,2025-01-09,Loyal
CUST07244,Customer 07244,Male,39,Madurai,Tamil Nadu,2025-12-06,Loyal
CUST07245,Customer 07245,Female,49,Chennai,Tamil Nadu,2022-07-25,New
CUST07246,Customer 07246,Female,64,Chennai,Tamil Nadu,2024-03-30,Regular
CUST07247,Customer 07247,Female,19,Delhi,Delhi,2024-10-11,Regular
CUST07248,Customer 07248,Male,38,Delhi,Delhi,2024-03-12,Regular
CUST07249,Customer 07249,Male,45,Bengaluru,Karnataka,2024-06-13,Loyal
CUST07250,Customer 07250,Male,41,Madurai,Tamil Nadu,2024-05-22,Regular
CUST07251,Customer 07251,Female,41,Madurai,Tamil Nadu,2023-01-23,Regular
CUST07252,Customer 07252,Female,31,Bengaluru,Karnataka,2024-06-12,Loyal
CUST07253,Customer 07253,Other,54,Madurai,Tamil Nadu,2024-02-06,VIP
CUST07254,Customer 07254,Female,44,Pune,Maharashtra,2025-11-23,New
CUST07255,Customer 07255,Male,41,Coimbatore,Tamil Nadu,2024-10-28,Loyal
CUST07256,Customer 07256,Male,23,Ahmedabad,Gujarat,2026-03-21,New
CUST07257,Customer 07257,Male,43,Delhi,Delhi,2023-03-26,Regular
CUST07258,Customer 07258,Male,32,Bengaluru,Karnataka,2026-02-08,Loyal
CUST07259,Customer 07259,Female,46,Bengaluru,Karnataka,2022-12-08,Loyal
CUST07260,Customer 07260,Female,53,Madurai,Tamil Nadu,2025-01-01,Loyal
CUST07261,Customer 07261,Male,27,Chennai,Tamil Nadu,2024-05-09,New
CUST07262,Customer 07262,Female,45,Kolkata,West Bengal,2022-05-01,New
CUST07263,Customer 07263,Female,26,Mumbai,Maharashtra,2022-10-29,VIP
CUST07264,Customer 07264,Male,38,Mumbai,Maharashtra,2024-08-18,New
CUST07265,Customer 07265,Male,27,Bengaluru,Karnataka,2024-06-02,New
CUST07266,Customer 07266,Male,21,Ahmedabad,Gujarat,2024-05-30,Loyal
CUST07267,Customer 07267,Male,21,Pune,Maharashtra,2022-08-22,Regular
CUST07268,Customer 07268,Female,23,Ahmedabad,Gujarat,2022-03-07,Regular
CUST07269,Customer 07269,Male,43,Bengaluru,Karnataka,2022-08-18,New
CUST07270,Customer 07270,Male,57,Ahmedabad,Gujarat,2024-07-10,Loyal
CUST07271,Customer 07271,Other,33,Delhi,Delhi,2026-04-16,VIP
CUST07272,Customer 07272,Female,25,Ahmedabad,Gujarat,2022-02-20,New
CUST07273,Customer 07273,Male,45,Madurai,Tamil Nadu,2023-10-21,Regular
CUST07274,Customer 07274,Female,33,Madurai,Tamil Nadu,2025-09-14,Regular
CUST07275,Customer 07275,Male,55,Pune,Maharashtra,2023-01-22,Loyal
CUST07276,Customer 07276,Male,18,Delhi,Delhi,2024-11-27,Regular
CUST07277,Customer 07277,Female,36,Kolkata,West Bengal,2024-01-23,Loyal
CUST07278,Customer 07278,Male,34,Chennai,Tamil Nadu,2025-04-11,Regular
CUST07279,Customer 07279,Female,45,Delhi,Delhi,2023-05-08,Regular
CUST07280,Customer 07280,Male,61,Hyderabad,Telangana,2026-01-18,Loyal
CUST07281,Customer 07281,Male,29,Coimbatore,Tamil Nadu,2022-02-10,Regular
CUST07282,Customer 07282,Female,23,Bengaluru,Karnataka,2024-08-03,Loyal
CUST07283,Customer 07283,Male,24,Hyderabad,Telangana,2025-02-26,Regular
CUST07284,Customer 07284,Female,25,Pune,Maharashtra,2024-12-13,New
CUST07285,Customer 07285,Female,20,Hyderabad,Telangana,2022-03-27,Regular
CUST07286,Customer 07286,Female,38,Madurai,Tamil Nadu,2025-07-16,Regular
CUST07287,Customer 07287,Female,25,Ahmedabad,Gujarat,2022-10-23,Regular
CUST07288,Customer 07288,Male,45,Chennai,Tamil Nadu,2024-11-10,Loyal
CUST07289,Customer 07289,Female,47,Mumbai,Maharashtra,2025-05-23,Regular
CUST07290,Customer 07290,Female,49,Bengaluru,Karnataka,2023-03-01,Loyal
CUST07291,Customer 07291,Female,28,Mumbai,Maharashtra,2022-07-08,Regular
CUST07292,Customer 07292,Female,37,Ahmedabad,Gujarat,2022-06-10,New
CUST07293,Customer 07293,Female,33,Madurai,Tamil Nadu,2023-12-14,New
CUST07294,Customer 07294,Male,42,Madurai,Tamil Nadu,2026-04-14,Loyal
CUST07295,Customer 07295,Female,62,Ahmedabad,Gujarat,2023-01-16,New
CUST07296,Customer 07296,Male,26,Bengaluru,Karnataka,2022-09-01,New
CUST07297,Customer 07297,Male,56,Mumbai,Maharashtra,2022-07-02,New
CUST07298,Customer 07298,Female,57,Delhi,Delhi,2023-06-28,Regular
CUST07299,Customer 07299,Male,57,Madurai,Tamil Nadu,2024-02-18,Regular
CUST07300,Customer 07300,Male,20,Mumbai,Maharashtra,2024-08-05,New
CUST07301,Customer 07301,Male,33,Kolkata,West Bengal,2026-04-21,Regular
CUST07302,Customer 07302,Female,29,Mumbai,Maharashtra,2022-04-03,Regular
CUST07303,Customer 07303,Male,32,Kolkata,West Bengal,2023-01-03,Loyal
CUST07304,Customer 07304,Female,21,Kolkata,West Bengal,2022-06-08,Loyal
CUST07305,Customer 07305,Male,40,Madurai,Tamil Nadu,2023-02-02,Regular
CUST07306,Customer 07306,Female,44,Bengaluru,Karnataka,2025-04-18,Regular
CUST07307,Customer 07307,Male,56,Pune,Maharashtra,2023-03-14,New
CUST07308,Customer 07308,Female,60,Madurai,Tamil Nadu,2023-01-08,Loyal
CUST07309,Customer 07309,Male,54,Bengaluru,Karnataka,2022-11-02,Regular
CUST07310,Customer 07310,Other,30,Bengaluru,Karnataka,2024-09-11,Regular
CUST07311,Customer 07311,Female,60,Hyderabad,Telangana,2025-11-03,Loyal
CUST07312,Customer 07312,Female,54,Ahmedabad,Gujarat,2025-05-26,VIP
CUST07313,Customer 07313,Female,57,Ahmedabad,Gujarat,2024-09-08,Loyal
CUST07314,Customer 07314,Male,38,Ahmedabad,Gujarat,2022-11-25,VIP
CUST07315,Customer 07315,Female,46,Coimbatore,Tamil Nadu,2022-12-09,Loyal
CUST07316,Customer 07316,Female,46,Madurai,Tamil Nadu,2023-12-25,Loyal
CUST07317,Customer 07317,Female,28,Bengaluru,Karnataka,2025-04-01,Regular
CUST07318,Customer 07318,Female,45,Hyderabad,Telangana,2022-06-07,VIP
CUST07319,Customer 07319,Female,27,Kolkata,West Bengal,2025-02-07,Loyal
CUST07320,Customer 07320,Other,22,Pune,Maharashtra,2026-05-10,New
CUST07321,Customer 07321,Male,42,Pune,Maharashtra,2022-12-16,Regular
CUST07322,Customer 07322,Female,50,Kolkata,West Bengal,2023-12-27,New
CUST07323,Customer 07323,Female,34,Mumbai,Maharashtra,2022-12-31,VIP
CUST07324,Customer 07324,Female,50,Mumbai,Maharashtra,2022-01-15,Regular
CUST07325,Customer 07325,Male,42,Ahmedabad,Gujarat,2022-06-02,New
CUST07326,Customer 07326,Female,50,Madurai,Tamil Nadu,2023-06-16,Regular
CUST07327,Customer 07327,Female,26,Coimbatore,Tamil Nadu,2024-08-24,VIP
CUST07328,Customer 07328,Male,44,Hyderabad,Telangana,2025-11-24,Regular
CUST07329,Customer 07329,Female,42,Pune,Maharashtra,2024-12-11,Regular
CUST07330,Customer 07330,Male,21,Ahmedabad,Gujarat,2024-05-04,Regular
CUST07331,Customer 07331,Other,26,Chennai,Tamil Nadu,2023-04-14,New
CUST07332,Customer 07332,Male,63,Ahmedabad,Gujarat,2025-09-06,New
CUST07333,Customer 07333,Male,32,Chennai,Tamil Nadu,2024-05-28,Regular
CUST07334,Customer 07334,Male,33,Delhi,Delhi,2023-08-19,Regular
CUST07335,Customer 07335,Female,33,Bengaluru,Karnataka,2023-01-02,Regular
CUST07336,Customer 07336,Male,30,Kolkata,West Bengal,2026-02-18,Regular
CUST07337,Customer 07337,Female,31,Bengaluru,Karnataka,2023-10-03,New
CUST07338,Customer 07338,Female,39,Ahmedabad,Gujarat,2024-05-11,VIP
CUST07339,Customer 07339,Female,38,Bengaluru,Karnataka,2024-06-12,Regular
CUST07340,Customer 07340,Male,26,Hyderabad,Telangana,2024-11-05,New
CUST07341,Customer 07341,Other,58,Delhi,Delhi,2025-12-05,New
CUST07342,Customer 07342,Female,21,Coimbatore,Tamil Nadu,2025-07-21,New
CUST07343,Customer 07343,Male,27,Delhi,Delhi,2023-08-12,New
CUST07344,Customer 07344,Male,52,Pune,Maharashtra,2025-08-22,Regular
CUST07345,Customer 07345,Male,26,Hyderabad,Telangana,2022-04-02,Loyal
CUST07346,Customer 07346,Female,65,Bengaluru,Karnataka,2023-04-03,Regular
CUST07347,Customer 07347,Male,33,Coimbatore,Tamil Nadu,2025-07-17,Regular
CUST07348,Customer 07348,Male,35,Bengaluru,Karnataka,2024-12-11,Loyal
CUST07349,Customer 07349,Female,27,Madurai,Tamil Nadu,2025-02-18,Regular
CUST07350,Customer 07350,Female,38,Madurai,Tamil Nadu,2024-12-09,Loyal
CUST07351,Customer 07351,Female,32,Mumbai,Maharashtra,2026-02-07,New
CUST07352,Customer 07352,Female,32,Delhi,Delhi,2026-02-24,New
CUST07353,Customer 07353,Male,28,Coimbatore,Tamil Nadu,2025-11-04,Regular
CUST07354,Customer 07354,Female,57,Madurai,Tamil Nadu,2023-01-22,New
CUST07355,Customer 07355,Male,65,Mumbai,Maharashtra,2025-08-05,Loyal
CUST07356,Customer 07356,Female,59,Hyderabad,Telangana,2026-01-17,New
CUST07357,Customer 07357,Female,58,Coimbatore,Tamil Nadu,2023-01-06,Regular
CUST07358,Customer 07358,Male,64,Mumbai,Maharashtra,2022-07-03,Regular
CUST07359,Customer 07359,Other,54,Kolkata,West Bengal,2024-02-11,New
CUST07360,Customer 07360,Female,37,Coimbatore,Tamil Nadu,2022-07-24,Loyal
CUST07361,Customer 07361,Male,51,Ahmedabad,Gujarat,2024-08-11,Regular
CUST07362,Customer 07362,Female,39,Mumbai,Maharashtra,2022-06-21,Loyal
CUST07363,Customer 07363,Female,65,Bengaluru,Karnataka,2024-04-04,Loyal
CUST07364,Customer 07364,Female,35,Ahmedabad,Gujarat,2022-08-10,Regular
CUST07365,Customer 07365,Female,33,Kolkata,West Bengal,2025-04-06,Regular
CUST07366,Customer 07366,Female,22,Madurai,Tamil Nadu,2025-06-21,Regular
CUST07367,Customer 07367,Male,18,Chennai,Tamil Nadu,2025-05-26,New
CUST07368,Customer 07368,Male,36,Mumbai,Maharashtra,2024-12-15,New
CUST07369,Customer 07369,Male,27,Hyderabad,Telangana,2026-05-18,VIP
CUST07370,Customer 07370,Male,38,Mumbai,Maharashtra,2023-09-07,Regular
CUST07371,Customer 07371,Female,30,Chennai,Tamil Nadu,2022-06-16,New
CUST07372,Customer 07372,Male,41,Kolkata,West Bengal,2026-03-23,New
CUST07373,Customer 07373,Male,40,Kolkata,West Bengal,2022-05-22,Regular
CUST07374,Customer 07374,Male,40,Ahmedabad,Gujarat,2022-05-05,New
CUST07375,Customer 07375,Female,28,Coimbatore,Tamil Nadu,2022-03-31,Regular
CUST07376,Customer 07376,Female,64,Hyderabad,Telangana,2022-11-07,New
CUST07377,Customer 07377,Male,19,Ahmedabad,Gujarat,2025-10-26,New
CUST07378,Customer 07378,Female,23,Hyderabad,Telangana,2024-08-09,Regular
CUST07379,Customer 07379,Male,28,Hyderabad,Telangana,2022-08-04,Loyal
CUST07380,Customer 07380,Female,32,Chennai,Tamil Nadu,2026-01-04,Regular
CUST07381,Customer 07381,Male,26,Ahmedabad,Gujarat,2025-04-24,Loyal
CUST07382,Customer 07382,Female,29,Hyderabad,Telangana,2024-06-01,New
CUST07383,Customer 07383,Female,53,Pune,Maharashtra,2025-03-22,Loyal
CUST07384,Customer 07384,Female,45,Chennai,Tamil Nadu,2024-01-31,New
CUST07385,Customer 07385,Male,40,Kolkata,West Bengal,2022-04-06,Loyal
CUST07386,Customer 07386,Female,44,Chennai,Tamil Nadu,2023-12-11,Loyal
CUST07387,Customer 07387,Female,41,Bengaluru,Karnataka,2025-09-21,Loyal
CUST07388,Customer 07388,Female,31,Bengaluru,Karnataka,2026-03-19,Loyal
CUST07389,Customer 07389,Male,52,Hyderabad,Telangana,2022-05-29,Regular
CUST07390,Customer 07390,Male,44,Ahmedabad,Gujarat,2024-07-16,Regular
CUST07391,Customer 07391,Female,38,Kolkata,West Bengal,2026-04-05,Regular
CUST07392,Customer 07392,Male,30,Chennai,Tamil Nadu,2023-12-16,Regular
CUST07393,Customer 07393,Male,25,Ahmedabad,Gujarat,2024-06-01,New
CUST07394,Customer 07394,Male,61,Chennai,Tamil Nadu,2025-11-26,Regular
CUST07395,Customer 07395,Female,61,Chennai,Tamil Nadu,2025-09-16,Regular
CUST07396,Customer 07396,Male,61,Pune,Maharashtra,2025-06-04,New
CUST07397,Customer 07397,Female,51,Bengaluru,Karnataka,2022-12-24,Regular
CUST07398,Customer 07398,Male,59,Chennai,Tamil Nadu,2023-08-11,Regular
CUST07399,Customer 07399,Male,40,Pune,Maharashtra,2022-11-12,New
CUST07400,Customer 07400,Male,26,Bengaluru,Karnataka,2024-06-03,Regular
CUST07401,Customer 07401,Male,18,Pune,Maharashtra,2024-11-25,VIP
CUST07402,Customer 07402,Female,53,Ahmedabad,Gujarat,2026-03-13,Loyal
CUST07403,Customer 07403,Female,63,Coimbatore,Tamil Nadu,2026-02-10,Regular
CUST07404,Customer 07404,Female,33,Bengaluru,Karnataka,2025-12-22,Regular
CUST07405,Customer 07405,Male,42,Madurai,Tamil Nadu,2023-03-26,New
CUST07406,Customer 07406,Female,35,Coimbatore,Tamil Nadu,2024-04-24,New
CUST07407,Customer 07407,Female,51,Ahmedabad,Gujarat,2022-03-31,Regular
CUST07408,Customer 07408,Female,55,Chennai,Tamil Nadu,2023-06-25,VIP
CUST07409,Customer 07409,Female,20,Kolkata,West Bengal,2022-06-25,VIP
CUST07410,Customer 07410,Male,37,Ahmedabad,Gujarat,2025-12-14,Loyal
CUST07411,Customer 07411,Female,36,Pune,Maharashtra,2023-10-10,Regular
CUST07412,Customer 07412,Male,30,Pune,Maharashtra,2024-06-19,New
CUST07413,Customer 07413,Male,34,Pune,Maharashtra,2023-11-18,Regular
CUST07414,Customer 07414,Female,31,Pune,Maharashtra,2025-04-09,Regular
CUST07415,Customer 07415,Female,47,Ahmedabad,Gujarat,2023-01-29,Regular
CUST07416,Customer 07416,Female,39,Kolkata,West Bengal,2025-07-13,Regular
CUST07417,Customer 07417,Male,60,Mumbai,Maharashtra,2023-05-19,Loyal
CUST07418,Customer 07418,Male,65,Pune,Maharashtra,2025-03-03,Loyal
CUST07419,Customer 07419,Male,60,Mumbai,Maharashtra,2024-08-13,Regular
CUST07420,Customer 07420,Female,46,Kolkata,West Bengal,2024-11-15,Loyal
CUST07421,Customer 07421,Male,19,Kolkata,West Bengal,2025-07-24,New
CUST07422,Customer 07422,Female,25,Coimbatore,Tamil Nadu,2022-04-10,Regular
CUST07423,Customer 07423,Male,31,Bengaluru,Karnataka,2026-01-05,New
CUST07424,Customer 07424,Female,51,Madurai,Tamil Nadu,2023-03-01,Regular
CUST07425,Customer 07425,Female,30,Hyderabad,Telangana,2024-11-19,New
CUST07426,Customer 07426,Male,27,Madurai,Tamil Nadu,2024-06-24,New
CUST07427,Customer 07427,Male,25,Ahmedabad,Gujarat,2023-05-11,VIP
CUST07428,Customer 07428,Female,24,Hyderabad,Telangana,2023-10-13,Regular
CUST07429,Customer 07429,Female,30,Kolkata,West Bengal,2024-09-24,Loyal
CUST07430,Customer 07430,Female,43,Madurai,Tamil Nadu,2025-04-29,New
CUST07431,Customer 07431,Female,49,Delhi,Delhi,2025-04-25,New
CUST07432,Customer 07432,Male,36,Bengaluru,Karnataka,2022-05-20,Regular
CUST07433,Customer 07433,Female,32,Madurai,Tamil Nadu,2022-11-16,Regular
CUST07434,Customer 07434,Male,19,Bengaluru,Karnataka,2023-01-04,Regular
CUST07435,Customer 07435,Female,54,Mumbai,Maharashtra,2022-10-24,Regular
CUST07436,Customer 07436,Male,36,Ahmedabad,Gujarat,2025-05-08,Loyal
CUST07437,Customer 07437,Female,50,Bengaluru,Karnataka,2024-03-06,Regular
CUST07438,Customer 07438,Male,56,Mumbai,Maharashtra,2025-11-03,Regular
CUST07439,Customer 07439,Male,50,Pune,Maharashtra,2025-01-08,Regular
CUST07440,Customer 07440,Male,18,Mumbai,Maharashtra,2026-01-10,Loyal
CUST07441,Customer 07441,Female,56,Ahmedabad,Gujarat,2023-05-16,Regular
CUST07442,Customer 07442,Female,45,Coimbatore,Tamil Nadu,2022-09-16,Regular
CUST07443,Customer 07443,Female,34,Pune,Maharashtra,2026-04-17,Regular
CUST07444,Customer 07444,Male,23,Kolkata,West Bengal,2025-02-18,Regular
CUST07445,Customer 07445,Female,61,Chennai,Tamil Nadu,2024-12-14,VIP
CUST07446,Customer 07446,Female,37,Mumbai,Maharashtra,2026-02-25,New
CUST07447,Customer 07447,Male,64,Mumbai,Maharashtra,2022-01-18,Loyal
CUST07448,Customer 07448,Male,30,Bengaluru,Karnataka,2025-08-25,Regular
CUST07449,Customer 07449,Female,29,Kolkata,West Bengal,2022-04-20,Regular
CUST07450,Customer 07450,Male,47,Madurai,Tamil Nadu,2022-11-27,VIP
CUST07451,Customer 07451,Male,38,Delhi,Delhi,2026-05-16,Regular
CUST07452,Customer 07452,Female,19,Hyderabad,Telangana,2024-08-03,Loyal
CUST07453,Customer 07453,Male,35,Mumbai,Maharashtra,2025-07-11,Regular
CUST07454,Customer 07454,Female,45,Madurai,Tamil Nadu,2022-09-25,New
CUST07455,Customer 07455,Female,21,Delhi,Delhi,2023-03-11,Regular
CUST07456,Customer 07456,Female,59,Hyderabad,Telangana,2023-03-26,Loyal
CUST07457,Customer 07457,Female,60,Chennai,Tamil Nadu,2022-10-24,Loyal
CUST07458,Customer 07458,Male,23,Bengaluru,Karnataka,2025-03-06,New
CUST07459,Customer 07459,Female,55,Madurai,Tamil Nadu,2023-12-20,Regular
CUST07460,Customer 07460,Male,26,Bengaluru,Karnataka,2024-10-17,Regular
CUST07461,Customer 07461,Female,37,Hyderabad,Telangana,2025-11-21,Regular
CUST07462,Customer 07462,Other,62,Coimbatore,Tamil Nadu,2022-07-03,New
CUST07463,Customer 07463,Female,47,Mumbai,Maharashtra,2023-02-16,New
CUST07464,Customer 07464,Female,54,Pune,Maharashtra,2022-11-16,Loyal
CUST07465,Customer 07465,Male,55,Delhi,Delhi,2024-01-11,Loyal
CUST07466,Customer 07466,Male,21,Kolkata,West Bengal,2026-05-19,Loyal
CUST07467,Customer 07467,Female,55,Ahmedabad,Gujarat,2025-09-11,VIP
CUST07468,Customer 07468,Male,30,Mumbai,Maharashtra,2026-05-10,Regular
CUST07469,Customer 07469,Female,52,Pune,Maharashtra,2024-03-15,Loyal
CUST07470,Customer 07470,Male,47,Ahmedabad,Gujarat,2023-02-21,Regular
CUST07471,Customer 07471,Female,59,Madurai,Tamil Nadu,2024-05-31,VIP
CUST07472,Customer 07472,Male,21,Ahmedabad,Gujarat,2024-03-01,Regular
CUST07473,Customer 07473,Female,42,Chennai,Tamil Nadu,2022-03-31,Regular
CUST07474,Customer 07474,Female,48,Mumbai,Maharashtra,2024-01-29,Loyal
CUST07475,Customer 07475,Male,64,Bengaluru,Karnataka,2026-01-04,Loyal
CUST07476,Customer 07476,Male,29,Coimbatore,Tamil Nadu,2025-01-03,Loyal
CUST07477,Customer 07477,Male,32,Kolkata,West Bengal,2023-07-28,Loyal
CUST07478,Customer 07478,Male,43,Bengaluru,Karnataka,2025-07-14,Regular
CUST07479,Customer 07479,Male,27,Pune,Maharashtra,2024-08-20,Loyal
CUST07480,Customer 07480,Male,29,Mumbai,Maharashtra,2024-07-24,Loyal
CUST07481,Customer 07481,Female,39,Coimbatore,Tamil Nadu,2025-08-28,Loyal
CUST07482,Customer 07482,Male,57,Ahmedabad,Gujarat,2026-02-15,Regular
CUST07483,Customer 07483,Other,38,Mumbai,Maharashtra,2024-11-17,New
CUST07484,Customer 07484,Female,52,Ahmedabad,Gujarat,2025-09-27,Regular
CUST07485,Customer 07485,Male,24,Madurai,Tamil Nadu,2023-03-02,Regular
CUST07486,Customer 07486,Male,35,Chennai,Tamil Nadu,2024-06-01,VIP
CUST07487,Customer 07487,Female,44,Hyderabad,Telangana,2024-02-25,Regular
CUST07488,Customer 07488,Male,52,Mumbai,Maharashtra,2023-06-19,Regular
CUST07489,Customer 07489,Female,64,Pune,Maharashtra,2025-12-04,VIP
CUST07490,Customer 07490,Female,19,Ahmedabad,Gujarat,2022-10-12,New
CUST07491,Customer 07491,Male,49,Bengaluru,Karnataka,2023-09-14,Regular
CUST07492,Customer 07492,Female,32,Madurai,Tamil Nadu,2025-02-03,Regular
CUST07493,Customer 07493,Male,62,Pune,Maharashtra,2023-05-19,Regular
CUST07494,Customer 07494,Male,41,Kolkata,West Bengal,2022-02-15,Regular
CUST07495,Customer 07495,Female,37,Hyderabad,Telangana,2026-01-10,Loyal
CUST07496,Customer 07496,Female,27,Madurai,Tamil Nadu,2025-03-13,Regular
CUST07497,Customer 07497,Female,41,Chennai,Tamil Nadu,2023-06-21,New
CUST07498,Customer 07498,Female,41,Hyderabad,Telangana,2022-03-03,Regular
CUST07499,Customer 07499,Female,41,Ahmedabad,Gujarat,2025-01-10,New
CUST07500,Customer 07500,Female,57,Pune,Maharashtra,2022-12-02,Regular
CUST07501,Customer 07501,Male,65,Kolkata,West Bengal,2022-07-30,New
CUST07502,Customer 07502,Female,65,Delhi,Delhi,2023-02-04,Loyal
CUST07503,Customer 07503,Female,51,Chennai,Tamil Nadu,2023-12-10,Regular
CUST07504,Customer 07504,Male,58,Coimbatore,Tamil Nadu,2022-12-13,New
CUST07505,Customer 07505,Female,57,Ahmedabad,Gujarat,2025-05-06,Regular
CUST07506,Customer 07506,Male,28,Delhi,Delhi,2023-01-12,Regular
CUST07507,Customer 07507,Female,43,Mumbai,Maharashtra,2025-03-31,Regular
CUST07508,Customer 07508,Female,18,Kolkata,West Bengal,2025-05-16,Regular
CUST07509,Customer 07509,Female,47,Bengaluru,Karnataka,2024-03-31,Loyal
CUST07510,Customer 07510,Male,60,Coimbatore,Tamil Nadu,2024-07-07,Regular
CUST07511,Customer 07511,Female,35,Pune,Maharashtra,2025-12-21,Regular
CUST07512,Customer 07512,Male,43,Kolkata,West Bengal,2022-02-13,Loyal
CUST07513,Customer 07513,Female,64,Hyderabad,Telangana,2024-03-10,Regular
CUST07514,Customer 07514,Female,26,Madurai,Tamil Nadu,2026-02-23,New
CUST07515,Customer 07515,Female,26,Hyderabad,Telangana,2025-07-26,New
CUST07516,Customer 07516,Female,18,Hyderabad,Telangana,2024-02-26,VIP
CUST07517,Customer 07517,Female,24,Mumbai,Maharashtra,2024-01-03,VIP
CUST07518,Customer 07518,Male,61,Chennai,Tamil Nadu,2024-08-25,New
CUST07519,Customer 07519,Male,59,Bengaluru,Karnataka,2025-03-15,Regular
CUST07520,Customer 07520,Female,33,Coimbatore,Tamil Nadu,2024-12-28,New
CUST07521,Customer 07521,Female,55,Chennai,Tamil Nadu,2023-10-14,Regular
CUST07522,Customer 07522,Male,28,Kolkata,West Bengal,2023-06-06,New
CUST07523,Customer 07523,Female,42,Hyderabad,Telangana,2022-04-21,New
CUST07524,Customer 07524,Male,46,Mumbai,Maharashtra,2026-04-22,Loyal
CUST07525,Customer 07525,Male,36,Kolkata,West Bengal,2023-08-31,Regular
CUST07526,Customer 07526,Female,35,Madurai,Tamil Nadu,2024-12-14,New
CUST07527,Customer 07527,Male,64,Bengaluru,Karnataka,2025-05-31,Loyal
CUST07528,Customer 07528,Male,46,Coimbatore,Tamil Nadu,2024-06-14,Loyal
CUST07529,Customer 07529,Male,33,Madurai,Tamil Nadu,2026-05-18,Regular
CUST07530,Customer 07530,Female,63,Mumbai,Maharashtra,2023-06-08,Loyal
CUST07531,Customer 07531,Other,57,Bengaluru,Karnataka,2022-05-26,Regular
CUST07532,Customer 07532,Female,25,Kolkata,West Bengal,2022-09-21,New
CUST07533,Customer 07533,Male,51,Hyderabad,Telangana,2026-04-17,New
CUST07534,Customer 07534,Female,23,Hyderabad,Telangana,2023-04-13,Regular
CUST07535,Customer 07535,Female,62,Ahmedabad,Gujarat,2026-05-04,New
CUST07536,Customer 07536,Female,62,Hyderabad,Telangana,2024-05-21,Regular
CUST07537,Customer 07537,Female,47,Delhi,Delhi,2024-08-16,New
CUST07538,Customer 07538,Male,61,Hyderabad,Telangana,2025-04-25,Regular
CUST07539,Customer 07539,Male,51,Delhi,Delhi,2025-09-28,New
CUST07540,Customer 07540,Male,38,Pune,Maharashtra,2025-01-27,Regular
CUST07541,Customer 07541,Male,29,Delhi,Delhi,2023-11-10,Regular
CUST07542,Customer 07542,Female,23,Bengaluru,Karnataka,2025-08-22,Regular
CUST07543,Customer 07543,Female,56,Madurai,Tamil Nadu,2025-05-07,Regular
CUST07544,Customer 07544,Female,23,Bengaluru,Karnataka,2024-01-28,VIP
CUST07545,Customer 07545,Male,21,Madurai,Tamil Nadu,2025-03-23,Loyal
CUST07546,Customer 07546,Male,26,Ahmedabad,Gujarat,2024-07-07,Regular
CUST07547,Customer 07547,Male,22,Pune,Maharashtra,2025-01-24,Regular
CUST07548,Customer 07548,Male,27,Madurai,Tamil Nadu,2023-07-29,Regular
CUST07549,Customer 07549,Male,64,Madurai,Tamil Nadu,2023-12-07,New
CUST07550,Customer 07550,Female,25,Mumbai,Maharashtra,2024-04-13,New
CUST07551,Customer 07551,Male,40,Chennai,Tamil Nadu,2025-10-14,Regular
CUST07552,Customer 07552,Other,21,Chennai,Tamil Nadu,2024-03-24,Regular
CUST07553,Customer 07553,Male,54,Mumbai,Maharashtra,2023-02-03,New
CUST07554,Customer 07554,Female,24,Hyderabad,Telangana,2025-10-31,Regular
CUST07555,Customer 07555,Female,23,Mumbai,Maharashtra,2023-08-25,New
CUST07556,Customer 07556,Male,62,Madurai,Tamil Nadu,2022-11-24,Loyal
CUST07557,Customer 07557,Female,59,Madurai,Tamil Nadu,2025-07-19,New
CUST07558,Customer 07558,Female,32,Mumbai,Maharashtra,2025-08-11,New
CUST07559,Customer 07559,Female,52,Mumbai,Maharashtra,2023-01-30,Regular
CUST07560,Customer 07560,Female,49,Hyderabad,Telangana,2026-02-04,Regular
CUST07561,Customer 07561,Male,31,Bengaluru,Karnataka,2023-07-02,Regular
CUST07562,Customer 07562,Female,52,Pune,Maharashtra,2024-11-07,Regular
CUST07563,Customer 07563,Female,28,Kolkata,West Bengal,2024-07-07,Regular
CUST07564,Customer 07564,Male,27,Madurai,Tamil Nadu,2022-03-18,Loyal
CUST07565,Customer 07565,Male,34,Pune,Maharashtra,2024-12-08,New
CUST07566,Customer 07566,Female,30,Mumbai,Maharashtra,2026-03-02,Regular
CUST07567,Customer 07567,Male,51,Hyderabad,Telangana,2025-12-20,VIP
CUST07568,Customer 07568,Female,62,Delhi,Delhi,2026-04-29,New
CUST07569,Customer 07569,Female,22,Hyderabad,Telangana,2024-10-14,Regular
CUST07570,Customer 07570,Female,65,Coimbatore,Tamil Nadu,2022-05-09,New
CUST07571,Customer 07571,Male,27,Coimbatore,Tamil Nadu,2023-06-03,New
CUST07572,Customer 07572,Male,49,Pune,Maharashtra,2022-10-31,Regular
CUST07573,Customer 07573,Male,29,Chennai,Tamil Nadu,2025-02-09,New
CUST07574,Customer 07574,Female,30,Coimbatore,Tamil Nadu,2023-12-26,New
CUST07575,Customer 07575,Female,38,Coimbatore,Tamil Nadu,2024-06-30,Regular
CUST07576,Customer 07576,Female,65,Bengaluru,Karnataka,2024-03-26,New
CUST07577,Customer 07577,Female,50,Delhi,Delhi,2024-08-31,Loyal
CUST07578,Customer 07578,Male,58,Bengaluru,Karnataka,2024-03-29,Loyal
CUST07579,Customer 07579,Male,65,Delhi,Delhi,2022-12-29,Regular
CUST07580,Customer 07580,Female,64,Ahmedabad,Gujarat,2024-12-25,VIP
CUST07581,Customer 07581,Female,49,Kolkata,West Bengal,2024-11-20,Regular
CUST07582,Customer 07582,Male,29,Madurai,Tamil Nadu,2025-08-11,Loyal
CUST07583,Customer 07583,Male,63,Coimbatore,Tamil Nadu,2024-03-19,New
CUST07584,Customer 07584,Male,52,Madurai,Tamil Nadu,2025-09-04,Loyal
CUST07585,Customer 07585,Male,53,Coimbatore,Tamil Nadu,2024-11-03,VIP
CUST07586,Customer 07586,Female,55,Bengaluru,Karnataka,2023-07-24,New
CUST07587,Customer 07587,Female,65,Kolkata,West Bengal,2024-08-27,Regular
CUST07588,Customer 07588,Female,45,Bengaluru,Karnataka,2025-06-19,Loyal
CUST07589,Customer 07589,Female,30,Bengaluru,Karnataka,2022-12-19,Regular
CUST07590,Customer 07590,Female,29,Delhi,Delhi,2025-06-25,Regular
CUST07591,Customer 07591,Female,39,Chennai,Tamil Nadu,2023-09-02,New
CUST07592,Customer 07592,Male,61,Hyderabad,Telangana,2023-04-13,New
CUST07593,Customer 07593,Female,19,Pune,Maharashtra,2024-07-12,New
CUST07594,Customer 07594,Male,46,Madurai,Tamil Nadu,2023-01-23,Regular
CUST07595,Customer 07595,Male,30,Ahmedabad,Gujarat,2024-01-29,Regular
CUST07596,Customer 07596,Male,52,Coimbatore,Tamil Nadu,2023-03-18,Loyal
CUST07597,Customer 07597,Female,30,Bengaluru,Karnataka,2025-09-27,Regular
CUST07598,Customer 07598,Male,51,Chennai,Tamil Nadu,2023-05-31,Regular
CUST07599,Customer 07599,Male,36,Bengaluru,Karnataka,2024-04-22,New
CUST07600,Customer 07600,Male,26,Kolkata,West Bengal,2022-02-14,Loyal
CUST07601,Customer 07601,Female,48,Delhi,Delhi,2025-12-13,Regular
CUST07602,Customer 07602,Female,50,Ahmedabad,Gujarat,2023-12-24,Loyal
CUST07603,Customer 07603,Female,44,Hyderabad,Telangana,2024-01-26,New
CUST07604,Customer 07604,Male,62,Kolkata,West Bengal,2022-07-22,Regular
CUST07605,Customer 07605,Male,19,Mumbai,Maharashtra,2023-06-23,Regular
CUST07606,Customer 07606,Female,32,Ahmedabad,Gujarat,2023-01-21,New
CUST07607,Customer 07607,Male,36,Bengaluru,Karnataka,2023-09-22,Loyal
CUST07608,Customer 07608,Female,48,Kolkata,West Bengal,2024-08-25,Regular
CUST07609,Customer 07609,Female,33,Hyderabad,Telangana,2024-01-08,Regular
CUST07610,Customer 07610,Female,60,Chennai,Tamil Nadu,2022-12-26,Loyal
CUST07611,Customer 07611,Female,32,Chennai,Tamil Nadu,2026-01-31,Regular
CUST07612,Customer 07612,Male,23,Madurai,Tamil Nadu,2024-09-09,New
CUST07613,Customer 07613,Male,31,Hyderabad,Telangana,2022-07-24,VIP
CUST07614,Customer 07614,Female,44,Chennai,Tamil Nadu,2025-06-24,Regular
CUST07615,Customer 07615,Male,55,Kolkata,West Bengal,2024-09-17,Loyal
CUST07616,Customer 07616,Male,36,Madurai,Tamil Nadu,2024-12-08,Loyal
CUST07617,Customer 07617,Male,54,Chennai,Tamil Nadu,2023-01-01,New
CUST07618,Customer 07618,Male,60,Ahmedabad,Gujarat,2022-09-10,Regular
CUST07619,Customer 07619,Male,21,Delhi,Delhi,2022-03-19,New
CUST07620,Customer 07620,Male,43,Mumbai,Maharashtra,2024-02-08,Regular
CUST07621,Customer 07621,Female,26,Hyderabad,Telangana,2023-09-24,Loyal
CUST07622,Customer 07622,Female,58,Kolkata,West Bengal,2024-09-13,New
CUST07623,Customer 07623,Female,57,Coimbatore,Tamil Nadu,2023-02-21,New
CUST07624,Customer 07624,Female,32,Bengaluru,Karnataka,2024-11-24,Regular
CUST07625,Customer 07625,Male,58,Kolkata,West Bengal,2026-01-01,Regular
CUST07626,Customer 07626,Male,54,Chennai,Tamil Nadu,2022-11-08,Regular
CUST07627,Customer 07627,Male,21,Kolkata,West Bengal,2025-03-12,Loyal
CUST07628,Customer 07628,Female,43,Coimbatore,Tamil Nadu,2022-07-16,Regular
CUST07629,Customer 07629,Female,35,Bengaluru,Karnataka,2024-09-23,Loyal
CUST07630,Customer 07630,Male,58,Madurai,Tamil Nadu,2022-09-17,New
CUST07631,Customer 07631,Male,52,Chennai,Tamil Nadu,2025-10-21,Regular
CUST07632,Customer 07632,Other,58,Pune,Maharashtra,2023-08-19,Regular
CUST07633,Customer 07633,Female,58,Chennai,Tamil Nadu,2025-04-30,VIP
CUST07634,Customer 07634,Female,46,Mumbai,Maharashtra,2026-02-19,Regular
CUST07635,Customer 07635,Male,41,Pune,Maharashtra,2023-06-18,VIP
CUST07636,Customer 07636,Male,21,Mumbai,Maharashtra,2022-01-24,Loyal
CUST07637,Customer 07637,Female,38,Coimbatore,Tamil Nadu,2024-07-31,Loyal
CUST07638,Customer 07638,Female,56,Hyderabad,Telangana,2025-01-03,Regular
CUST07639,Customer 07639,Female,24,Bengaluru,Karnataka,2024-07-11,Regular
CUST07640,Customer 07640,Female,40,Delhi,Delhi,2025-11-18,Regular
CUST07641,Customer 07641,Female,57,Madurai,Tamil Nadu,2023-11-10,Regular
CUST07642,Customer 07642,Female,38,Delhi,Delhi,2026-01-21,Loyal
CUST07643,Customer 07643,Male,18,Ahmedabad,Gujarat,2022-04-20,Loyal
CUST07644,Customer 07644,Male,58,Ahmedabad,Gujarat,2022-03-31,Loyal
CUST07645,Customer 07645,Female,42,Coimbatore,Tamil Nadu,2022-02-06,Regular
CUST07646,Customer 07646,Male,48,Hyderabad,Telangana,2024-04-01,New
CUST07647,Customer 07647,Female,61,Ahmedabad,Gujarat,2024-09-19,Regular
CUST07648,Customer 07648,Female,55,Chennai,Tamil Nadu,2026-05-06,Regular
CUST07649,Customer 07649,Other,62,Kolkata,West Bengal,2023-07-26,Loyal
CUST07650,Customer 07650,Male,22,Mumbai,Maharashtra,2023-08-07,Loyal
CUST07651,Customer 07651,Male,48,Ahmedabad,Gujarat,2022-11-03,New
CUST07652,Customer 07652,Female,18,Coimbatore,Tamil Nadu,2022-03-03,Regular
CUST07653,Customer 07653,Female,47,Mumbai,Maharashtra,2022-11-01,Regular
CUST07654,Customer 07654,Female,35,Chennai,Tamil Nadu,2022-06-28,Regular
CUST07655,Customer 07655,Male,25,Hyderabad,Telangana,2023-06-24,Regular
CUST07656,Customer 07656,Male,43,Bengaluru,Karnataka,2024-07-20,New
CUST07657,Customer 07657,Female,57,Delhi,Delhi,2024-07-20,New
CUST07658,Customer 07658,Female,32,Chennai,Tamil Nadu,2024-04-24,Loyal
CUST07659,Customer 07659,Female,36,Madurai,Tamil Nadu,2026-01-07,New
CUST07660,Customer 07660,Male,27,Pune,Maharashtra,2026-03-23,Loyal
CUST07661,Customer 07661,Male,41,Coimbatore,Tamil Nadu,2024-11-25,Regular
CUST07662,Customer 07662,Male,33,Delhi,Delhi,2024-01-20,VIP
CUST07663,Customer 07663,Other,60,Madurai,Tamil Nadu,2026-02-10,VIP
CUST07664,Customer 07664,Female,48,Bengaluru,Karnataka,2025-01-01,Regular
CUST07665,Customer 07665,Male,61,Madurai,Tamil Nadu,2024-11-19,Regular
CUST07666,Customer 07666,Male,33,Hyderabad,Telangana,2024-01-09,Regular
CUST07667,Customer 07667,Female,33,Pune,Maharashtra,2025-08-19,New
CUST07668,Customer 07668,Male,45,Mumbai,Maharashtra,2025-10-02,New
CUST07669,Customer 07669,Female,37,Delhi,Delhi,2024-03-07,Regular
CUST07670,Customer 07670,Female,52,Pune,Maharashtra,2026-03-15,Loyal
CUST07671,Customer 07671,Male,26,Kolkata,West Bengal,2026-03-21,Regular
CUST07672,Customer 07672,Male,57,Chennai,Tamil Nadu,2024-12-24,Regular
CUST07673,Customer 07673,Female,27,Kolkata,West Bengal,2024-01-17,Regular
CUST07674,Customer 07674,Male,62,Chennai,Tamil Nadu,2023-09-19,Loyal
CUST07675,Customer 07675,Male,35,Hyderabad,Telangana,2023-03-29,New
CUST07676,Customer 07676,Female,62,Pune,Maharashtra,2024-04-10,New
CUST07677,Customer 07677,Female,62,Bengaluru,Karnataka,2024-01-28,Loyal
CUST07678,Customer 07678,Female,32,Ahmedabad,Gujarat,2024-05-10,New
CUST07679,Customer 07679,Male,62,Madurai,Tamil Nadu,2026-04-02,Regular
CUST07680,Customer 07680,Male,47,Ahmedabad,Gujarat,2024-03-29,Regular
CUST07681,Customer 07681,Male,65,Pune,Maharashtra,2025-10-24,Regular
CUST07682,Customer 07682,Male,49,Kolkata,West Bengal,2024-11-26,Regular
CUST07683,Customer 07683,Female,57,Ahmedabad,Gujarat,2023-01-16,Loyal
CUST07684,Customer 07684,Male,44,Coimbatore,Tamil Nadu,2025-05-27,New
CUST07685,Customer 07685,Female,44,Ahmedabad,Gujarat,2023-10-11,New
CUST07686,Customer 07686,Male,36,Chennai,Tamil Nadu,2022-09-03,Regular
CUST07687,Customer 07687,Male,27,Coimbatore,Tamil Nadu,2026-04-23,Regular
CUST07688,Customer 07688,Other,61,Delhi,Delhi,2022-09-08,Regular
CUST07689,Customer 07689,Male,63,Ahmedabad,Gujarat,2023-07-19,Loyal
CUST07690,Customer 07690,Male,23,Coimbatore,Tamil Nadu,2024-06-27,Loyal
CUST07691,Customer 07691,Male,41,Pune,Maharashtra,2025-10-01,New
CUST07692,Customer 07692,Male,26,Madurai,Tamil Nadu,2024-03-31,Regular
CUST07693,Customer 07693,Female,44,Delhi,Delhi,2023-12-16,New
CUST07694,Customer 07694,Male,24,Bengaluru,Karnataka,2023-04-17,Loyal
CUST07695,Customer 07695,Female,23,Bengaluru,Karnataka,2026-05-04,Regular
CUST07696,Customer 07696,Female,50,Hyderabad,Telangana,2022-05-02,Regular
CUST07697,Customer 07697,Female,38,Ahmedabad,Gujarat,2025-09-11,Loyal
CUST07698,Customer 07698,Male,63,Madurai,Tamil Nadu,2026-04-01,Regular
CUST07699,Customer 07699,Female,55,Mumbai,Maharashtra,2024-02-20,New
CUST07700,Customer 07700,Male,61,Coimbatore,Tamil Nadu,2024-01-18,Regular
CUST07701,Customer 07701,Female,34,Delhi,Delhi,2022-05-01,Regular
CUST07702,Customer 07702,Female,48,Pune,Maharashtra,2022-05-19,Loyal
CUST07703,Customer 07703,Male,54,Ahmedabad,Gujarat,2022-03-28,Regular
CUST07704,Customer 07704,Female,28,Pune,Maharashtra,2022-05-10,New
CUST07705,Customer 07705,Female,45,Mumbai,Maharashtra,2022-09-09,Regular
CUST07706,Customer 07706,Female,22,Hyderabad,Telangana,2024-02-26,Loyal
CUST07707,Customer 07707,Male,29,Mumbai,Maharashtra,2025-10-15,Loyal
CUST07708,Customer 07708,Female,20,Chennai,Tamil Nadu,2025-12-24,New
CUST07709,Customer 07709,Female,58,Kolkata,West Bengal,2022-02-16,New
CUST07710,Customer 07710,Male,55,Delhi,Delhi,2023-05-16,Regular
CUST07711,Customer 07711,Female,19,Kolkata,West Bengal,2023-03-01,Regular
CUST07712,Customer 07712,Male,43,Mumbai,Maharashtra,2025-10-30,New
CUST07713,Customer 07713,Male,19,Hyderabad,Telangana,2024-08-22,Regular
CUST07714,Customer 07714,Female,29,Hyderabad,Telangana,2024-01-01,VIP
CUST07715,Customer 07715,Female,57,Bengaluru,Karnataka,2022-04-21,Regular
CUST07716,Customer 07716,Female,19,Ahmedabad,Gujarat,2025-06-04,Regular
CUST07717,Customer 07717,Female,58,Bengaluru,Karnataka,2024-11-28,Loyal
CUST07718,Customer 07718,Male,33,Delhi,Delhi,2022-05-15,New
CUST07719,Customer 07719,Male,47,Delhi,Delhi,2025-08-11,Regular
CUST07720,Customer 07720,Female,64,Delhi,Delhi,2023-09-02,Regular
CUST07721,Customer 07721,Male,63,Pune,Maharashtra,2024-11-23,Regular
CUST07722,Customer 07722,Female,53,Bengaluru,Karnataka,2024-09-13,Loyal
CUST07723,Customer 07723,Female,21,Pune,Maharashtra,2023-03-04,Regular
CUST07724,Customer 07724,Male,28,Kolkata,West Bengal,2024-12-27,New
CUST07725,Customer 07725,Male,41,Ahmedabad,Gujarat,2022-07-18,Loyal
CUST07726,Customer 07726,Female,35,Mumbai,Maharashtra,2023-07-14,New
CUST07727,Customer 07727,Female,44,Coimbatore,Tamil Nadu,2022-09-16,Regular
CUST07728,Customer 07728,Female,54,Bengaluru,Karnataka,2023-12-26,Regular
CUST07729,Customer 07729,Female,19,Coimbatore,Tamil Nadu,2023-11-05,VIP
CUST07730,Customer 07730,Female,32,Hyderabad,Telangana,2022-05-17,Regular
CUST07731,Customer 07731,Male,28,Bengaluru,Karnataka,2024-07-04,Regular
CUST07732,Customer 07732,Male,44,Kolkata,West Bengal,2024-07-24,Regular
CUST07733,Customer 07733,Male,65,Bengaluru,Karnataka,2023-01-16,VIP
CUST07734,Customer 07734,Male,64,Pune,Maharashtra,2026-03-28,Loyal
CUST07735,Customer 07735,Male,40,Ahmedabad,Gujarat,2022-08-26,New
CUST07736,Customer 07736,Male,52,Mumbai,Maharashtra,2025-07-31,Loyal
CUST07737,Customer 07737,Male,47,Madurai,Tamil Nadu,2023-11-19,Loyal
CUST07738,Customer 07738,Male,64,Mumbai,Maharashtra,2023-04-03,Regular
CUST07739,Customer 07739,Female,41,Mumbai,Maharashtra,2025-03-04,Regular
CUST07740,Customer 07740,Female,36,Hyderabad,Telangana,2022-03-23,Regular
CUST07741,Customer 07741,Male,46,Kolkata,West Bengal,2023-08-18,Regular
CUST07742,Customer 07742,Female,30,Coimbatore,Tamil Nadu,2023-10-16,Loyal
CUST07743,Customer 07743,Male,65,Kolkata,West Bengal,2025-05-17,New
CUST07744,Customer 07744,Female,40,Madurai,Tamil Nadu,2023-02-07,Regular
CUST07745,Customer 07745,Male,29,Hyderabad,Telangana,2024-04-01,New
CUST07746,Customer 07746,Female,65,Ahmedabad,Gujarat,2022-07-07,Loyal
CUST07747,Customer 07747,Male,58,Mumbai,Maharashtra,2023-05-08,Regular
CUST07748,Customer 07748,Female,46,Pune,Maharashtra,2022-09-12,Regular
CUST07749,Customer 07749,Male,23,Hyderabad,Telangana,2025-09-08,Loyal
CUST07750,Customer 07750,Female,40,Delhi,Delhi,2023-03-01,Loyal
CUST07751,Customer 07751,Male,48,Bengaluru,Karnataka,2025-12-09,Loyal
CUST07752,Customer 07752,Male,62,Kolkata,West Bengal,2025-04-05,New
CUST07753,Customer 07753,Female,38,Hyderabad,Telangana,2023-04-30,Regular
CUST07754,Customer 07754,Male,41,Delhi,Delhi,2023-03-12,Loyal
CUST07755,Customer 07755,Female,25,Coimbatore,Tamil Nadu,2026-04-05,New
CUST07756,Customer 07756,Male,61,Madurai,Tamil Nadu,2026-02-13,Regular
CUST07757,Customer 07757,Male,26,Madurai,Tamil Nadu,2022-06-29,Regular
CUST07758,Customer 07758,Female,39,Mumbai,Maharashtra,2024-12-30,Loyal
CUST07759,Customer 07759,Male,21,Mumbai,Maharashtra,2024-06-19,Regular
CUST07760,Customer 07760,Male,30,Hyderabad,Telangana,2026-01-04,Regular
CUST07761,Customer 07761,Female,51,Hyderabad,Telangana,2023-10-06,Regular
CUST07762,Customer 07762,Female,20,Ahmedabad,Gujarat,2022-05-19,New
CUST07763,Customer 07763,Female,54,Bengaluru,Karnataka,2024-02-26,Loyal
CUST07764,Customer 07764,Male,45,Chennai,Tamil Nadu,2022-04-12,Regular
CUST07765,Customer 07765,Female,43,Coimbatore,Tamil Nadu,2023-04-13,Regular
CUST07766,Customer 07766,Male,63,Mumbai,Maharashtra,2022-10-10,New
CUST07767,Customer 07767,Male,51,Chennai,Tamil Nadu,2024-11-18,Regular
CUST07768,Customer 07768,Female,32,Chennai,Tamil Nadu,2022-01-18,Loyal
CUST07769,Customer 07769,Male,25,Bengaluru,Karnataka,2024-01-26,VIP
CUST07770,Customer 07770,Male,65,Pune,Maharashtra,2023-11-18,Regular
CUST07771,Customer 07771,Male,52,Pune,Maharashtra,2026-03-12,New
CUST07772,Customer 07772,Female,41,Mumbai,Maharashtra,2023-08-24,Regular
CUST07773,Customer 07773,Female,54,Delhi,Delhi,2024-11-09,Regular
CUST07774,Customer 07774,Female,21,Bengaluru,Karnataka,2025-09-11,Regular
CUST07775,Customer 07775,Male,29,Bengaluru,Karnataka,2025-10-11,Regular
CUST07776,Customer 07776,Female,36,Kolkata,West Bengal,2023-03-09,Loyal
CUST07777,Customer 07777,Female,32,Chennai,Tamil Nadu,2025-11-23,Loyal
CUST07778,Customer 07778,Male,47,Kolkata,West Bengal,2024-11-07,Regular
CUST07779,Customer 07779,Male,62,Chennai,Tamil Nadu,2026-04-23,Loyal
CUST07780,Customer 07780,Male,54,Pune,Maharashtra,2023-01-11,Loyal
CUST07781,Customer 07781,Male,29,Mumbai,Maharashtra,2025-09-25,Regular
CUST07782,Customer 07782,Female,36,Coimbatore,Tamil Nadu,2025-03-19,Loyal
CUST07783,Customer 07783,Male,51,Pune,Maharashtra,2024-10-07,Loyal
CUST07784,Customer 07784,Male,24,Bengaluru,Karnataka,2023-12-17,Regular
CUST07785,Customer 07785,Female,45,Coimbatore,Tamil Nadu,2025-06-10,Loyal
CUST07786,Customer 07786,Female,45,Hyderabad,Telangana,2025-02-01,Regular
CUST07787,Customer 07787,Female,46,Coimbatore,Tamil Nadu,2024-10-20,Regular
CUST07788,Customer 07788,Male,54,Coimbatore,Tamil Nadu,2024-01-07,Regular
CUST07789,Customer 07789,Male,37,Pune,Maharashtra,2022-08-09,Loyal
CUST07790,Customer 07790,Male,28,Bengaluru,Karnataka,2024-11-15,New
CUST07791,Customer 07791,Male,56,Coimbatore,Tamil Nadu,2024-12-23,Regular
CUST07792,Customer 07792,Male,59,Pune,Maharashtra,2022-09-11,Regular
CUST07793,Customer 07793,Female,40,Pune,Maharashtra,2025-06-26,Regular
CUST07794,Customer 07794,Male,63,Coimbatore,Tamil Nadu,2024-01-06,Regular
CUST07795,Customer 07795,Male,37,Chennai,Tamil Nadu,2024-04-05,Regular
CUST07796,Customer 07796,Male,37,Bengaluru,Karnataka,2025-02-28,Regular
CUST07797,Customer 07797,Female,28,Madurai,Tamil Nadu,2022-01-30,Loyal
CUST07798,Customer 07798,Female,19,Coimbatore,Tamil Nadu,2024-02-26,Regular
CUST07799,Customer 07799,Female,30,Kolkata,West Bengal,2022-01-10,Loyal
CUST07800,Customer 07800,Male,30,Kolkata,West Bengal,2025-01-17,Regular
CUST07801,Customer 07801,Male,58,Hyderabad,Telangana,2023-03-06,Regular
CUST07802,Customer 07802,Male,32,Bengaluru,Karnataka,2025-03-16,Loyal
CUST07803,Customer 07803,Male,48,Pune,Maharashtra,2025-02-24,Regular
CUST07804,Customer 07804,Female,40,Ahmedabad,Gujarat,2023-11-29,Loyal
CUST07805,Customer 07805,Other,39,Mumbai,Maharashtra,2022-05-04,New
CUST07806,Customer 07806,Female,33,Delhi,Delhi,2025-09-26,Regular
CUST07807,Customer 07807,Female,59,Ahmedabad,Gujarat,2026-03-22,Regular
CUST07808,Customer 07808,Female,46,Bengaluru,Karnataka,2022-02-20,Regular
CUST07809,Customer 07809,Male,37,Bengaluru,Karnataka,2023-02-02,Regular
CUST07810,Customer 07810,Other,45,Coimbatore,Tamil Nadu,2022-11-10,New
CUST07811,Customer 07811,Male,44,Coimbatore,Tamil Nadu,2023-10-10,Regular
CUST07812,Customer 07812,Female,61,Ahmedabad,Gujarat,2023-05-29,Regular
CUST07813,Customer 07813,Male,46,Pune,Maharashtra,2023-05-17,Regular
CUST07814,Customer 07814,Male,22,Hyderabad,Telangana,2023-06-14,Regular
CUST07815,Customer 07815,Female,59,Coimbatore,Tamil Nadu,2023-11-28,Regular
CUST07816,Customer 07816,Male,55,Delhi,Delhi,2024-01-04,Regular
CUST07817,Customer 07817,Male,55,Delhi,Delhi,2024-05-09,Loyal
CUST07818,Customer 07818,Male,61,Hyderabad,Telangana,2023-02-23,Regular
CUST07819,Customer 07819,Male,19,Chennai,Tamil Nadu,2022-07-13,Regular
CUST07820,Customer 07820,Female,62,Chennai,Tamil Nadu,2022-11-08,Regular
CUST07821,Customer 07821,Female,37,Bengaluru,Karnataka,2024-09-22,Regular
CUST07822,Customer 07822,Male,60,Coimbatore,Tamil Nadu,2023-12-23,Regular
CUST07823,Customer 07823,Male,64,Kolkata,West Bengal,2025-08-15,Regular
CUST07824,Customer 07824,Female,30,Ahmedabad,Gujarat,2025-09-14,Regular
CUST07825,Customer 07825,Male,43,Madurai,Tamil Nadu,2023-04-21,Regular
CUST07826,Customer 07826,Male,52,Hyderabad,Telangana,2023-08-07,New
CUST07827,Customer 07827,Male,63,Bengaluru,Karnataka,2022-04-27,New
CUST07828,Customer 07828,Female,25,Kolkata,West Bengal,2022-09-21,Regular
CUST07829,Customer 07829,Male,45,Coimbatore,Tamil Nadu,2026-03-21,New
CUST07830,Customer 07830,Male,58,Kolkata,West Bengal,2026-03-23,Regular
CUST07831,Customer 07831,Female,32,Kolkata,West Bengal,2022-01-21,New
CUST07832,Customer 07832,Male,25,Hyderabad,Telangana,2023-04-22,Regular
CUST07833,Customer 07833,Female,28,Bengaluru,Karnataka,2023-07-03,Regular
CUST07834,Customer 07834,Male,46,Pune,Maharashtra,2025-04-11,Regular
CUST07835,Customer 07835,Male,22,Delhi,Delhi,2024-08-05,Loyal
CUST07836,Customer 07836,Male,64,Ahmedabad,Gujarat,2024-10-17,Regular
CUST07837,Customer 07837,Male,64,Bengaluru,Karnataka,2024-12-21,Regular
CUST07838,Customer 07838,Female,24,Madurai,Tamil Nadu,2022-07-25,Regular
CUST07839,Customer 07839,Female,35,Kolkata,West Bengal,2023-09-23,New
CUST07840,Customer 07840,Male,45,Pune,Maharashtra,2022-06-28,New
CUST07841,Customer 07841,Male,29,Hyderabad,Telangana,2024-06-06,New
CUST07842,Customer 07842,Male,29,Mumbai,Maharashtra,2022-12-08,New
CUST07843,Customer 07843,Female,53,Ahmedabad,Gujarat,2023-03-16,Regular
CUST07844,Customer 07844,Female,46,Ahmedabad,Gujarat,2025-01-03,Regular
CUST07845,Customer 07845,Male,28,Delhi,Delhi,2022-10-17,New
CUST07846,Customer 07846,Female,23,Mumbai,Maharashtra,2023-07-11,VIP
CUST07847,Customer 07847,Female,38,Coimbatore,Tamil Nadu,2025-03-13,Loyal
CUST07848,Customer 07848,Female,27,Mumbai,Maharashtra,2023-10-11,VIP
CUST07849,Customer 07849,Male,49,Kolkata,West Bengal,2022-07-27,New
CUST07850,Customer 07850,Male,64,Kolkata,West Bengal,2022-09-29,Loyal
CUST07851,Customer 07851,Male,50,Kolkata,West Bengal,2023-02-19,Loyal
CUST07852,Customer 07852,Female,34,Kolkata,West Bengal,2025-11-21,Loyal
CUST07853,Customer 07853,Female,20,Bengaluru,Karnataka,2023-01-19,Regular
CUST07854,Customer 07854,Female,60,Ahmedabad,Gujarat,2025-07-08,Loyal
CUST07855,Customer 07855,Male,35,Mumbai,Maharashtra,2024-06-09,New
CUST07856,Customer 07856,Male,27,Ahmedabad,Gujarat,2025-04-05,New
CUST07857,Customer 07857,Male,58,Madurai,Tamil Nadu,2024-11-07,New
CUST07858,Customer 07858,Female,56,Mumbai,Maharashtra,2023-10-22,Loyal
CUST07859,Customer 07859,Male,60,Bengaluru,Karnataka,2022-09-04,New
CUST07860,Customer 07860,Male,25,Madurai,Tamil Nadu,2025-08-12,New
CUST07861,Customer 07861,Female,51,Ahmedabad,Gujarat,2023-02-18,VIP
CUST07862,Customer 07862,Male,54,Madurai,Tamil Nadu,2025-09-05,New
CUST07863,Customer 07863,Male,58,Delhi,Delhi,2026-04-27,Loyal
CUST07864,Customer 07864,Male,50,Madurai,Tamil Nadu,2023-12-16,Loyal
CUST07865,Customer 07865,Female,27,Mumbai,Maharashtra,2022-06-30,New
CUST07866,Customer 07866,Female,57,Kolkata,West Bengal,2025-08-12,New
CUST07867,Customer 07867,Female,35,Kolkata,West Bengal,2024-08-01,Regular
CUST07868,Customer 07868,Female,42,Coimbatore,Tamil Nadu,2024-06-11,VIP
CUST07869,Customer 07869,Female,59,Ahmedabad,Gujarat,2022-03-02,Loyal
CUST07870,Customer 07870,Female,58,Delhi,Delhi,2025-05-17,Regular
CUST07871,Customer 07871,Female,53,Mumbai,Maharashtra,2022-06-15,Regular
CUST07872,Customer 07872,Female,19,Mumbai,Maharashtra,2024-10-05,Regular
CUST07873,Customer 07873,Male,36,Hyderabad,Telangana,2025-08-16,Loyal
CUST07874,Customer 07874,Male,27,Chennai,Tamil Nadu,2023-10-17,Regular
CUST07875,Customer 07875,Male,20,Ahmedabad,Gujarat,2022-12-17,New
CUST07876,Customer 07876,Female,36,Mumbai,Maharashtra,2024-12-20,Loyal
CUST07877,Customer 07877,Female,43,Pune,Maharashtra,2022-09-20,Regular
CUST07878,Customer 07878,Female,64,Mumbai,Maharashtra,2022-05-04,New
CUST07879,Customer 07879,Male,42,Hyderabad,Telangana,2025-06-15,Loyal
CUST07880,Customer 07880,Male,34,Madurai,Tamil Nadu,2026-04-15,Regular
CUST07881,Customer 07881,Male,27,Bengaluru,Karnataka,2024-07-20,Regular
CUST07882,Customer 07882,Female,63,Bengaluru,Karnataka,2025-01-18,Regular
CUST07883,Customer 07883,Male,28,Pune,Maharashtra,2022-05-19,Regular
CUST07884,Customer 07884,Female,28,Pune,Maharashtra,2025-10-17,Regular
CUST07885,Customer 07885,Male,29,Coimbatore,Tamil Nadu,2025-12-07,Loyal
CUST07886,Customer 07886,Male,57,Bengaluru,Karnataka,2024-05-09,Regular
CUST07887,Customer 07887,Female,65,Madurai,Tamil Nadu,2025-01-21,Regular
CUST07888,Customer 07888,Male,25,Bengaluru,Karnataka,2022-05-14,Regular
CUST07889,Customer 07889,Male,41,Chennai,Tamil Nadu,2025-05-12,Regular
CUST07890,Customer 07890,Female,31,Ahmedabad,Gujarat,2024-03-29,New
CUST07891,Customer 07891,Male,40,Bengaluru,Karnataka,2024-11-27,Regular
CUST07892,Customer 07892,Other,53,Kolkata,West Bengal,2024-10-14,Regular
CUST07893,Customer 07893,Female,34,Coimbatore,Tamil Nadu,2023-04-02,Regular
CUST07894,Customer 07894,Male,62,Hyderabad,Telangana,2026-04-07,Regular
CUST07895,Customer 07895,Female,22,Pune,Maharashtra,2023-03-14,Loyal
CUST07896,Customer 07896,Male,20,Chennai,Tamil Nadu,2023-11-11,New
CUST07897,Customer 07897,Female,26,Pune,Maharashtra,2023-10-09,Regular
CUST07898,Customer 07898,Female,37,Coimbatore,Tamil Nadu,2023-09-14,Regular
CUST07899,Customer 07899,Female,37,Mumbai,Maharashtra,2025-06-01,Regular
CUST07900,Customer 07900,Male,36,Chennai,Tamil Nadu,2025-04-06,Regular
CUST07901,Customer 07901,Male,38,Delhi,Delhi,2025-02-04,New
CUST07902,Customer 07902,Male,33,Chennai,Tamil Nadu,2025-11-04,Regular
CUST07903,Customer 07903,Female,50,Coimbatore,Tamil Nadu,2022-01-24,Regular
CUST07904,Customer 07904,Female,22,Hyderabad,Telangana,2026-03-15,Regular
CUST07905,Customer 07905,Male,41,Chennai,Tamil Nadu,2024-03-19,Regular
CUST07906,Customer 07906,Female,32,Coimbatore,Tamil Nadu,2025-08-23,Regular
CUST07907,Customer 07907,Male,43,Madurai,Tamil Nadu,2024-07-23,Loyal
CUST07908,Customer 07908,Male,61,Ahmedabad,Gujarat,2025-10-13,Regular
CUST07909,Customer 07909,Male,42,Bengaluru,Karnataka,2023-01-05,New
CUST07910,Customer 07910,Male,45,Madurai,Tamil Nadu,2024-09-23,Regular
CUST07911,Customer 07911,Male,50,Coimbatore,Tamil Nadu,2022-06-20,New
CUST07912,Customer 07912,Female,63,Kolkata,West Bengal,2022-08-10,VIP
CUST07913,Customer 07913,Male,35,Mumbai,Maharashtra,2023-03-19,Loyal
CUST07914,Customer 07914,Male,35,Bengaluru,Karnataka,2025-03-22,New
CUST07915,Customer 07915,Female,55,Kolkata,West Bengal,2024-05-11,Regular
CUST07916,Customer 07916,Male,50,Hyderabad,Telangana,2023-01-11,VIP
CUST07917,Customer 07917,Female,44,Pune,Maharashtra,2022-10-08,Loyal
CUST07918,Customer 07918,Male,32,Delhi,Delhi,2023-12-14,Regular
CUST07919,Customer 07919,Female,61,Bengaluru,Karnataka,2025-05-27,New
CUST07920,Customer 07920,Female,30,Madurai,Tamil Nadu,2024-08-15,Regular
CUST07921,Customer 07921,Male,51,Mumbai,Maharashtra,2024-03-21,Loyal
CUST07922,Customer 07922,Female,21,Kolkata,West Bengal,2024-04-06,Loyal
CUST07923,Customer 07923,Female,52,Coimbatore,Tamil Nadu,2023-05-01,Regular
CUST07924,Customer 07924,Female,36,Bengaluru,Karnataka,2026-03-14,New
CUST07925,Customer 07925,Male,48,Pune,Maharashtra,2022-12-01,VIP
CUST07926,Customer 07926,Male,42,Coimbatore,Tamil Nadu,2024-01-12,Loyal
CUST07927,Customer 07927,Female,57,Kolkata,West Bengal,2023-02-14,New
CUST07928,Customer 07928,Female,29,Mumbai,Maharashtra,2022-02-23,New
CUST07929,Customer 07929,Male,29,Chennai,Tamil Nadu,2023-12-02,Regular
CUST07930,Customer 07930,Male,59,Pune,Maharashtra,2025-01-03,Regular
CUST07931,Customer 07931,Male,42,Coimbatore,Tamil Nadu,2022-12-15,Regular
CUST07932,Customer 07932,Male,50,Pune,Maharashtra,2024-09-01,New
CUST07933,Customer 07933,Male,54,Hyderabad,Telangana,2023-01-28,VIP
CUST07934,Customer 07934,Male,45,Coimbatore,Tamil Nadu,2023-07-08,Loyal
CUST07935,Customer 07935,Male,60,Bengaluru,Karnataka,2025-03-26,New
CUST07936,Customer 07936,Male,26,Chennai,Tamil Nadu,2024-04-26,Loyal
CUST07937,Customer 07937,Female,31,Chennai,Tamil Nadu,2022-03-22,Regular
CUST07938,Customer 07938,Male,20,Delhi,Delhi,2025-05-16,Regular
CUST07939,Customer 07939,Male,22,Pune,Maharashtra,2024-04-05,Loyal
CUST07940,Customer 07940,Male,43,Madurai,Tamil Nadu,2025-01-14,Regular
CUST07941,Customer 07941,Female,58,Chennai,Tamil Nadu,2024-01-14,Loyal
CUST07942,Customer 07942,Female,35,Chennai,Tamil Nadu,2026-01-10,Regular
CUST07943,Customer 07943,Female,55,Hyderabad,Telangana,2022-06-26,Regular
CUST07944,Customer 07944,Male,38,Ahmedabad,Gujarat,2023-05-26,Regular
CUST07945,Customer 07945,Female,56,Hyderabad,Telangana,2022-05-19,Regular
CUST07946,Customer 07946,Male,33,Hyderabad,Telangana,2025-01-30,Regular
CUST07947,Customer 07947,Male,57,Ahmedabad,Gujarat,2023-04-18,VIP
CUST07948,Customer 07948,Female,40,Pune,Maharashtra,2023-06-26,Regular
CUST07949,Customer 07949,Female,46,Coimbatore,Tamil Nadu,2022-07-13,New
CUST07950,Customer 07950,Female,27,Mumbai,Maharashtra,2023-05-01,New
CUST07951,Customer 07951,Female,22,Madurai,Tamil Nadu,2025-08-30,Loyal
CUST07952,Customer 07952,Female,28,Chennai,Tamil Nadu,2024-03-15,Regular
CUST07953,Customer 07953,Male,46,Delhi,Delhi,2022-09-04,Regular
CUST07954,Customer 07954,Male,62,Madurai,Tamil Nadu,2023-09-22,Loyal
CUST07955,Customer 07955,Male,44,Coimbatore,Tamil Nadu,2023-03-14,VIP
CUST07956,Customer 07956,Female,51,Ahmedabad,Gujarat,2022-03-14,Loyal
CUST07957,Customer 07957,Male,31,Madurai,Tamil Nadu,2024-12-28,New
CUST07958,Customer 07958,Female,58,Chennai,Tamil Nadu,2024-01-24,Regular
CUST07959,Customer 07959,Male,59,Madurai,Tamil Nadu,2025-03-21,Loyal
CUST07960,Customer 07960,Male,27,Mumbai,Maharashtra,2024-04-10,Loyal
CUST07961,Customer 07961,Male,59,Ahmedabad,Gujarat,2022-04-04,VIP
CUST07962,Customer 07962,Male,28,Madurai,Tamil Nadu,2023-03-11,Regular
CUST07963,Customer 07963,Female,28,Chennai,Tamil Nadu,2025-12-25,Loyal
CUST07964,Customer 07964,Male,52,Chennai,Tamil Nadu,2023-04-02,New
CUST07965,Customer 07965,Male,36,Madurai,Tamil Nadu,2025-12-24,Regular
CUST07966,Customer 07966,Male,41,Pune,Maharashtra,2022-08-17,Regular
CUST07967,Customer 07967,Male,18,Delhi,Delhi,2022-01-30,VIP
CUST07968,Customer 07968,Male,29,Kolkata,West Bengal,2022-12-01,New
CUST07969,Customer 07969,Male,64,Hyderabad,Telangana,2023-10-22,Regular
CUST07970,Customer 07970,Female,31,Ahmedabad,Gujarat,2023-07-23,VIP
CUST07971,Customer 07971,Male,20,Kolkata,West Bengal,2022-06-26,Regular
CUST07972,Customer 07972,Male,62,Coimbatore,Tamil Nadu,2024-04-03,New
CUST07973,Customer 07973,Female,49,Coimbatore,Tamil Nadu,2023-07-22,Loyal
CUST07974,Customer 07974,Male,33,Chennai,Tamil Nadu,2023-02-13,Loyal
CUST07975,Customer 07975,Male,55,Coimbatore,Tamil Nadu,2024-02-16,Regular
CUST07976,Customer 07976,Female,27,Pune,Maharashtra,2025-06-14,VIP
CUST07977,Customer 07977,Male,34,Delhi,Delhi,2025-07-25,New
CUST07978,Customer 07978,Female,57,Coimbatore,Tamil Nadu,2022-03-18,Loyal
CUST07979,Customer 07979,Female,21,Mumbai,Maharashtra,2024-07-21,Loyal
CUST07980,Customer 07980,Female,32,Delhi,Delhi,2023-09-28,Regular
CUST07981,Customer 07981,Female,50,Pune,Maharashtra,2023-06-24,Loyal
CUST07982,Customer 07982,Male,56,Kolkata,West Bengal,2025-03-27,New
CUST07983,Customer 07983,Male,27,Delhi,Delhi,2025-04-05,New
CUST07984,Customer 07984,Male,24,Delhi,Delhi,2025-04-23,Loyal
CUST07985,Customer 07985,Male,50,Kolkata,West Bengal,2025-11-13,New
CUST07986,Customer 07986,Female,34,Pune,Maharashtra,2022-01-12,New
CUST07987,Customer 07987,Female,29,Coimbatore,Tamil Nadu,2022-06-18,Regular
CUST07988,Customer 07988,Female,34,Chennai,Tamil Nadu,2024-04-10,New
CUST07989,Customer 07989,Female,64,Ahmedabad,Gujarat,2025-12-20,Loyal
CUST07990,Customer 07990,Male,33,Kolkata,West Bengal,2023-03-25,Loyal
CUST07991,Customer 07991,Female,31,Kolkata,West Bengal,2026-02-26,Regular
CUST07992,Customer 07992,Female,20,Kolkata,West Bengal,2023-03-25,Regular
CUST07993,Customer 07993,Female,61,Kolkata,West Bengal,2025-02-03,Regular
CUST07994,Customer 07994,Male,47,Ahmedabad,Gujarat,2023-03-03,New
CUST07995,Customer 07995,Female,63,Ahmedabad,Gujarat,2024-08-13,Regular
CUST07996,Customer 07996,Male,58,Coimbatore,Tamil Nadu,2024-07-04,New
CUST07997,Customer 07997,Female,52,Madurai,Tamil Nadu,2025-01-26,Regular
CUST07998,Customer 07998,Female,43,Madurai,Tamil Nadu,2023-09-23,Regular
CUST07999,Customer 07999,Male,29,Bengaluru,Karnataka,2022-08-14,VIP
CUST08000,Customer 08000,Female,48,Kolkata,West Bengal,2023-03-23,Loyal
CUST08001,Customer 08001,Female,34,Kolkata,West Bengal,2026-02-08,Loyal
CUST08002,Customer 08002,Male,54,Delhi,Delhi,2022-07-22,Regular
CUST08003,Customer 08003,Female,25,Madurai,Tamil Nadu,2024-08-25,Loyal
CUST08004,Customer 08004,Female,36,Coimbatore,Tamil Nadu,2023-11-06,VIP
CUST08005,Customer 08005,Female,43,Chennai,Tamil Nadu,2025-08-13,VIP
CUST08006,Customer 08006,Female,21,Bengaluru,Karnataka,2023-09-26,New
CUST08007,Customer 08007,Male,32,Bengaluru,Karnataka,2022-01-16,Regular
CUST08008,Customer 08008,Female,64,Coimbatore,Tamil Nadu,2025-11-02,Regular
CUST08009,Customer 08009,Male,31,Chennai,Tamil Nadu,2025-09-21,Regular
CUST08010,Customer 08010,Male,47,Delhi,Delhi,2023-09-10,VIP
CUST08011,Customer 08011,Female,65,Ahmedabad,Gujarat,2024-11-09,Regular
CUST08012,Customer 08012,Female,59,Hyderabad,Telangana,2023-03-16,New
CUST08013,Customer 08013,Female,41,Madurai,Tamil Nadu,2025-06-21,Regular
CUST08014,Customer 08014,Female,63,Kolkata,West Bengal,2025-06-21,Regular
CUST08015,Customer 08015,Female,60,Coimbatore,Tamil Nadu,2024-08-28,Loyal
CUST08016,Customer 08016,Male,51,Madurai,Tamil Nadu,2023-01-27,Regular
CUST08017,Customer 08017,Other,36,Kolkata,West Bengal,2023-12-25,Regular
CUST08018,Customer 08018,Male,20,Hyderabad,Telangana,2024-01-06,Regular
CUST08019,Customer 08019,Female,21,Hyderabad,Telangana,2025-07-09,New
CUST08020,Customer 08020,Female,28,Ahmedabad,Gujarat,2022-08-08,Loyal
CUST08021,Customer 08021,Female,30,Pune,Maharashtra,2024-10-28,Loyal
CUST08022,Customer 08022,Male,35,Hyderabad,Telangana,2023-03-22,Regular
CUST08023,Customer 08023,Other,36,Madurai,Tamil Nadu,2022-01-14,VIP
CUST08024,Customer 08024,Female,61,Mumbai,Maharashtra,2023-01-22,Regular
CUST08025,Customer 08025,Female,50,Mumbai,Maharashtra,2023-10-04,Regular
CUST08026,Customer 08026,Male,55,Kolkata,West Bengal,2024-11-11,Loyal
CUST08027,Customer 08027,Female,20,Kolkata,West Bengal,2022-08-13,Regular
CUST08028,Customer 08028,Female,52,Pune,Maharashtra,2022-08-23,Regular
CUST08029,Customer 08029,Female,18,Mumbai,Maharashtra,2025-09-26,New
CUST08030,Customer 08030,Female,52,Kolkata,West Bengal,2024-09-26,Loyal
CUST08031,Customer 08031,Male,53,Hyderabad,Telangana,2023-12-12,VIP
CUST08032,Customer 08032,Male,55,Kolkata,West Bengal,2025-03-03,Regular
CUST08033,Customer 08033,Male,56,Bengaluru,Karnataka,2025-04-16,Regular
CUST08034,Customer 08034,Male,42,Pune,Maharashtra,2026-04-29,Regular
CUST08035,Customer 08035,Other,57,Coimbatore,Tamil Nadu,2026-03-24,Loyal
CUST08036,Customer 08036,Male,30,Chennai,Tamil Nadu,2024-03-02,New
CUST08037,Customer 08037,Male,21,Delhi,Delhi,2026-04-12,Loyal
CUST08038,Customer 08038,Male,23,Chennai,Tamil Nadu,2023-03-13,Loyal
CUST08039,Customer 08039,Female,28,Chennai,Tamil Nadu,2024-12-10,Regular
CUST08040,Customer 08040,Male,18,Ahmedabad,Gujarat,2026-01-06,New
CUST08041,Customer 08041,Male,25,Coimbatore,Tamil Nadu,2023-08-04,Regular
CUST08042,Customer 08042,Male,51,Kolkata,West Bengal,2025-07-28,New
CUST08043,Customer 08043,Male,57,Ahmedabad,Gujarat,2024-12-03,Regular
CUST08044,Customer 08044,Other,26,Chennai,Tamil Nadu,2023-11-18,New
CUST08045,Customer 08045,Male,53,Bengaluru,Karnataka,2022-12-31,Regular
CUST08046,Customer 08046,Female,56,Delhi,Delhi,2022-09-26,Regular
CUST08047,Customer 08047,Other,59,Chennai,Tamil Nadu,2026-05-08,Loyal
CUST08048,Customer 08048,Female,54,Mumbai,Maharashtra,2025-08-09,Loyal
CUST08049,Customer 08049,Other,59,Coimbatore,Tamil Nadu,2025-05-02,VIP
CUST08050,Customer 08050,Other,61,Coimbatore,Tamil Nadu,2025-10-26,Regular
CUST08051,Customer 08051,Female,38,Coimbatore,Tamil Nadu,2026-04-25,New
CUST08052,Customer 08052,Female,37,Pune,Maharashtra,2022-03-19,Regular
CUST08053,Customer 08053,Male,55,Pune,Maharashtra,2022-07-08,New
CUST08054,Customer 08054,Male,18,Hyderabad,Telangana,2025-11-14,New
CUST08055,Customer 08055,Female,52,Madurai,Tamil Nadu,2024-11-14,Regular
CUST08056,Customer 08056,Female,45,Delhi,Delhi,2025-08-18,Regular
CUST08057,Customer 08057,Female,24,Ahmedabad,Gujarat,2023-11-02,New
CUST08058,Customer 08058,Female,60,Kolkata,West Bengal,2022-12-24,Regular
CUST08059,Customer 08059,Male,61,Chennai,Tamil Nadu,2024-08-16,Regular
CUST08060,Customer 08060,Female,26,Madurai,Tamil Nadu,2025-01-22,Regular
CUST08061,Customer 08061,Male,18,Kolkata,West Bengal,2026-04-24,Loyal
CUST08062,Customer 08062,Male,53,Ahmedabad,Gujarat,2022-12-02,New
CUST08063,Customer 08063,Female,51,Madurai,Tamil Nadu,2025-04-02,Regular
CUST08064,Customer 08064,Male,51,Kolkata,West Bengal,2024-06-21,New
CUST08065,Customer 08065,Female,34,Bengaluru,Karnataka,2022-12-07,New
CUST08066,Customer 08066,Female,49,Pune,Maharashtra,2024-04-13,Loyal
CUST08067,Customer 08067,Male,19,Ahmedabad,Gujarat,2023-07-21,Regular
CUST08068,Customer 08068,Female,53,Delhi,Delhi,2022-03-13,Loyal
CUST08069,Customer 08069,Female,42,Mumbai,Maharashtra,2024-12-01,Regular
CUST08070,Customer 08070,Male,60,Bengaluru,Karnataka,2023-02-15,Regular
CUST08071,Customer 08071,Male,43,Pune,Maharashtra,2024-06-16,Loyal
CUST08072,Customer 08072,Female,62,Coimbatore,Tamil Nadu,2024-04-17,Loyal
CUST08073,Customer 08073,Male,43,Pune,Maharashtra,2023-10-06,New
CUST08074,Customer 08074,Female,38,Madurai,Tamil Nadu,2022-01-21,Loyal
CUST08075,Customer 08075,Male,35,Hyderabad,Telangana,2024-10-21,Regular
CUST08076,Customer 08076,Female,46,Bengaluru,Karnataka,2023-11-09,Regular
CUST08077,Customer 08077,Female,41,Coimbatore,Tamil Nadu,2026-05-15,Regular
CUST08078,Customer 08078,Male,64,Madurai,Tamil Nadu,2025-01-04,VIP
CUST08079,Customer 08079,Female,45,Ahmedabad,Gujarat,2023-08-26,New
CUST08080,Customer 08080,Female,29,Delhi,Delhi,2025-11-22,Loyal
CUST08081,Customer 08081,Female,28,Pune,Maharashtra,2022-03-29,New
CUST08082,Customer 08082,Female,44,Ahmedabad,Gujarat,2022-01-17,Regular
CUST08083,Customer 08083,Female,40,Coimbatore,Tamil Nadu,2025-09-14,Loyal
CUST08084,Customer 08084,Female,50,Madurai,Tamil Nadu,2024-07-31,Regular
CUST08085,Customer 08085,Female,33,Hyderabad,Telangana,2025-05-18,New
CUST08086,Customer 08086,Female,45,Pune,Maharashtra,2024-04-03,Regular
CUST08087,Customer 08087,Male,45,Delhi,Delhi,2023-01-18,Loyal
CUST08088,Customer 08088,Other,62,Hyderabad,Telangana,2026-05-08,Regular
CUST08089,Customer 08089,Male,55,Kolkata,West Bengal,2023-10-02,New
CUST08090,Customer 08090,Male,23,Madurai,Tamil Nadu,2025-03-15,Regular
CUST08091,Customer 08091,Male,59,Ahmedabad,Gujarat,2023-03-29,Loyal
CUST08092,Customer 08092,Male,46,Pune,Maharashtra,2024-03-26,Regular
CUST08093,Customer 08093,Male,51,Pune,Maharashtra,2025-11-17,Loyal
CUST08094,Customer 08094,Male,20,Coimbatore,Tamil Nadu,2022-11-06,Loyal
CUST08095,Customer 08095,Male,23,Delhi,Delhi,2024-07-19,New
CUST08096,Customer 08096,Female,65,Mumbai,Maharashtra,2023-05-07,Regular
CUST08097,Customer 08097,Male,55,Kolkata,West Bengal,2024-01-30,Regular
CUST08098,Customer 08098,Male,30,Hyderabad,Telangana,2025-12-24,New
CUST08099,Customer 08099,Male,53,Bengaluru,Karnataka,2022-01-01,New
CUST08100,Customer 08100,Male,32,Bengaluru,Karnataka,2022-02-10,Loyal
CUST08101,Customer 08101,Male,23,Pune,Maharashtra,2023-11-03,New
CUST08102,Customer 08102,Female,50,Coimbatore,Tamil Nadu,2022-07-31,Regular
CUST08103,Customer 08103,Other,58,Chennai,Tamil Nadu,2025-09-18,Regular
CUST08104,Customer 08104,Female,29,Pune,Maharashtra,2026-01-09,New
CUST08105,Customer 08105,Female,60,Bengaluru,Karnataka,2022-10-31,Regular
CUST08106,Customer 08106,Male,30,Bengaluru,Karnataka,2026-04-28,Loyal
CUST08107,Customer 08107,Male,50,Kolkata,West Bengal,2023-11-22,New
CUST08108,Customer 08108,Male,45,Ahmedabad,Gujarat,2025-03-23,New
CUST08109,Customer 08109,Female,53,Chennai,Tamil Nadu,2023-09-08,Loyal
CUST08110,Customer 08110,Male,22,Pune,Maharashtra,2023-06-07,Regular
CUST08111,Customer 08111,Female,42,Kolkata,West Bengal,2022-01-25,Loyal
CUST08112,Customer 08112,Male,34,Coimbatore,Tamil Nadu,2024-03-18,New
CUST08113,Customer 08113,Male,54,Kolkata,West Bengal,2022-01-25,Loyal
CUST08114,Customer 08114,Other,36,Pune,Maharashtra,2023-08-19,Regular
CUST08115,Customer 08115,Female,52,Madurai,Tamil Nadu,2025-02-03,Regular
CUST08116,Customer 08116,Female,60,Mumbai,Maharashtra,2025-02-16,New
CUST08117,Customer 08117,Female,51,Pune,Maharashtra,2022-04-18,New
CUST08118,Customer 08118,Female,63,Delhi,Delhi,2025-09-15,Loyal
CUST08119,Customer 08119,Female,23,Bengaluru,Karnataka,2022-06-29,New
CUST08120,Customer 08120,Female,36,Chennai,Tamil Nadu,2024-05-30,New
CUST08121,Customer 08121,Male,18,Chennai,Tamil Nadu,2022-05-11,Regular
CUST08122,Customer 08122,Female,24,Ahmedabad,Gujarat,2023-08-26,Regular
CUST08123,Customer 08123,Female,51,Mumbai,Maharashtra,2024-01-23,Regular
CUST08124,Customer 08124,Male,36,Delhi,Delhi,2024-01-29,Regular
CUST08125,Customer 08125,Female,50,Bengaluru,Karnataka,2022-06-17,Regular
CUST08126,Customer 08126,Other,43,Chennai,Tamil Nadu,2022-08-11,Regular
CUST08127,Customer 08127,Female,58,Delhi,Delhi,2023-04-14,Loyal
CUST08128,Customer 08128,Male,59,Kolkata,West Bengal,2022-10-05,Regular
CUST08129,Customer 08129,Male,44,Ahmedabad,Gujarat,2022-07-09,Regular
CUST08130,Customer 08130,Female,55,Pune,Maharashtra,2023-06-15,Regular
CUST08131,Customer 08131,Female,43,Pune,Maharashtra,2026-03-30,Loyal
CUST08132,Customer 08132,Male,52,Madurai,Tamil Nadu,2023-09-13,New
CUST08133,Customer 08133,Female,37,Bengaluru,Karnataka,2025-04-28,Regular
CUST08134,Customer 08134,Male,41,Delhi,Delhi,2022-08-06,Regular
CUST08135,Customer 08135,Female,64,Hyderabad,Telangana,2025-08-15,Regular
CUST08136,Customer 08136,Male,38,Chennai,Tamil Nadu,2025-08-27,Regular
CUST08137,Customer 08137,Male,43,Coimbatore,Tamil Nadu,2022-08-24,Loyal
CUST08138,Customer 08138,Female,37,Coimbatore,Tamil Nadu,2022-06-17,New
CUST08139,Customer 08139,Male,23,Pune,Maharashtra,2024-02-19,Regular
CUST08140,Customer 08140,Male,20,Hyderabad,Telangana,2022-07-12,Loyal
CUST08141,Customer 08141,Male,27,Coimbatore,Tamil Nadu,2022-08-30,Regular
CUST08142,Customer 08142,Male,29,Mumbai,Maharashtra,2025-03-31,New
CUST08143,Customer 08143,Male,50,Mumbai,Maharashtra,2025-09-24,Regular
CUST08144,Customer 08144,Other,39,Bengaluru,Karnataka,2024-03-01,VIP
CUST08145,Customer 08145,Female,33,Hyderabad,Telangana,2023-03-31,New
CUST08146,Customer 08146,Female,34,Mumbai,Maharashtra,2025-03-04,New
CUST08147,Customer 08147,Female,27,Mumbai,Maharashtra,2022-07-12,Regular
CUST08148,Customer 08148,Male,29,Pune,Maharashtra,2025-11-26,Regular
CUST08149,Customer 08149,Male,36,Coimbatore,Tamil Nadu,2023-01-27,Regular
CUST08150,Customer 08150,Male,57,Bengaluru,Karnataka,2023-08-24,Loyal
CUST08151,Customer 08151,Female,40,Delhi,Delhi,2024-12-01,New
CUST08152,Customer 08152,Female,57,Kolkata,West Bengal,2022-04-03,Loyal
CUST08153,Customer 08153,Male,27,Chennai,Tamil Nadu,2025-05-23,Regular
CUST08154,Customer 08154,Male,27,Chennai,Tamil Nadu,2022-12-15,Loyal
CUST08155,Customer 08155,Female,27,Ahmedabad,Gujarat,2023-05-28,VIP
CUST08156,Customer 08156,Female,56,Kolkata,West Bengal,2025-09-20,Regular
CUST08157,Customer 08157,Female,47,Kolkata,West Bengal,2025-11-23,Regular
CUST08158,Customer 08158,Male,21,Chennai,Tamil Nadu,2024-07-12,Loyal
CUST08159,Customer 08159,Female,18,Chennai,Tamil Nadu,2025-04-02,Regular
CUST08160,Customer 08160,Male,60,Delhi,Delhi,2022-04-16,New
CUST08161,Customer 08161,Female,36,Hyderabad,Telangana,2025-06-09,VIP
CUST08162,Customer 08162,Female,22,Hyderabad,Telangana,2024-09-18,Regular
CUST08163,Customer 08163,Female,47,Delhi,Delhi,2026-05-01,New
CUST08164,Customer 08164,Male,43,Coimbatore,Tamil Nadu,2023-12-18,Loyal
CUST08165,Customer 08165,Male,57,Kolkata,West Bengal,2026-04-06,Regular
CUST08166,Customer 08166,Male,51,Madurai,Tamil Nadu,2025-04-15,New
CUST08167,Customer 08167,Male,19,Kolkata,West Bengal,2025-08-10,New
CUST08168,Customer 08168,Female,41,Ahmedabad,Gujarat,2025-07-12,Regular
CUST08169,Customer 08169,Female,31,Chennai,Tamil Nadu,2024-02-27,Loyal
CUST08170,Customer 08170,Male,58,Kolkata,West Bengal,2026-03-24,VIP
CUST08171,Customer 08171,Male,59,Chennai,Tamil Nadu,2025-07-17,Regular
CUST08172,Customer 08172,Male,30,Kolkata,West Bengal,2025-05-20,Loyal
CUST08173,Customer 08173,Female,46,Ahmedabad,Gujarat,2025-04-01,Regular
CUST08174,Customer 08174,Other,18,Coimbatore,Tamil Nadu,2024-04-02,Regular
CUST08175,Customer 08175,Male,63,Madurai,Tamil Nadu,2026-04-30,Regular
CUST08176,Customer 08176,Male,51,Mumbai,Maharashtra,2024-07-05,Regular
CUST08177,Customer 08177,Female,21,Delhi,Delhi,2024-12-12,Regular
CUST08178,Customer 08178,Female,45,Delhi,Delhi,2025-06-10,New
CUST08179,Customer 08179,Male,36,Madurai,Tamil Nadu,2026-01-01,New
CUST08180,Customer 08180,Female,18,Kolkata,West Bengal,2024-05-03,Regular
CUST08181,Customer 08181,Other,53,Mumbai,Maharashtra,2023-11-14,VIP
CUST08182,Customer 08182,Female,60,Ahmedabad,Gujarat,2024-10-19,VIP
CUST08183,Customer 08183,Female,30,Hyderabad,Telangana,2026-03-22,Loyal
CUST08184,Customer 08184,Male,59,Kolkata,West Bengal,2024-08-08,New
CUST08185,Customer 08185,Female,22,Coimbatore,Tamil Nadu,2022-02-13,Regular
CUST08186,Customer 08186,Male,50,Chennai,Tamil Nadu,2023-08-26,Regular
CUST08187,Customer 08187,Male,31,Bengaluru,Karnataka,2026-03-20,Regular
CUST08188,Customer 08188,Male,33,Kolkata,West Bengal,2023-09-25,New
CUST08189,Customer 08189,Male,49,Bengaluru,Karnataka,2026-05-18,Regular
CUST08190,Customer 08190,Male,44,Kolkata,West Bengal,2022-04-02,New
CUST08191,Customer 08191,Female,52,Madurai,Tamil Nadu,2024-01-29,Loyal
CUST08192,Customer 08192,Female,20,Bengaluru,Karnataka,2024-01-01,Regular
CUST08193,Customer 08193,Female,21,Kolkata,West Bengal,2024-08-11,Regular
CUST08194,Customer 08194,Male,24,Delhi,Delhi,2026-01-01,Regular
CUST08195,Customer 08195,Male,30,Bengaluru,Karnataka,2022-12-03,New
CUST08196,Customer 08196,Female,58,Kolkata,West Bengal,2025-08-10,Regular
CUST08197,Customer 08197,Male,20,Hyderabad,Telangana,2023-12-01,Regular
CUST08198,Customer 08198,Other,34,Chennai,Tamil Nadu,2024-07-13,Loyal
CUST08199,Customer 08199,Male,64,Hyderabad,Telangana,2023-11-11,New
CUST08200,Customer 08200,Female,27,Mumbai,Maharashtra,2024-08-24,Regular
CUST08201,Customer 08201,Male,64,Kolkata,West Bengal,2022-09-21,New
CUST08202,Customer 08202,Female,18,Pune,Maharashtra,2022-04-15,Regular
CUST08203,Customer 08203,Female,45,Coimbatore,Tamil Nadu,2022-08-12,New
CUST08204,Customer 08204,Female,27,Hyderabad,Telangana,2025-12-13,Regular
CUST08205,Customer 08205,Other,24,Bengaluru,Karnataka,2024-09-04,Regular
CUST08206,Customer 08206,Male,56,Madurai,Tamil Nadu,2022-04-25,Loyal
CUST08207,Customer 08207,Female,20,Coimbatore,Tamil Nadu,2024-06-09,New
CUST08208,Customer 08208,Male,24,Pune,Maharashtra,2025-06-12,New
CUST08209,Customer 08209,Female,26,Ahmedabad,Gujarat,2025-07-21,Regular
CUST08210,Customer 08210,Male,57,Kolkata,West Bengal,2025-06-07,New
CUST08211,Customer 08211,Female,52,Madurai,Tamil Nadu,2023-12-30,New
CUST08212,Customer 08212,Female,43,Kolkata,West Bengal,2022-02-03,Regular
CUST08213,Customer 08213,Male,22,Mumbai,Maharashtra,2025-11-12,Loyal
CUST08214,Customer 08214,Male,30,Pune,Maharashtra,2026-03-05,Regular
CUST08215,Customer 08215,Male,62,Kolkata,West Bengal,2024-06-13,New
CUST08216,Customer 08216,Female,47,Bengaluru,Karnataka,2023-04-07,Regular
CUST08217,Customer 08217,Male,57,Mumbai,Maharashtra,2023-03-25,Loyal
CUST08218,Customer 08218,Female,56,Delhi,Delhi,2024-04-08,Regular
CUST08219,Customer 08219,Female,27,Ahmedabad,Gujarat,2025-05-22,New
CUST08220,Customer 08220,Female,59,Pune,Maharashtra,2024-12-05,Regular
CUST08221,Customer 08221,Female,40,Chennai,Tamil Nadu,2023-02-09,Regular
CUST08222,Customer 08222,Male,28,Madurai,Tamil Nadu,2022-11-29,New
CUST08223,Customer 08223,Female,29,Hyderabad,Telangana,2022-08-28,Regular
CUST08224,Customer 08224,Female,30,Kolkata,West Bengal,2025-07-01,Regular
CUST08225,Customer 08225,Other,57,Madurai,Tamil Nadu,2022-08-16,Loyal
CUST08226,Customer 08226,Female,63,Madurai,Tamil Nadu,2024-01-03,New
CUST08227,Customer 08227,Female,33,Chennai,Tamil Nadu,2024-06-09,Regular
CUST08228,Customer 08228,Male,26,Chennai,Tamil Nadu,2022-06-15,Regular
CUST08229,Customer 08229,Female,27,Mumbai,Maharashtra,2023-08-08,Regular
CUST08230,Customer 08230,Female,46,Pune,Maharashtra,2024-01-07,Regular
CUST08231,Customer 08231,Female,26,Bengaluru,Karnataka,2026-03-15,Loyal
CUST08232,Customer 08232,Female,50,Ahmedabad,Gujarat,2023-08-21,Regular
CUST08233,Customer 08233,Male,41,Chennai,Tamil Nadu,2023-08-16,Loyal
CUST08234,Customer 08234,Other,52,Chennai,Tamil Nadu,2023-12-28,New
CUST08235,Customer 08235,Other,28,Hyderabad,Telangana,2025-11-14,Loyal
CUST08236,Customer 08236,Male,56,Delhi,Delhi,2025-12-17,Regular
CUST08237,Customer 08237,Female,30,Chennai,Tamil Nadu,2024-07-13,New
CUST08238,Customer 08238,Male,40,Delhi,Delhi,2025-12-05,New
CUST08239,Customer 08239,Female,42,Mumbai,Maharashtra,2023-10-11,New
CUST08240,Customer 08240,Male,33,Bengaluru,Karnataka,2023-03-23,Regular
CUST08241,Customer 08241,Other,65,Madurai,Tamil Nadu,2025-11-27,Regular
CUST08242,Customer 08242,Male,38,Chennai,Tamil Nadu,2022-04-07,VIP
CUST08243,Customer 08243,Female,27,Kolkata,West Bengal,2023-01-14,Loyal
CUST08244,Customer 08244,Male,58,Delhi,Delhi,2023-11-01,Loyal
CUST08245,Customer 08245,Male,57,Hyderabad,Telangana,2025-04-24,Regular
CUST08246,Customer 08246,Female,36,Ahmedabad,Gujarat,2025-06-21,Loyal
CUST08247,Customer 08247,Male,52,Hyderabad,Telangana,2023-09-23,Regular
CUST08248,Customer 08248,Female,45,Chennai,Tamil Nadu,2023-12-09,Regular
CUST08249,Customer 08249,Other,58,Pune,Maharashtra,2023-05-18,Regular
CUST08250,Customer 08250,Female,19,Madurai,Tamil Nadu,2022-10-15,New
CUST08251,Customer 08251,Female,47,Bengaluru,Karnataka,2023-01-04,New
CUST08252,Customer 08252,Male,57,Kolkata,West Bengal,2022-03-06,Regular
CUST08253,Customer 08253,Male,57,Pune,Maharashtra,2022-06-11,New
CUST08254,Customer 08254,Female,22,Hyderabad,Telangana,2023-08-20,Loyal
CUST08255,Customer 08255,Male,55,Delhi,Delhi,2024-07-15,Loyal
CUST08256,Customer 08256,Female,59,Delhi,Delhi,2023-07-25,New
CUST08257,Customer 08257,Male,32,Pune,Maharashtra,2024-08-31,Regular
CUST08258,Customer 08258,Female,53,Delhi,Delhi,2023-10-24,Loyal
CUST08259,Customer 08259,Male,20,Hyderabad,Telangana,2025-12-12,Regular
CUST08260,Customer 08260,Female,41,Pune,Maharashtra,2023-04-26,Loyal
CUST08261,Customer 08261,Male,58,Hyderabad,Telangana,2022-09-26,Loyal
CUST08262,Customer 08262,Male,65,Kolkata,West Bengal,2024-01-06,New
CUST08263,Customer 08263,Female,65,Madurai,Tamil Nadu,2023-07-21,New
CUST08264,Customer 08264,Male,64,Ahmedabad,Gujarat,2025-04-28,VIP
CUST08265,Customer 08265,Female,58,Kolkata,West Bengal,2023-02-10,VIP
CUST08266,Customer 08266,Female,29,Kolkata,West Bengal,2024-02-04,Regular
CUST08267,Customer 08267,Male,25,Delhi,Delhi,2026-02-21,New
CUST08268,Customer 08268,Female,31,Chennai,Tamil Nadu,2025-08-28,Regular
CUST08269,Customer 08269,Male,35,Coimbatore,Tamil Nadu,2024-05-15,Regular
CUST08270,Customer 08270,Female,61,Delhi,Delhi,2025-01-22,VIP
CUST08271,Customer 08271,Female,63,Chennai,Tamil Nadu,2023-01-25,Loyal
CUST08272,Customer 08272,Female,37,Hyderabad,Telangana,2023-07-01,Regular
CUST08273,Customer 08273,Male,40,Coimbatore,Tamil Nadu,2025-12-05,Regular
CUST08274,Customer 08274,Male,22,Delhi,Delhi,2025-05-20,Loyal
CUST08275,Customer 08275,Female,18,Coimbatore,Tamil Nadu,2025-10-24,Regular
CUST08276,Customer 08276,Male,62,Coimbatore,Tamil Nadu,2024-01-12,New
CUST08277,Customer 08277,Male,63,Mumbai,Maharashtra,2025-04-06,Regular
CUST08278,Customer 08278,Female,19,Madurai,Tamil Nadu,2024-11-03,Regular
CUST08279,Customer 08279,Female,33,Mumbai,Maharashtra,2023-08-09,Loyal
CUST08280,Customer 08280,Male,22,Chennai,Tamil Nadu,2026-05-07,Loyal
CUST08281,Customer 08281,Male,39,Bengaluru,Karnataka,2024-05-23,Regular
CUST08282,Customer 08282,Male,18,Pune,Maharashtra,2025-05-15,Regular
CUST08283,Customer 08283,Male,29,Ahmedabad,Gujarat,2022-02-12,Regular
CUST08284,Customer 08284,Male,36,Bengaluru,Karnataka,2024-05-29,Regular
CUST08285,Customer 08285,Male,39,Pune,Maharashtra,2026-01-05,Loyal
CUST08286,Customer 08286,Other,59,Chennai,Tamil Nadu,2026-03-19,Regular
CUST08287,Customer 08287,Female,61,Chennai,Tamil Nadu,2024-06-29,Loyal
CUST08288,Customer 08288,Male,65,Hyderabad,Telangana,2023-08-30,Regular
CUST08289,Customer 08289,Male,34,Ahmedabad,Gujarat,2025-11-19,New
CUST08290,Customer 08290,Female,30,Madurai,Tamil Nadu,2022-08-26,New
CUST08291,Customer 08291,Male,56,Coimbatore,Tamil Nadu,2026-04-04,Regular
CUST08292,Customer 08292,Female,45,Mumbai,Maharashtra,2023-12-20,Regular
CUST08293,Customer 08293,Female,20,Mumbai,Maharashtra,2024-01-12,Regular
CUST08294,Customer 08294,Female,22,Chennai,Tamil Nadu,2023-02-08,New
CUST08295,Customer 08295,Male,53,Mumbai,Maharashtra,2022-08-02,VIP
CUST08296,Customer 08296,Female,32,Chennai,Tamil Nadu,2026-05-11,New
CUST08297,Customer 08297,Female,34,Coimbatore,Tamil Nadu,2024-04-25,Regular
CUST08298,Customer 08298,Female,61,Chennai,Tamil Nadu,2025-10-29,New
CUST08299,Customer 08299,Female,63,Hyderabad,Telangana,2022-05-12,Regular
CUST08300,Customer 08300,Male,46,Madurai,Tamil Nadu,2022-01-09,Regular
CUST08301,Customer 08301,Male,21,Kolkata,West Bengal,2022-06-02,Regular
CUST08302,Customer 08302,Female,49,Delhi,Delhi,2023-03-07,Regular
CUST08303,Customer 08303,Female,60,Madurai,Tamil Nadu,2023-04-28,Regular
CUST08304,Customer 08304,Female,55,Madurai,Tamil Nadu,2022-11-01,Regular
CUST08305,Customer 08305,Female,21,Bengaluru,Karnataka,2022-10-11,Regular
CUST08306,Customer 08306,Male,30,Ahmedabad,Gujarat,2023-04-17,Loyal
CUST08307,Customer 08307,Male,37,Ahmedabad,Gujarat,2024-09-19,Loyal
CUST08308,Customer 08308,Female,64,Pune,Maharashtra,2022-07-09,Loyal
CUST08309,Customer 08309,Male,35,Delhi,Delhi,2026-04-01,New
CUST08310,Customer 08310,Female,59,Coimbatore,Tamil Nadu,2023-05-27,VIP
CUST08311,Customer 08311,Male,54,Kolkata,West Bengal,2022-12-09,VIP
CUST08312,Customer 08312,Female,29,Kolkata,West Bengal,2025-12-24,Loyal
CUST08313,Customer 08313,Female,42,Ahmedabad,Gujarat,2023-12-16,Regular
CUST08314,Customer 08314,Male,47,Madurai,Tamil Nadu,2023-11-11,Regular
CUST08315,Customer 08315,Male,32,Hyderabad,Telangana,2024-11-23,Loyal
CUST08316,Customer 08316,Female,53,Pune,Maharashtra,2023-04-16,Loyal
CUST08317,Customer 08317,Other,25,Chennai,Tamil Nadu,2025-11-18,Regular
CUST08318,Customer 08318,Female,45,Pune,Maharashtra,2024-01-11,Regular
CUST08319,Customer 08319,Male,39,Bengaluru,Karnataka,2026-02-27,New
CUST08320,Customer 08320,Male,55,Pune,Maharashtra,2023-05-28,Regular
CUST08321,Customer 08321,Male,33,Madurai,Tamil Nadu,2025-09-07,Loyal
CUST08322,Customer 08322,Male,22,Coimbatore,Tamil Nadu,2025-02-12,New
CUST08323,Customer 08323,Female,63,Madurai,Tamil Nadu,2025-05-22,Regular
CUST08324,Customer 08324,Female,51,Ahmedabad,Gujarat,2022-05-25,Loyal
CUST08325,Customer 08325,Male,55,Coimbatore,Tamil Nadu,2023-07-13,Regular
CUST08326,Customer 08326,Male,28,Mumbai,Maharashtra,2024-03-02,New
CUST08327,Customer 08327,Male,19,Coimbatore,Tamil Nadu,2025-04-16,Loyal
CUST08328,Customer 08328,Female,42,Pune,Maharashtra,2022-12-26,New
CUST08329,Customer 08329,Female,42,Pune,Maharashtra,2022-10-12,Regular
CUST08330,Customer 08330,Female,18,Pune,Maharashtra,2025-06-22,Loyal
CUST08331,Customer 08331,Male,48,Mumbai,Maharashtra,2024-02-04,Loyal
CUST08332,Customer 08332,Female,22,Ahmedabad,Gujarat,2025-05-14,Loyal
CUST08333,Customer 08333,Male,57,Chennai,Tamil Nadu,2023-08-07,Regular
CUST08334,Customer 08334,Male,21,Delhi,Delhi,2025-09-27,Regular
CUST08335,Customer 08335,Female,22,Ahmedabad,Gujarat,2023-12-28,Loyal
CUST08336,Customer 08336,Female,22,Pune,Maharashtra,2025-10-15,Regular
CUST08337,Customer 08337,Male,33,Ahmedabad,Gujarat,2026-03-03,Regular
CUST08338,Customer 08338,Male,35,Bengaluru,Karnataka,2025-03-10,Regular
CUST08339,Customer 08339,Male,60,Kolkata,West Bengal,2024-08-17,Regular
CUST08340,Customer 08340,Male,34,Kolkata,West Bengal,2025-05-30,Regular
CUST08341,Customer 08341,Female,52,Delhi,Delhi,2025-11-13,Regular
CUST08342,Customer 08342,Female,35,Delhi,Delhi,2025-09-15,Regular
CUST08343,Customer 08343,Male,21,Chennai,Tamil Nadu,2024-01-13,VIP
CUST08344,Customer 08344,Male,48,Bengaluru,Karnataka,2025-11-17,Regular
CUST08345,Customer 08345,Male,48,Madurai,Tamil Nadu,2023-10-16,Regular
CUST08346,Customer 08346,Female,26,Ahmedabad,Gujarat,2022-12-24,Regular
CUST08347,Customer 08347,Male,48,Coimbatore,Tamil Nadu,2025-11-18,Regular
CUST08348,Customer 08348,Female,22,Coimbatore,Tamil Nadu,2023-08-10,Loyal
CUST08349,Customer 08349,Male,53,Madurai,Tamil Nadu,2022-02-09,Loyal
CUST08350,Customer 08350,Female,33,Kolkata,West Bengal,2024-06-20,Loyal
CUST08351,Customer 08351,Female,59,Madurai,Tamil Nadu,2022-09-30,Loyal
CUST08352,Customer 08352,Female,58,Ahmedabad,Gujarat,2025-12-14,Loyal
CUST08353,Customer 08353,Female,33,Bengaluru,Karnataka,2024-12-29,New
CUST08354,Customer 08354,Female,37,Pune,Maharashtra,2024-04-08,Regular
CUST08355,Customer 08355,Female,47,Mumbai,Maharashtra,2023-09-15,Regular
CUST08356,Customer 08356,Male,43,Pune,Maharashtra,2023-04-03,Regular
CUST08357,Customer 08357,Male,48,Mumbai,Maharashtra,2022-08-22,Regular
CUST08358,Customer 08358,Male,32,Coimbatore,Tamil Nadu,2022-07-16,Regular
CUST08359,Customer 08359,Female,58,Delhi,Delhi,2026-03-13,Regular
CUST08360,Customer 08360,Female,55,Ahmedabad,Gujarat,2023-06-20,Regular
CUST08361,Customer 08361,Male,55,Pune,Maharashtra,2024-07-26,Regular
CUST08362,Customer 08362,Female,60,Madurai,Tamil Nadu,2022-05-27,Regular
CUST08363,Customer 08363,Female,37,Bengaluru,Karnataka,2023-07-28,Loyal
CUST08364,Customer 08364,Female,52,Bengaluru,Karnataka,2026-01-22,Regular
CUST08365,Customer 08365,Female,40,Kolkata,West Bengal,2024-12-26,VIP
CUST08366,Customer 08366,Other,61,Bengaluru,Karnataka,2022-01-30,Loyal
CUST08367,Customer 08367,Male,64,Bengaluru,Karnataka,2022-04-17,Regular
CUST08368,Customer 08368,Male,56,Delhi,Delhi,2023-01-25,New
CUST08369,Customer 08369,Female,42,Madurai,Tamil Nadu,2024-05-28,Regular
CUST08370,Customer 08370,Male,39,Coimbatore,Tamil Nadu,2023-02-10,Loyal
CUST08371,Customer 08371,Male,64,Bengaluru,Karnataka,2025-02-18,Regular
CUST08372,Customer 08372,Female,25,Coimbatore,Tamil Nadu,2024-10-31,New
CUST08373,Customer 08373,Female,26,Delhi,Delhi,2023-08-07,Regular
CUST08374,Customer 08374,Female,32,Bengaluru,Karnataka,2022-12-13,Regular
CUST08375,Customer 08375,Male,65,Ahmedabad,Gujarat,2025-06-30,VIP
CUST08376,Customer 08376,Female,37,Kolkata,West Bengal,2024-03-07,Regular
CUST08377,Customer 08377,Male,52,Pune,Maharashtra,2022-04-29,Regular
CUST08378,Customer 08378,Male,54,Ahmedabad,Gujarat,2023-06-04,New
CUST08379,Customer 08379,Female,20,Hyderabad,Telangana,2025-05-23,Loyal
CUST08380,Customer 08380,Male,51,Chennai,Tamil Nadu,2024-01-03,Loyal
CUST08381,Customer 08381,Male,51,Bengaluru,Karnataka,2022-03-21,Regular
CUST08382,Customer 08382,Female,53,Coimbatore,Tamil Nadu,2023-02-23,Regular
CUST08383,Customer 08383,Male,52,Chennai,Tamil Nadu,2023-08-07,Regular
CUST08384,Customer 08384,Female,26,Mumbai,Maharashtra,2023-12-13,Regular
CUST08385,Customer 08385,Female,47,Bengaluru,Karnataka,2025-08-05,VIP
CUST08386,Customer 08386,Other,43,Hyderabad,Telangana,2022-08-22,Regular
CUST08387,Customer 08387,Male,29,Delhi,Delhi,2022-09-18,New
CUST08388,Customer 08388,Female,41,Kolkata,West Bengal,2024-07-21,Regular
CUST08389,Customer 08389,Male,58,Hyderabad,Telangana,2023-10-19,New
CUST08390,Customer 08390,Female,36,Coimbatore,Tamil Nadu,2024-11-11,Regular
CUST08391,Customer 08391,Male,61,Delhi,Delhi,2022-03-19,Regular
CUST08392,Customer 08392,Male,33,Pune,Maharashtra,2024-01-12,New
CUST08393,Customer 08393,Female,43,Delhi,Delhi,2023-11-03,Loyal
CUST08394,Customer 08394,Male,40,Bengaluru,Karnataka,2024-11-03,Regular
CUST08395,Customer 08395,Male,50,Chennai,Tamil Nadu,2025-03-17,Regular
CUST08396,Customer 08396,Male,59,Chennai,Tamil Nadu,2022-01-30,Regular
CUST08397,Customer 08397,Female,47,Coimbatore,Tamil Nadu,2023-03-14,Regular
CUST08398,Customer 08398,Male,40,Delhi,Delhi,2026-04-03,New
CUST08399,Customer 08399,Male,27,Hyderabad,Telangana,2022-03-04,New
CUST08400,Customer 08400,Male,53,Coimbatore,Tamil Nadu,2025-12-24,New
CUST08401,Customer 08401,Female,48,Kolkata,West Bengal,2025-03-04,Regular
CUST08402,Customer 08402,Female,60,Coimbatore,Tamil Nadu,2022-06-06,New
CUST08403,Customer 08403,Male,39,Coimbatore,Tamil Nadu,2023-07-23,New
CUST08404,Customer 08404,Male,60,Pune,Maharashtra,2024-07-31,Loyal
CUST08405,Customer 08405,Male,60,Ahmedabad,Gujarat,2024-02-16,Regular
CUST08406,Customer 08406,Male,55,Bengaluru,Karnataka,2022-09-11,Regular
CUST08407,Customer 08407,Male,64,Pune,Maharashtra,2024-10-03,New
CUST08408,Customer 08408,Female,19,Chennai,Tamil Nadu,2025-04-25,New
CUST08409,Customer 08409,Female,40,Chennai,Tamil Nadu,2024-05-22,Loyal
CUST08410,Customer 08410,Female,52,Mumbai,Maharashtra,2025-11-03,New
CUST08411,Customer 08411,Male,54,Mumbai,Maharashtra,2025-09-12,New
CUST08412,Customer 08412,Female,49,Hyderabad,Telangana,2022-07-18,Regular
CUST08413,Customer 08413,Female,60,Chennai,Tamil Nadu,2024-05-30,New
CUST08414,Customer 08414,Female,29,Ahmedabad,Gujarat,2025-04-09,Regular
CUST08415,Customer 08415,Female,52,Pune,Maharashtra,2025-08-31,Regular
CUST08416,Customer 08416,Male,58,Kolkata,West Bengal,2022-01-06,Regular
CUST08417,Customer 08417,Male,20,Ahmedabad,Gujarat,2025-07-03,New
CUST08418,Customer 08418,Female,51,Mumbai,Maharashtra,2024-03-31,VIP
CUST08419,Customer 08419,Male,55,Delhi,Delhi,2025-09-05,Regular
CUST08420,Customer 08420,Male,41,Ahmedabad,Gujarat,2022-09-05,Regular
CUST08421,Customer 08421,Male,55,Ahmedabad,Gujarat,2022-01-04,Regular
CUST08422,Customer 08422,Male,34,Ahmedabad,Gujarat,2023-05-28,Loyal
CUST08423,Customer 08423,Female,57,Ahmedabad,Gujarat,2024-04-17,Regular
CUST08424,Customer 08424,Male,18,Ahmedabad,Gujarat,2023-05-21,Loyal
CUST08425,Customer 08425,Male,25,Mumbai,Maharashtra,2022-01-31,Regular
CUST08426,Customer 08426,Female,32,Chennai,Tamil Nadu,2025-07-22,Regular
CUST08427,Customer 08427,Male,62,Coimbatore,Tamil Nadu,2023-12-10,Loyal
CUST08428,Customer 08428,Other,42,Ahmedabad,Gujarat,2024-06-04,Loyal
CUST08429,Customer 08429,Male,25,Ahmedabad,Gujarat,2025-09-10,New
CUST08430,Customer 08430,Female,49,Bengaluru,Karnataka,2025-04-15,Regular
CUST08431,Customer 08431,Female,30,Chennai,Tamil Nadu,2025-08-03,Regular
CUST08432,Customer 08432,Female,63,Coimbatore,Tamil Nadu,2024-01-18,New
CUST08433,Customer 08433,Male,32,Kolkata,West Bengal,2022-03-20,Loyal
CUST08434,Customer 08434,Male,23,Kolkata,West Bengal,2022-08-31,Regular
CUST08435,Customer 08435,Female,50,Delhi,Delhi,2023-05-16,Regular
CUST08436,Customer 08436,Female,24,Madurai,Tamil Nadu,2022-07-24,New
CUST08437,Customer 08437,Male,50,Pune,Maharashtra,2026-01-23,Regular
CUST08438,Customer 08438,Male,64,Bengaluru,Karnataka,2025-11-07,New
CUST08439,Customer 08439,Female,46,Chennai,Tamil Nadu,2023-12-24,Regular
CUST08440,Customer 08440,Female,55,Chennai,Tamil Nadu,2022-11-29,Regular
CUST08441,Customer 08441,Male,54,Madurai,Tamil Nadu,2023-08-26,Loyal
CUST08442,Customer 08442,Female,61,Delhi,Delhi,2022-06-15,Regular
CUST08443,Customer 08443,Female,49,Hyderabad,Telangana,2022-06-10,New
CUST08444,Customer 08444,Female,20,Mumbai,Maharashtra,2022-01-06,New
CUST08445,Customer 08445,Female,37,Delhi,Delhi,2022-07-24,Regular
CUST08446,Customer 08446,Male,31,Coimbatore,Tamil Nadu,2023-06-16,Regular
CUST08447,Customer 08447,Other,45,Delhi,Delhi,2025-01-28,VIP
CUST08448,Customer 08448,Female,55,Madurai,Tamil Nadu,2022-02-14,Loyal
CUST08449,Customer 08449,Female,21,Madurai,Tamil Nadu,2023-04-02,Loyal
CUST08450,Customer 08450,Male,32,Pune,Maharashtra,2022-08-15,New
CUST08451,Customer 08451,Female,34,Bengaluru,Karnataka,2025-08-31,Loyal
CUST08452,Customer 08452,Male,54,Ahmedabad,Gujarat,2022-02-21,New
CUST08453,Customer 08453,Male,41,Kolkata,West Bengal,2025-03-15,Regular
CUST08454,Customer 08454,Female,55,Madurai,Tamil Nadu,2025-07-28,Regular
CUST08455,Customer 08455,Female,59,Pune,Maharashtra,2025-02-20,Regular
CUST08456,Customer 08456,Female,58,Mumbai,Maharashtra,2023-04-16,New
CUST08457,Customer 08457,Male,53,Kolkata,West Bengal,2024-06-15,Regular
CUST08458,Customer 08458,Female,58,Hyderabad,Telangana,2025-08-13,New
CUST08459,Customer 08459,Male,25,Chennai,Tamil Nadu,2023-09-06,New
CUST08460,Customer 08460,Female,20,Mumbai,Maharashtra,2023-05-27,Regular
CUST08461,Customer 08461,Male,47,Hyderabad,Telangana,2024-02-25,VIP
CUST08462,Customer 08462,Female,39,Kolkata,West Bengal,2026-03-06,Loyal
CUST08463,Customer 08463,Female,50,Mumbai,Maharashtra,2025-05-10,Regular
CUST08464,Customer 08464,Male,42,Pune,Maharashtra,2023-02-19,New
CUST08465,Customer 08465,Male,47,Hyderabad,Telangana,2023-09-06,New
CUST08466,Customer 08466,Female,54,Chennai,Tamil Nadu,2025-12-16,New
CUST08467,Customer 08467,Female,20,Ahmedabad,Gujarat,2023-06-04,VIP
CUST08468,Customer 08468,Female,21,Pune,Maharashtra,2023-11-05,Regular
CUST08469,Customer 08469,Female,46,Coimbatore,Tamil Nadu,2025-01-01,Loyal
CUST08470,Customer 08470,Male,49,Chennai,Tamil Nadu,2022-12-11,Loyal
CUST08471,Customer 08471,Male,40,Bengaluru,Karnataka,2024-11-16,Regular
CUST08472,Customer 08472,Male,36,Delhi,Delhi,2025-04-07,VIP
CUST08473,Customer 08473,Male,32,Bengaluru,Karnataka,2024-02-14,New
CUST08474,Customer 08474,Female,33,Madurai,Tamil Nadu,2023-08-08,Regular
CUST08475,Customer 08475,Male,40,Ahmedabad,Gujarat,2025-05-17,Loyal
CUST08476,Customer 08476,Female,57,Coimbatore,Tamil Nadu,2024-05-29,Regular
CUST08477,Customer 08477,Female,63,Coimbatore,Tamil Nadu,2024-06-16,New
CUST08478,Customer 08478,Female,54,Delhi,Delhi,2026-04-16,New
CUST08479,Customer 08479,Female,18,Hyderabad,Telangana,2024-04-27,Loyal
CUST08480,Customer 08480,Male,36,Delhi,Delhi,2026-04-18,New
CUST08481,Customer 08481,Female,54,Madurai,Tamil Nadu,2023-12-26,Loyal
CUST08482,Customer 08482,Male,52,Bengaluru,Karnataka,2023-10-19,New
CUST08483,Customer 08483,Male,47,Coimbatore,Tamil Nadu,2023-09-03,Regular
CUST08484,Customer 08484,Female,34,Bengaluru,Karnataka,2025-08-26,Regular
CUST08485,Customer 08485,Male,56,Chennai,Tamil Nadu,2024-10-20,Regular
CUST08486,Customer 08486,Other,43,Ahmedabad,Gujarat,2024-08-04,Regular
CUST08487,Customer 08487,Female,30,Mumbai,Maharashtra,2022-06-29,Loyal
CUST08488,Customer 08488,Female,39,Madurai,Tamil Nadu,2023-10-09,Regular
CUST08489,Customer 08489,Male,63,Mumbai,Maharashtra,2023-03-14,Loyal
CUST08490,Customer 08490,Female,40,Madurai,Tamil Nadu,2026-02-09,New
CUST08491,Customer 08491,Male,61,Kolkata,West Bengal,2023-01-30,New
CUST08492,Customer 08492,Female,60,Ahmedabad,Gujarat,2026-04-15,New
CUST08493,Customer 08493,Male,50,Chennai,Tamil Nadu,2023-08-17,New
CUST08494,Customer 08494,Female,44,Ahmedabad,Gujarat,2022-02-26,Regular
CUST08495,Customer 08495,Male,52,Hyderabad,Telangana,2025-04-12,Regular
CUST08496,Customer 08496,Male,29,Madurai,Tamil Nadu,2022-11-22,Loyal
CUST08497,Customer 08497,Female,26,Mumbai,Maharashtra,2022-11-18,New
CUST08498,Customer 08498,Male,51,Madurai,Tamil Nadu,2022-07-02,Regular
CUST08499,Customer 08499,Female,31,Hyderabad,Telangana,2022-08-23,Loyal
CUST08500,Customer 08500,Male,54,Madurai,Tamil Nadu,2023-09-11,VIP
CUST08501,Customer 08501,Male,20,Ahmedabad,Gujarat,2025-04-24,Loyal
CUST08502,Customer 08502,Female,61,Pune,Maharashtra,2022-09-23,Loyal
CUST08503,Customer 08503,Male,61,Madurai,Tamil Nadu,2024-10-05,Regular
CUST08504,Customer 08504,Male,38,Kolkata,West Bengal,2024-04-21,Loyal
CUST08505,Customer 08505,Female,24,Kolkata,West Bengal,2022-11-25,Loyal
CUST08506,Customer 08506,Male,50,Coimbatore,Tamil Nadu,2025-10-20,VIP
CUST08507,Customer 08507,Male,52,Kolkata,West Bengal,2023-11-14,New
CUST08508,Customer 08508,Male,28,Madurai,Tamil Nadu,2022-01-24,Loyal
CUST08509,Customer 08509,Male,62,Madurai,Tamil Nadu,2025-07-08,Regular
CUST08510,Customer 08510,Female,49,Pune,Maharashtra,2025-10-10,New
CUST08511,Customer 08511,Male,39,Kolkata,West Bengal,2022-07-15,New
CUST08512,Customer 08512,Female,59,Bengaluru,Karnataka,2023-09-03,Loyal
CUST08513,Customer 08513,Male,36,Madurai,Tamil Nadu,2026-02-22,Regular
CUST08514,Customer 08514,Male,53,Chennai,Tamil Nadu,2025-09-18,VIP
CUST08515,Customer 08515,Male,54,Chennai,Tamil Nadu,2023-09-05,New
CUST08516,Customer 08516,Female,28,Mumbai,Maharashtra,2023-09-24,Regular
CUST08517,Customer 08517,Other,58,Pune,Maharashtra,2022-11-17,Regular
CUST08518,Customer 08518,Female,30,Hyderabad,Telangana,2026-01-10,Regular
CUST08519,Customer 08519,Other,45,Bengaluru,Karnataka,2025-11-01,Regular
CUST08520,Customer 08520,Male,32,Madurai,Tamil Nadu,2022-07-22,Regular
CUST08521,Customer 08521,Male,30,Ahmedabad,Gujarat,2025-01-18,New
CUST08522,Customer 08522,Male,60,Delhi,Delhi,2022-06-26,New
CUST08523,Customer 08523,Male,50,Delhi,Delhi,2023-09-19,New
CUST08524,Customer 08524,Male,25,Hyderabad,Telangana,2022-02-01,Loyal
CUST08525,Customer 08525,Male,49,Coimbatore,Tamil Nadu,2024-08-03,Regular
CUST08526,Customer 08526,Male,54,Ahmedabad,Gujarat,2023-12-28,Regular
CUST08527,Customer 08527,Male,65,Delhi,Delhi,2024-08-11,Regular
CUST08528,Customer 08528,Male,21,Hyderabad,Telangana,2024-03-30,Loyal
CUST08529,Customer 08529,Male,35,Delhi,Delhi,2024-03-01,New
CUST08530,Customer 08530,Female,40,Pune,Maharashtra,2022-08-31,New
CUST08531,Customer 08531,Male,46,Mumbai,Maharashtra,2022-03-11,Regular
CUST08532,Customer 08532,Female,19,Coimbatore,Tamil Nadu,2024-10-11,VIP
CUST08533,Customer 08533,Female,30,Pune,Maharashtra,2024-12-30,Regular
CUST08534,Customer 08534,Male,33,Ahmedabad,Gujarat,2022-06-07,Regular
CUST08535,Customer 08535,Male,25,Hyderabad,Telangana,2023-07-03,Regular
CUST08536,Customer 08536,Male,36,Bengaluru,Karnataka,2022-11-22,VIP
CUST08537,Customer 08537,Female,49,Ahmedabad,Gujarat,2024-11-24,Regular
CUST08538,Customer 08538,Male,20,Ahmedabad,Gujarat,2026-02-12,Regular
CUST08539,Customer 08539,Male,49,Kolkata,West Bengal,2023-04-05,Regular
CUST08540,Customer 08540,Male,58,Bengaluru,Karnataka,2023-02-20,VIP
CUST08541,Customer 08541,Female,38,Chennai,Tamil Nadu,2023-07-25,Loyal
CUST08542,Customer 08542,Male,42,Kolkata,West Bengal,2024-06-04,Regular
CUST08543,Customer 08543,Female,34,Hyderabad,Telangana,2025-12-13,New
CUST08544,Customer 08544,Female,42,Chennai,Tamil Nadu,2023-05-26,Regular
CUST08545,Customer 08545,Female,50,Delhi,Delhi,2023-01-03,Regular
CUST08546,Customer 08546,Female,48,Delhi,Delhi,2024-06-30,New
CUST08547,Customer 08547,Female,53,Ahmedabad,Gujarat,2024-06-01,Loyal
CUST08548,Customer 08548,Female,40,Kolkata,West Bengal,2022-07-26,Regular
CUST08549,Customer 08549,Female,64,Madurai,Tamil Nadu,2025-10-16,Regular
CUST08550,Customer 08550,Male,61,Bengaluru,Karnataka,2025-12-30,VIP
CUST08551,Customer 08551,Male,42,Chennai,Tamil Nadu,2023-08-01,New
CUST08552,Customer 08552,Female,61,Bengaluru,Karnataka,2025-07-17,Loyal
CUST08553,Customer 08553,Female,65,Kolkata,West Bengal,2025-06-10,Regular
CUST08554,Customer 08554,Female,47,Ahmedabad,Gujarat,2023-10-31,Loyal
CUST08555,Customer 08555,Female,30,Pune,Maharashtra,2022-04-16,Loyal
CUST08556,Customer 08556,Female,60,Delhi,Delhi,2023-10-28,Loyal
CUST08557,Customer 08557,Male,64,Chennai,Tamil Nadu,2024-11-07,Regular
CUST08558,Customer 08558,Female,46,Chennai,Tamil Nadu,2026-02-27,Regular
CUST08559,Customer 08559,Male,33,Hyderabad,Telangana,2022-09-17,VIP
CUST08560,Customer 08560,Other,55,Chennai,Tamil Nadu,2026-02-17,New
CUST08561,Customer 08561,Female,44,Kolkata,West Bengal,2022-11-09,Loyal
CUST08562,Customer 08562,Female,43,Chennai,Tamil Nadu,2023-09-23,Regular
CUST08563,Customer 08563,Male,28,Chennai,Tamil Nadu,2025-01-30,New
CUST08564,Customer 08564,Male,64,Bengaluru,Karnataka,2023-06-21,New
CUST08565,Customer 08565,Male,54,Ahmedabad,Gujarat,2025-04-18,New
CUST08566,Customer 08566,Female,20,Mumbai,Maharashtra,2026-03-14,VIP
CUST08567,Customer 08567,Female,43,Chennai,Tamil Nadu,2026-02-09,Loyal
CUST08568,Customer 08568,Male,51,Madurai,Tamil Nadu,2023-11-05,Regular
CUST08569,Customer 08569,Female,50,Ahmedabad,Gujarat,2025-11-24,Loyal
CUST08570,Customer 08570,Female,32,Coimbatore,Tamil Nadu,2022-12-16,Regular
CUST08571,Customer 08571,Male,19,Hyderabad,Telangana,2022-08-03,Loyal
CUST08572,Customer 08572,Male,45,Bengaluru,Karnataka,2025-11-07,Loyal
CUST08573,Customer 08573,Female,37,Hyderabad,Telangana,2025-02-21,New
CUST08574,Customer 08574,Female,55,Pune,Maharashtra,2025-08-08,Regular
CUST08575,Customer 08575,Female,61,Chennai,Tamil Nadu,2022-11-24,Regular
CUST08576,Customer 08576,Female,33,Delhi,Delhi,2026-05-08,VIP
CUST08577,Customer 08577,Other,63,Madurai,Tamil Nadu,2024-04-26,Regular
CUST08578,Customer 08578,Male,21,Bengaluru,Karnataka,2022-04-08,Loyal
CUST08579,Customer 08579,Female,25,Hyderabad,Telangana,2023-10-21,Loyal
CUST08580,Customer 08580,Male,61,Chennai,Tamil Nadu,2022-10-27,Regular
CUST08581,Customer 08581,Male,63,Delhi,Delhi,2022-01-30,Loyal
CUST08582,Customer 08582,Male,37,Delhi,Delhi,2025-01-02,Regular
CUST08583,Customer 08583,Male,43,Pune,Maharashtra,2022-06-21,Regular
CUST08584,Customer 08584,Other,49,Ahmedabad,Gujarat,2024-10-14,Loyal
CUST08585,Customer 08585,Female,30,Madurai,Tamil Nadu,2024-07-11,New
CUST08586,Customer 08586,Male,22,Mumbai,Maharashtra,2022-03-25,Regular
CUST08587,Customer 08587,Female,61,Madurai,Tamil Nadu,2024-09-11,Regular
CUST08588,Customer 08588,Female,59,Pune,Maharashtra,2025-08-06,Regular
CUST08589,Customer 08589,Female,30,Kolkata,West Bengal,2023-10-01,VIP
CUST08590,Customer 08590,Female,58,Ahmedabad,Gujarat,2022-03-26,VIP
CUST08591,Customer 08591,Male,28,Bengaluru,Karnataka,2025-07-01,Regular
CUST08592,Customer 08592,Female,54,Ahmedabad,Gujarat,2023-10-26,Regular
CUST08593,Customer 08593,Female,49,Pune,Maharashtra,2023-06-03,Loyal
CUST08594,Customer 08594,Female,62,Pune,Maharashtra,2026-01-15,Regular
CUST08595,Customer 08595,Female,59,Bengaluru,Karnataka,2025-08-23,New
CUST08596,Customer 08596,Female,35,Bengaluru,Karnataka,2022-07-03,Loyal
CUST08597,Customer 08597,Female,46,Bengaluru,Karnataka,2024-08-30,Loyal
CUST08598,Customer 08598,Female,32,Ahmedabad,Gujarat,2025-08-30,New
CUST08599,Customer 08599,Other,37,Chennai,Tamil Nadu,2022-12-07,Loyal
CUST08600,Customer 08600,Male,61,Hyderabad,Telangana,2022-08-15,Regular
CUST08601,Customer 08601,Male,53,Coimbatore,Tamil Nadu,2024-04-16,New
CUST08602,Customer 08602,Male,22,Bengaluru,Karnataka,2022-09-21,Regular
CUST08603,Customer 08603,Female,57,Hyderabad,Telangana,2023-03-26,New
CUST08604,Customer 08604,Female,54,Coimbatore,Tamil Nadu,2025-06-28,Regular
CUST08605,Customer 08605,Male,50,Ahmedabad,Gujarat,2025-12-02,Loyal
CUST08606,Customer 08606,Other,35,Hyderabad,Telangana,2022-06-19,Loyal
CUST08607,Customer 08607,Female,36,Bengaluru,Karnataka,2023-07-20,Regular
CUST08608,Customer 08608,Female,49,Mumbai,Maharashtra,2022-05-12,Loyal
CUST08609,Customer 08609,Male,59,Pune,Maharashtra,2024-04-06,New
CUST08610,Customer 08610,Female,39,Hyderabad,Telangana,2023-08-29,New
CUST08611,Customer 08611,Female,58,Delhi,Delhi,2024-12-05,New
CUST08612,Customer 08612,Female,18,Delhi,Delhi,2022-12-16,New
CUST08613,Customer 08613,Female,42,Hyderabad,Telangana,2022-04-09,Regular
CUST08614,Customer 08614,Female,37,Bengaluru,Karnataka,2024-11-26,Loyal
CUST08615,Customer 08615,Male,52,Madurai,Tamil Nadu,2026-01-01,New
CUST08616,Customer 08616,Female,62,Bengaluru,Karnataka,2024-10-05,Regular
CUST08617,Customer 08617,Male,23,Ahmedabad,Gujarat,2022-03-16,Loyal
CUST08618,Customer 08618,Male,23,Bengaluru,Karnataka,2022-02-27,Regular
CUST08619,Customer 08619,Male,54,Ahmedabad,Gujarat,2024-11-08,Regular
CUST08620,Customer 08620,Male,20,Madurai,Tamil Nadu,2023-02-06,Regular
CUST08621,Customer 08621,Male,54,Mumbai,Maharashtra,2022-07-07,New
CUST08622,Customer 08622,Female,48,Ahmedabad,Gujarat,2022-05-19,Loyal
CUST08623,Customer 08623,Female,52,Kolkata,West Bengal,2022-05-23,New
CUST08624,Customer 08624,Male,62,Delhi,Delhi,2022-04-18,Regular
CUST08625,Customer 08625,Female,32,Pune,Maharashtra,2022-08-09,Regular
CUST08626,Customer 08626,Male,34,Delhi,Delhi,2022-05-25,Regular
CUST08627,Customer 08627,Male,32,Ahmedabad,Gujarat,2024-05-07,Regular
CUST08628,Customer 08628,Female,22,Kolkata,West Bengal,2023-05-25,Regular
CUST08629,Customer 08629,Female,39,Chennai,Tamil Nadu,2023-01-11,Regular
CUST08630,Customer 08630,Female,63,Mumbai,Maharashtra,2022-01-05,Regular
CUST08631,Customer 08631,Male,28,Mumbai,Maharashtra,2023-01-23,Regular
CUST08632,Customer 08632,Female,45,Chennai,Tamil Nadu,2023-07-22,VIP
CUST08633,Customer 08633,Female,31,Pune,Maharashtra,2024-09-10,VIP
CUST08634,Customer 08634,Other,56,Madurai,Tamil Nadu,2023-07-14,Regular
CUST08635,Customer 08635,Male,20,Coimbatore,Tamil Nadu,2025-04-01,New
CUST08636,Customer 08636,Female,59,Kolkata,West Bengal,2022-12-31,Regular
CUST08637,Customer 08637,Female,28,Ahmedabad,Gujarat,2023-02-21,New
CUST08638,Customer 08638,Other,47,Coimbatore,Tamil Nadu,2026-03-13,Regular
CUST08639,Customer 08639,Male,55,Pune,Maharashtra,2022-01-21,New
CUST08640,Customer 08640,Female,22,Madurai,Tamil Nadu,2023-09-06,Loyal
CUST08641,Customer 08641,Male,39,Mumbai,Maharashtra,2023-06-01,New
CUST08642,Customer 08642,Female,30,Ahmedabad,Gujarat,2025-05-05,VIP
CUST08643,Customer 08643,Male,61,Ahmedabad,Gujarat,2023-10-23,New
CUST08644,Customer 08644,Male,38,Madurai,Tamil Nadu,2025-09-30,Regular
CUST08645,Customer 08645,Female,54,Delhi,Delhi,2022-11-26,Loyal
CUST08646,Customer 08646,Male,42,Kolkata,West Bengal,2023-01-13,New
CUST08647,Customer 08647,Male,38,Madurai,Tamil Nadu,2025-05-19,VIP
CUST08648,Customer 08648,Male,45,Bengaluru,Karnataka,2022-06-09,Regular
CUST08649,Customer 08649,Male,58,Bengaluru,Karnataka,2023-10-20,VIP
CUST08650,Customer 08650,Female,21,Madurai,Tamil Nadu,2026-05-13,VIP
CUST08651,Customer 08651,Female,46,Mumbai,Maharashtra,2022-12-20,New
CUST08652,Customer 08652,Female,64,Madurai,Tamil Nadu,2025-06-17,Loyal
CUST08653,Customer 08653,Male,52,Hyderabad,Telangana,2022-03-20,New
CUST08654,Customer 08654,Female,40,Pune,Maharashtra,2022-06-01,New
CUST08655,Customer 08655,Female,24,Bengaluru,Karnataka,2023-06-01,New
CUST08656,Customer 08656,Female,63,Coimbatore,Tamil Nadu,2023-01-18,New
CUST08657,Customer 08657,Female,63,Madurai,Tamil Nadu,2023-11-24,Regular
CUST08658,Customer 08658,Female,26,Bengaluru,Karnataka,2022-12-18,Regular
CUST08659,Customer 08659,Female,40,Pune,Maharashtra,2025-05-09,Loyal
CUST08660,Customer 08660,Male,20,Pune,Maharashtra,2024-08-08,Regular
CUST08661,Customer 08661,Male,26,Coimbatore,Tamil Nadu,2022-05-13,VIP
CUST08662,Customer 08662,Female,21,Ahmedabad,Gujarat,2023-09-26,New
CUST08663,Customer 08663,Female,42,Hyderabad,Telangana,2022-06-18,New
CUST08664,Customer 08664,Male,23,Madurai,Tamil Nadu,2024-05-15,Loyal
CUST08665,Customer 08665,Male,65,Chennai,Tamil Nadu,2023-01-26,Loyal
CUST08666,Customer 08666,Female,35,Madurai,Tamil Nadu,2025-11-09,Loyal
CUST08667,Customer 08667,Female,62,Ahmedabad,Gujarat,2024-03-30,Regular
CUST08668,Customer 08668,Male,24,Kolkata,West Bengal,2022-04-08,Regular
CUST08669,Customer 08669,Male,52,Delhi,Delhi,2025-11-01,New
CUST08670,Customer 08670,Female,48,Mumbai,Maharashtra,2024-09-18,Regular
CUST08671,Customer 08671,Female,55,Ahmedabad,Gujarat,2024-02-19,Regular
CUST08672,Customer 08672,Male,49,Pune,Maharashtra,2022-12-06,Regular
CUST08673,Customer 08673,Female,52,Chennai,Tamil Nadu,2026-04-04,Regular
CUST08674,Customer 08674,Female,45,Mumbai,Maharashtra,2022-05-12,Loyal
CUST08675,Customer 08675,Female,61,Bengaluru,Karnataka,2022-07-29,Loyal
CUST08676,Customer 08676,Other,22,Madurai,Tamil Nadu,2024-10-25,Regular
CUST08677,Customer 08677,Female,47,Mumbai,Maharashtra,2023-01-12,Regular
CUST08678,Customer 08678,Male,39,Bengaluru,Karnataka,2023-10-02,New
CUST08679,Customer 08679,Male,34,Delhi,Delhi,2024-12-13,New
CUST08680,Customer 08680,Male,27,Bengaluru,Karnataka,2026-03-02,Loyal
CUST08681,Customer 08681,Male,24,Chennai,Tamil Nadu,2025-05-06,Regular
CUST08682,Customer 08682,Male,21,Pune,Maharashtra,2023-03-17,Loyal
CUST08683,Customer 08683,Male,59,Ahmedabad,Gujarat,2025-04-18,New
CUST08684,Customer 08684,Female,44,Coimbatore,Tamil Nadu,2022-08-29,Loyal
CUST08685,Customer 08685,Female,24,Ahmedabad,Gujarat,2025-09-05,New
CUST08686,Customer 08686,Female,40,Ahmedabad,Gujarat,2023-05-16,Loyal
CUST08687,Customer 08687,Female,28,Bengaluru,Karnataka,2022-01-23,Regular
CUST08688,Customer 08688,Male,25,Madurai,Tamil Nadu,2023-09-24,New
CUST08689,Customer 08689,Male,25,Mumbai,Maharashtra,2024-10-13,Regular
CUST08690,Customer 08690,Male,54,Coimbatore,Tamil Nadu,2025-04-18,New
CUST08691,Customer 08691,Female,22,Coimbatore,Tamil Nadu,2022-06-24,Regular
CUST08692,Customer 08692,Male,24,Mumbai,Maharashtra,2022-07-17,VIP
CUST08693,Customer 08693,Female,39,Mumbai,Maharashtra,2026-04-11,Regular
CUST08694,Customer 08694,Female,53,Pune,Maharashtra,2026-01-17,Regular
CUST08695,Customer 08695,Male,19,Chennai,Tamil Nadu,2022-04-09,Loyal
CUST08696,Customer 08696,Male,41,Delhi,Delhi,2024-01-15,Regular
CUST08697,Customer 08697,Female,19,Chennai,Tamil Nadu,2025-12-21,Regular
CUST08698,Customer 08698,Female,65,Mumbai,Maharashtra,2023-03-29,VIP
CUST08699,Customer 08699,Female,29,Madurai,Tamil Nadu,2025-04-29,New
CUST08700,Customer 08700,Male,64,Hyderabad,Telangana,2024-08-31,Regular
CUST08701,Customer 08701,Female,59,Hyderabad,Telangana,2023-05-14,Loyal
CUST08702,Customer 08702,Male,43,Delhi,Delhi,2025-04-29,New
CUST08703,Customer 08703,Other,55,Mumbai,Maharashtra,2022-05-21,Loyal
CUST08704,Customer 08704,Female,62,Hyderabad,Telangana,2024-02-12,Regular
CUST08705,Customer 08705,Female,23,Delhi,Delhi,2022-06-24,New
CUST08706,Customer 08706,Male,40,Coimbatore,Tamil Nadu,2023-02-24,Regular
CUST08707,Customer 08707,Female,19,Delhi,Delhi,2023-11-07,VIP
CUST08708,Customer 08708,Male,43,Coimbatore,Tamil Nadu,2025-12-28,Loyal
CUST08709,Customer 08709,Male,31,Pune,Maharashtra,2026-01-03,New
CUST08710,Customer 08710,Male,35,Hyderabad,Telangana,2026-04-04,New
CUST08711,Customer 08711,Female,55,Delhi,Delhi,2023-06-16,Regular
CUST08712,Customer 08712,Female,49,Delhi,Delhi,2024-07-06,Regular
CUST08713,Customer 08713,Male,31,Delhi,Delhi,2022-12-27,Loyal
CUST08714,Customer 08714,Female,47,Madurai,Tamil Nadu,2023-03-22,VIP
CUST08715,Customer 08715,Male,30,Delhi,Delhi,2023-07-10,Loyal
CUST08716,Customer 08716,Male,57,Madurai,Tamil Nadu,2023-12-09,Regular
CUST08717,Customer 08717,Male,48,Ahmedabad,Gujarat,2025-10-12,New
CUST08718,Customer 08718,Female,54,Pune,Maharashtra,2023-07-15,New
CUST08719,Customer 08719,Female,62,Ahmedabad,Gujarat,2024-09-23,Regular
CUST08720,Customer 08720,Female,55,Kolkata,West Bengal,2022-02-28,Regular
CUST08721,Customer 08721,Female,39,Ahmedabad,Gujarat,2024-06-03,Loyal
CUST08722,Customer 08722,Male,45,Mumbai,Maharashtra,2025-04-05,Regular
CUST08723,Customer 08723,Female,36,Coimbatore,Tamil Nadu,2024-08-24,New
CUST08724,Customer 08724,Male,60,Mumbai,Maharashtra,2024-08-02,Regular
CUST08725,Customer 08725,Female,33,Chennai,Tamil Nadu,2022-09-20,VIP
CUST08726,Customer 08726,Female,22,Ahmedabad,Gujarat,2025-12-25,Loyal
CUST08727,Customer 08727,Female,61,Hyderabad,Telangana,2022-07-15,New
CUST08728,Customer 08728,Female,19,Bengaluru,Karnataka,2022-12-20,Loyal
CUST08729,Customer 08729,Female,27,Ahmedabad,Gujarat,2024-06-04,Regular
CUST08730,Customer 08730,Male,64,Pune,Maharashtra,2024-07-29,Regular
CUST08731,Customer 08731,Female,36,Ahmedabad,Gujarat,2024-07-03,Regular
CUST08732,Customer 08732,Male,37,Madurai,Tamil Nadu,2022-02-16,Regular
CUST08733,Customer 08733,Male,46,Chennai,Tamil Nadu,2024-01-23,Regular
CUST08734,Customer 08734,Female,42,Delhi,Delhi,2025-08-25,Regular
CUST08735,Customer 08735,Female,34,Chennai,Tamil Nadu,2022-08-18,Regular
CUST08736,Customer 08736,Male,30,Chennai,Tamil Nadu,2025-12-05,New
CUST08737,Customer 08737,Female,62,Coimbatore,Tamil Nadu,2024-01-27,Regular
CUST08738,Customer 08738,Other,33,Bengaluru,Karnataka,2022-11-12,Loyal
CUST08739,Customer 08739,Female,52,Chennai,Tamil Nadu,2024-02-01,Regular
CUST08740,Customer 08740,Female,53,Coimbatore,Tamil Nadu,2025-01-05,Regular
CUST08741,Customer 08741,Female,56,Delhi,Delhi,2022-03-03,New
CUST08742,Customer 08742,Male,20,Mumbai,Maharashtra,2026-05-14,New
CUST08743,Customer 08743,Female,26,Delhi,Delhi,2022-08-26,Regular
CUST08744,Customer 08744,Female,57,Hyderabad,Telangana,2026-05-11,New
CUST08745,Customer 08745,Female,63,Chennai,Tamil Nadu,2022-03-19,Regular
CUST08746,Customer 08746,Female,46,Chennai,Tamil Nadu,2024-01-04,Loyal
CUST08747,Customer 08747,Male,22,Mumbai,Maharashtra,2023-07-13,Regular
CUST08748,Customer 08748,Male,20,Pune,Maharashtra,2024-08-01,Loyal
CUST08749,Customer 08749,Male,27,Chennai,Tamil Nadu,2023-10-12,Loyal
CUST08750,Customer 08750,Male,48,Bengaluru,Karnataka,2025-12-10,New
CUST08751,Customer 08751,Male,28,Kolkata,West Bengal,2024-11-13,Regular
CUST08752,Customer 08752,Male,34,Chennai,Tamil Nadu,2024-11-18,New
CUST08753,Customer 08753,Female,57,Kolkata,West Bengal,2026-02-23,Regular
CUST08754,Customer 08754,Female,58,Delhi,Delhi,2025-03-04,New
CUST08755,Customer 08755,Female,25,Ahmedabad,Gujarat,2022-12-17,Regular
CUST08756,Customer 08756,Female,19,Pune,Maharashtra,2024-07-01,Regular
CUST08757,Customer 08757,Male,21,Coimbatore,Tamil Nadu,2022-12-16,New
CUST08758,Customer 08758,Male,33,Madurai,Tamil Nadu,2025-07-28,New
CUST08759,Customer 08759,Female,58,Pune,Maharashtra,2023-04-21,Regular
CUST08760,Customer 08760,Female,58,Madurai,Tamil Nadu,2022-10-19,Regular
CUST08761,Customer 08761,Female,38,Delhi,Delhi,2025-04-27,Loyal
CUST08762,Customer 08762,Male,22,Pune,Maharashtra,2025-12-13,New
CUST08763,Customer 08763,Male,52,Coimbatore,Tamil Nadu,2024-06-06,Regular
CUST08764,Customer 08764,Female,31,Madurai,Tamil Nadu,2023-04-13,Regular
CUST08765,Customer 08765,Female,32,Mumbai,Maharashtra,2025-05-14,Regular
CUST08766,Customer 08766,Female,23,Bengaluru,Karnataka,2025-06-19,Regular
CUST08767,Customer 08767,Female,33,Pune,Maharashtra,2022-11-02,Regular
CUST08768,Customer 08768,Female,40,Delhi,Delhi,2025-04-22,Loyal
CUST08769,Customer 08769,Female,48,Chennai,Tamil Nadu,2023-04-23,Regular
CUST08770,Customer 08770,Female,59,Coimbatore,Tamil Nadu,2026-03-08,New
CUST08771,Customer 08771,Female,63,Madurai,Tamil Nadu,2025-02-25,Regular
CUST08772,Customer 08772,Female,29,Madurai,Tamil Nadu,2023-03-25,Regular
CUST08773,Customer 08773,Female,58,Bengaluru,Karnataka,2022-08-18,Regular
CUST08774,Customer 08774,Female,36,Madurai,Tamil Nadu,2024-11-30,New
CUST08775,Customer 08775,Male,29,Kolkata,West Bengal,2024-03-03,New
CUST08776,Customer 08776,Female,62,Hyderabad,Telangana,2023-11-05,Regular
CUST08777,Customer 08777,Female,30,Kolkata,West Bengal,2025-11-16,New
CUST08778,Customer 08778,Male,19,Madurai,Tamil Nadu,2024-04-03,Regular
CUST08779,Customer 08779,Female,37,Coimbatore,Tamil Nadu,2025-09-25,Loyal
CUST08780,Customer 08780,Male,48,Pune,Maharashtra,2024-04-15,Loyal
CUST08781,Customer 08781,Female,26,Delhi,Delhi,2024-11-10,Regular
CUST08782,Customer 08782,Female,38,Chennai,Tamil Nadu,2022-12-13,Regular
CUST08783,Customer 08783,Male,25,Pune,Maharashtra,2022-01-10,Regular
CUST08784,Customer 08784,Male,56,Mumbai,Maharashtra,2022-03-28,VIP
CUST08785,Customer 08785,Female,54,Pune,Maharashtra,2023-06-29,Regular
CUST08786,Customer 08786,Female,46,Pune,Maharashtra,2024-05-22,Regular
CUST08787,Customer 08787,Male,36,Delhi,Delhi,2025-09-24,New
CUST08788,Customer 08788,Female,52,Bengaluru,Karnataka,2023-12-16,Regular
CUST08789,Customer 08789,Female,62,Madurai,Tamil Nadu,2022-01-04,New
CUST08790,Customer 08790,Female,55,Bengaluru,Karnataka,2024-11-12,Regular
CUST08791,Customer 08791,Male,43,Mumbai,Maharashtra,2025-05-05,Regular
CUST08792,Customer 08792,Female,28,Ahmedabad,Gujarat,2026-03-02,VIP
CUST08793,Customer 08793,Male,53,Chennai,Tamil Nadu,2024-06-19,VIP
CUST08794,Customer 08794,Female,52,Kolkata,West Bengal,2022-09-30,Loyal
CUST08795,Customer 08795,Female,21,Chennai,Tamil Nadu,2026-01-14,Regular
CUST08796,Customer 08796,Male,20,Madurai,Tamil Nadu,2025-02-04,Loyal
CUST08797,Customer 08797,Female,62,Chennai,Tamil Nadu,2024-05-30,Loyal
CUST08798,Customer 08798,Male,64,Hyderabad,Telangana,2025-11-02,Loyal
CUST08799,Customer 08799,Female,29,Kolkata,West Bengal,2025-05-08,Regular
CUST08800,Customer 08800,Female,49,Mumbai,Maharashtra,2024-07-24,New
CUST08801,Customer 08801,Female,64,Madurai,Tamil Nadu,2022-01-02,New
CUST08802,Customer 08802,Female,43,Coimbatore,Tamil Nadu,2025-02-18,Loyal
CUST08803,Customer 08803,Female,60,Mumbai,Maharashtra,2022-05-29,New
CUST08804,Customer 08804,Female,60,Hyderabad,Telangana,2024-08-05,Regular
CUST08805,Customer 08805,Female,30,Kolkata,West Bengal,2022-06-01,Regular
CUST08806,Customer 08806,Male,61,Delhi,Delhi,2026-05-08,New
CUST08807,Customer 08807,Female,55,Hyderabad,Telangana,2022-11-02,Loyal
CUST08808,Customer 08808,Female,46,Mumbai,Maharashtra,2024-05-31,Regular
CUST08809,Customer 08809,Male,36,Madurai,Tamil Nadu,2023-04-20,New
CUST08810,Customer 08810,Male,52,Ahmedabad,Gujarat,2025-10-19,VIP
CUST08811,Customer 08811,Male,65,Madurai,Tamil Nadu,2024-03-17,Regular
CUST08812,Customer 08812,Male,58,Kolkata,West Bengal,2024-12-30,Loyal
CUST08813,Customer 08813,Male,44,Ahmedabad,Gujarat,2022-02-02,Regular
CUST08814,Customer 08814,Female,63,Bengaluru,Karnataka,2025-03-26,Regular
CUST08815,Customer 08815,Female,48,Kolkata,West Bengal,2025-09-15,New
CUST08816,Customer 08816,Female,20,Kolkata,West Bengal,2024-02-17,Regular
CUST08817,Customer 08817,Male,52,Hyderabad,Telangana,2025-11-11,Regular
CUST08818,Customer 08818,Female,41,Madurai,Tamil Nadu,2025-03-28,VIP
CUST08819,Customer 08819,Female,24,Mumbai,Maharashtra,2024-03-05,New
CUST08820,Customer 08820,Female,52,Delhi,Delhi,2026-04-12,Regular
CUST08821,Customer 08821,Female,38,Chennai,Tamil Nadu,2025-06-04,Loyal
CUST08822,Customer 08822,Male,18,Pune,Maharashtra,2025-06-29,Regular
CUST08823,Customer 08823,Other,61,Delhi,Delhi,2023-01-02,Regular
CUST08824,Customer 08824,Female,23,Chennai,Tamil Nadu,2022-09-19,Regular
CUST08825,Customer 08825,Male,56,Bengaluru,Karnataka,2023-10-08,New
CUST08826,Customer 08826,Male,51,Mumbai,Maharashtra,2023-06-22,New
CUST08827,Customer 08827,Male,35,Madurai,Tamil Nadu,2024-12-02,VIP
CUST08828,Customer 08828,Male,42,Coimbatore,Tamil Nadu,2026-04-04,Regular
CUST08829,Customer 08829,Male,32,Kolkata,West Bengal,2022-01-16,Regular
CUST08830,Customer 08830,Female,64,Delhi,Delhi,2022-04-15,Regular
CUST08831,Customer 08831,Female,49,Chennai,Tamil Nadu,2024-03-01,New
CUST08832,Customer 08832,Female,59,Coimbatore,Tamil Nadu,2025-05-11,Loyal
CUST08833,Customer 08833,Female,35,Delhi,Delhi,2023-12-21,Regular
CUST08834,Customer 08834,Female,48,Mumbai,Maharashtra,2024-12-18,Loyal
CUST08835,Customer 08835,Female,46,Madurai,Tamil Nadu,2024-10-05,Regular
CUST08836,Customer 08836,Other,32,Ahmedabad,Gujarat,2022-02-17,New
CUST08837,Customer 08837,Male,40,Delhi,Delhi,2023-10-22,Loyal
CUST08838,Customer 08838,Female,55,Delhi,Delhi,2025-07-24,Regular
CUST08839,Customer 08839,Female,58,Madurai,Tamil Nadu,2025-12-06,Regular
CUST08840,Customer 08840,Male,28,Bengaluru,Karnataka,2025-04-16,Loyal
CUST08841,Customer 08841,Female,32,Hyderabad,Telangana,2024-03-11,Regular
CUST08842,Customer 08842,Female,40,Delhi,Delhi,2022-04-24,Regular
CUST08843,Customer 08843,Female,20,Madurai,Tamil Nadu,2022-10-23,New
CUST08844,Customer 08844,Male,36,Hyderabad,Telangana,2023-03-14,Loyal
CUST08845,Customer 08845,Female,18,Madurai,Tamil Nadu,2022-09-23,New
CUST08846,Customer 08846,Male,41,Madurai,Tamil Nadu,2022-06-11,Loyal
CUST08847,Customer 08847,Male,28,Bengaluru,Karnataka,2023-05-19,New
CUST08848,Customer 08848,Male,47,Madurai,Tamil Nadu,2024-11-25,Loyal
CUST08849,Customer 08849,Female,28,Mumbai,Maharashtra,2023-08-10,Regular
CUST08850,Customer 08850,Female,56,Delhi,Delhi,2023-04-03,New
CUST08851,Customer 08851,Male,18,Chennai,Tamil Nadu,2024-10-02,Regular
CUST08852,Customer 08852,Female,29,Chennai,Tamil Nadu,2025-10-26,New
CUST08853,Customer 08853,Male,21,Chennai,Tamil Nadu,2026-02-18,New
CUST08854,Customer 08854,Male,42,Madurai,Tamil Nadu,2022-09-29,New
CUST08855,Customer 08855,Female,25,Coimbatore,Tamil Nadu,2025-04-17,Loyal
CUST08856,Customer 08856,Male,32,Hyderabad,Telangana,2023-04-25,New
CUST08857,Customer 08857,Female,60,Hyderabad,Telangana,2024-08-14,VIP
CUST08858,Customer 08858,Male,47,Madurai,Tamil Nadu,2022-06-08,New
CUST08859,Customer 08859,Male,57,Mumbai,Maharashtra,2024-01-25,Regular
CUST08860,Customer 08860,Female,49,Mumbai,Maharashtra,2022-07-23,Loyal
CUST08861,Customer 08861,Female,61,Kolkata,West Bengal,2024-03-05,VIP
CUST08862,Customer 08862,Male,52,Madurai,Tamil Nadu,2025-07-25,New
CUST08863,Customer 08863,Female,38,Pune,Maharashtra,2025-03-12,Regular
CUST08864,Customer 08864,Female,48,Bengaluru,Karnataka,2026-03-24,New
CUST08865,Customer 08865,Female,53,Chennai,Tamil Nadu,2023-05-27,Regular
CUST08866,Customer 08866,Male,44,Bengaluru,Karnataka,2022-04-26,Loyal
CUST08867,Customer 08867,Female,61,Chennai,Tamil Nadu,2023-01-27,Regular
CUST08868,Customer 08868,Female,25,Ahmedabad,Gujarat,2025-09-28,Regular
CUST08869,Customer 08869,Male,40,Ahmedabad,Gujarat,2025-10-28,New
CUST08870,Customer 08870,Female,40,Madurai,Tamil Nadu,2023-11-19,New
CUST08871,Customer 08871,Female,59,Ahmedabad,Gujarat,2024-07-18,New
CUST08872,Customer 08872,Female,50,Coimbatore,Tamil Nadu,2023-12-27,Loyal
CUST08873,Customer 08873,Female,30,Kolkata,West Bengal,2023-01-04,New
CUST08874,Customer 08874,Female,56,Mumbai,Maharashtra,2025-05-23,Regular
CUST08875,Customer 08875,Female,52,Coimbatore,Tamil Nadu,2026-03-15,Loyal
CUST08876,Customer 08876,Female,33,Bengaluru,Karnataka,2023-07-23,Regular
CUST08877,Customer 08877,Female,29,Bengaluru,Karnataka,2024-06-19,Loyal
CUST08878,Customer 08878,Female,48,Ahmedabad,Gujarat,2024-01-11,Regular
CUST08879,Customer 08879,Male,22,Mumbai,Maharashtra,2022-11-23,Regular
CUST08880,Customer 08880,Male,57,Kolkata,West Bengal,2022-02-06,Regular
CUST08881,Customer 08881,Female,61,Chennai,Tamil Nadu,2024-09-12,VIP
CUST08882,Customer 08882,Male,42,Coimbatore,Tamil Nadu,2023-01-15,VIP
CUST08883,Customer 08883,Female,38,Kolkata,West Bengal,2024-03-06,Regular
CUST08884,Customer 08884,Female,20,Delhi,Delhi,2026-03-16,New
CUST08885,Customer 08885,Female,65,Hyderabad,Telangana,2025-09-09,Regular
CUST08886,Customer 08886,Other,27,Ahmedabad,Gujarat,2023-01-04,Regular
CUST08887,Customer 08887,Female,40,Chennai,Tamil Nadu,2022-08-12,Loyal
CUST08888,Customer 08888,Male,34,Delhi,Delhi,2024-03-24,Regular
CUST08889,Customer 08889,Female,59,Chennai,Tamil Nadu,2025-01-28,Regular
CUST08890,Customer 08890,Male,52,Chennai,Tamil Nadu,2025-01-03,Regular
CUST08891,Customer 08891,Male,42,Ahmedabad,Gujarat,2023-12-25,New
CUST08892,Customer 08892,Male,19,Chennai,Tamil Nadu,2025-12-31,Loyal
CUST08893,Customer 08893,Male,44,Kolkata,West Bengal,2023-12-04,New
CUST08894,Customer 08894,Male,63,Kolkata,West Bengal,2025-10-23,Regular
CUST08895,Customer 08895,Male,26,Delhi,Delhi,2022-03-04,New
CUST08896,Customer 08896,Female,21,Bengaluru,Karnataka,2022-04-09,New
CUST08897,Customer 08897,Female,43,Mumbai,Maharashtra,2024-02-16,New
CUST08898,Customer 08898,Male,49,Coimbatore,Tamil Nadu,2025-06-02,Loyal
CUST08899,Customer 08899,Male,46,Coimbatore,Tamil Nadu,2022-03-16,Regular
CUST08900,Customer 08900,Female,39,Pune,Maharashtra,2022-07-03,Regular
CUST08901,Customer 08901,Female,64,Ahmedabad,Gujarat,2025-08-09,Loyal
CUST08902,Customer 08902,Female,30,Madurai,Tamil Nadu,2024-12-16,Regular
CUST08903,Customer 08903,Male,40,Madurai,Tamil Nadu,2025-06-26,Regular
CUST08904,Customer 08904,Female,48,Delhi,Delhi,2023-04-14,Regular
CUST08905,Customer 08905,Female,58,Chennai,Tamil Nadu,2022-05-20,New
CUST08906,Customer 08906,Female,53,Chennai,Tamil Nadu,2022-12-25,Regular
CUST08907,Customer 08907,Male,57,Ahmedabad,Gujarat,2026-04-26,New
CUST08908,Customer 08908,Male,48,Hyderabad,Telangana,2025-12-02,Regular
CUST08909,Customer 08909,Male,32,Bengaluru,Karnataka,2026-02-06,New
CUST08910,Customer 08910,Male,31,Pune,Maharashtra,2026-01-09,Regular
CUST08911,Customer 08911,Female,52,Kolkata,West Bengal,2024-09-06,Regular
CUST08912,Customer 08912,Female,41,Chennai,Tamil Nadu,2025-06-09,New
CUST08913,Customer 08913,Female,47,Pune,Maharashtra,2022-10-27,VIP
CUST08914,Customer 08914,Female,47,Coimbatore,Tamil Nadu,2023-03-02,VIP
CUST08915,Customer 08915,Female,44,Hyderabad,Telangana,2024-09-21,New
CUST08916,Customer 08916,Male,57,Kolkata,West Bengal,2022-06-10,Loyal
CUST08917,Customer 08917,Other,31,Ahmedabad,Gujarat,2023-02-05,Regular
CUST08918,Customer 08918,Female,62,Pune,Maharashtra,2025-11-02,Loyal
CUST08919,Customer 08919,Male,64,Delhi,Delhi,2025-07-04,New
CUST08920,Customer 08920,Male,28,Kolkata,West Bengal,2024-01-11,New
CUST08921,Customer 08921,Female,64,Ahmedabad,Gujarat,2024-05-11,Loyal
CUST08922,Customer 08922,Female,61,Madurai,Tamil Nadu,2023-05-09,Loyal
CUST08923,Customer 08923,Male,43,Ahmedabad,Gujarat,2023-05-04,Regular
CUST08924,Customer 08924,Female,38,Ahmedabad,Gujarat,2025-04-20,Loyal
CUST08925,Customer 08925,Female,26,Kolkata,West Bengal,2023-06-10,Regular
CUST08926,Customer 08926,Female,64,Hyderabad,Telangana,2025-01-28,New
CUST08927,Customer 08927,Male,18,Kolkata,West Bengal,2024-01-07,Regular
CUST08928,Customer 08928,Male,61,Mumbai,Maharashtra,2022-12-24,New
CUST08929,Customer 08929,Female,23,Bengaluru,Karnataka,2025-06-08,Loyal
CUST08930,Customer 08930,Female,18,Hyderabad,Telangana,2023-07-19,VIP
CUST08931,Customer 08931,Male,39,Delhi,Delhi,2024-10-26,Regular
CUST08932,Customer 08932,Male,30,Hyderabad,Telangana,2022-03-31,Regular
CUST08933,Customer 08933,Male,55,Coimbatore,Tamil Nadu,2022-03-05,Loyal
CUST08934,Customer 08934,Male,62,Delhi,Delhi,2025-01-16,New
CUST08935,Customer 08935,Female,58,Madurai,Tamil Nadu,2024-11-22,Regular
CUST08936,Customer 08936,Other,57,Kolkata,West Bengal,2024-12-31,Regular
CUST08937,Customer 08937,Male,48,Ahmedabad,Gujarat,2026-04-29,Regular
CUST08938,Customer 08938,Male,32,Kolkata,West Bengal,2022-09-10,Loyal
CUST08939,Customer 08939,Female,19,Coimbatore,Tamil Nadu,2022-04-17,Regular
CUST08940,Customer 08940,Male,48,Pune,Maharashtra,2024-07-18,Regular
CUST08941,Customer 08941,Female,43,Coimbatore,Tamil Nadu,2023-05-29,Loyal
CUST08942,Customer 08942,Female,19,Mumbai,Maharashtra,2022-05-16,New
CUST08943,Customer 08943,Female,28,Ahmedabad,Gujarat,2023-09-21,Regular
CUST08944,Customer 08944,Male,50,Ahmedabad,Gujarat,2023-02-13,New
CUST08945,Customer 08945,Male,35,Chennai,Tamil Nadu,2022-05-01,Regular
CUST08946,Customer 08946,Female,38,Pune,Maharashtra,2026-02-10,Loyal
CUST08947,Customer 08947,Male,48,Chennai,Tamil Nadu,2024-03-10,New
CUST08948,Customer 08948,Male,43,Madurai,Tamil Nadu,2024-04-03,Loyal
CUST08949,Customer 08949,Female,47,Bengaluru,Karnataka,2025-01-22,Regular
CUST08950,Customer 08950,Female,56,Bengaluru,Karnataka,2023-05-20,New
CUST08951,Customer 08951,Female,38,Kolkata,West Bengal,2022-01-07,Regular
CUST08952,Customer 08952,Male,33,Bengaluru,Karnataka,2024-08-01,Loyal
CUST08953,Customer 08953,Female,24,Ahmedabad,Gujarat,2022-07-10,New
CUST08954,Customer 08954,Female,39,Coimbatore,Tamil Nadu,2023-04-02,Regular
CUST08955,Customer 08955,Male,24,Pune,Maharashtra,2023-01-21,Regular
CUST08956,Customer 08956,Female,19,Kolkata,West Bengal,2024-03-13,Regular
CUST08957,Customer 08957,Male,54,Kolkata,West Bengal,2024-05-15,New
CUST08958,Customer 08958,Male,31,Pune,Maharashtra,2024-10-19,Regular
CUST08959,Customer 08959,Male,25,Ahmedabad,Gujarat,2022-10-05,Loyal
CUST08960,Customer 08960,Female,46,Madurai,Tamil Nadu,2026-01-11,VIP
CUST08961,Customer 08961,Female,61,Madurai,Tamil Nadu,2024-04-06,New
CUST08962,Customer 08962,Male,24,Kolkata,West Bengal,2024-08-02,Regular
CUST08963,Customer 08963,Male,55,Madurai,Tamil Nadu,2022-02-21,New
CUST08964,Customer 08964,Male,62,Ahmedabad,Gujarat,2025-11-29,Regular
CUST08965,Customer 08965,Male,39,Mumbai,Maharashtra,2023-01-31,New
CUST08966,Customer 08966,Male,61,Mumbai,Maharashtra,2024-02-18,New
CUST08967,Customer 08967,Male,34,Chennai,Tamil Nadu,2023-11-25,Loyal
CUST08968,Customer 08968,Male,33,Hyderabad,Telangana,2022-07-30,New
CUST08969,Customer 08969,Female,50,Delhi,Delhi,2024-06-08,Regular
CUST08970,Customer 08970,Female,56,Bengaluru,Karnataka,2022-09-27,VIP
CUST08971,Customer 08971,Female,52,Madurai,Tamil Nadu,2023-06-29,VIP
CUST08972,Customer 08972,Male,55,Mumbai,Maharashtra,2024-10-03,New
CUST08973,Customer 08973,Male,49,Coimbatore,Tamil Nadu,2024-04-24,Regular
CUST08974,Customer 08974,Male,20,Pune,Maharashtra,2024-10-12,Regular
CUST08975,Customer 08975,Male,20,Hyderabad,Telangana,2025-07-29,Regular
CUST08976,Customer 08976,Male,25,Chennai,Tamil Nadu,2023-02-02,Loyal
CUST08977,Customer 08977,Female,63,Delhi,Delhi,2025-05-24,Loyal
CUST08978,Customer 08978,Female,48,Mumbai,Maharashtra,2025-12-26,Loyal
CUST08979,Customer 08979,Male,26,Chennai,Tamil Nadu,2025-09-06,Regular
CUST08980,Customer 08980,Male,22,Hyderabad,Telangana,2024-03-24,Regular
CUST08981,Customer 08981,Female,45,Pune,Maharashtra,2023-10-01,Regular
CUST08982,Customer 08982,Male,32,Bengaluru,Karnataka,2023-05-08,Regular
CUST08983,Customer 08983,Female,44,Mumbai,Maharashtra,2024-08-08,New
CUST08984,Customer 08984,Other,59,Pune,Maharashtra,2022-05-08,New
CUST08985,Customer 08985,Other,48,Delhi,Delhi,2022-03-15,New
CUST08986,Customer 08986,Male,57,Madurai,Tamil Nadu,2026-02-08,New
CUST08987,Customer 08987,Male,35,Hyderabad,Telangana,2023-03-28,New
CUST08988,Customer 08988,Male,55,Delhi,Delhi,2026-01-25,Regular
CUST08989,Customer 08989,Female,21,Bengaluru,Karnataka,2023-03-14,Regular
CUST08990,Customer 08990,Female,38,Pune,Maharashtra,2025-07-03,Regular
CUST08991,Customer 08991,Female,64,Ahmedabad,Gujarat,2023-03-24,Regular
CUST08992,Customer 08992,Female,59,Bengaluru,Karnataka,2025-01-30,Loyal
CUST08993,Customer 08993,Female,40,Kolkata,West Bengal,2023-07-13,Regular
CUST08994,Customer 08994,Female,62,Mumbai,Maharashtra,2024-08-27,Loyal
CUST08995,Customer 08995,Female,39,Madurai,Tamil Nadu,2024-07-25,Loyal
CUST08996,Customer 08996,Female,18,Hyderabad,Telangana,2022-10-10,New
CUST08997,Customer 08997,Female,42,Coimbatore,Tamil Nadu,2024-01-30,Regular
CUST08998,Customer 08998,Male,58,Pune,Maharashtra,2025-05-12,Regular
CUST08999,Customer 08999,Female,45,Ahmedabad,Gujarat,2022-03-27,Regular
CUST09000,Customer 09000,Male,54,Coimbatore,Tamil Nadu,2025-09-09,New
CUST09001,Customer 09001,Male,28,Mumbai,Maharashtra,2022-06-13,Loyal
CUST09002,Customer 09002,Female,39,Mumbai,Maharashtra,2024-05-26,New
CUST09003,Customer 09003,Female,42,Hyderabad,Telangana,2024-12-16,VIP
CUST09004,Customer 09004,Female,38,Ahmedabad,Gujarat,2022-07-25,Loyal
CUST09005,Customer 09005,Male,53,Mumbai,Maharashtra,2025-12-23,Regular
CUST09006,Customer 09006,Female,37,Coimbatore,Tamil Nadu,2022-05-28,New
CUST09007,Customer 09007,Male,33,Ahmedabad,Gujarat,2025-08-17,Regular
CUST09008,Customer 09008,Female,45,Coimbatore,Tamil Nadu,2024-03-01,Regular
CUST09009,Customer 09009,Male,46,Bengaluru,Karnataka,2025-08-06,Regular
CUST09010,Customer 09010,Female,43,Delhi,Delhi,2024-11-10,Loyal
CUST09011,Customer 09011,Female,57,Ahmedabad,Gujarat,2024-08-04,Regular
CUST09012,Customer 09012,Male,19,Chennai,Tamil Nadu,2025-03-06,Regular
CUST09013,Customer 09013,Female,27,Delhi,Delhi,2025-10-24,Loyal
CUST09014,Customer 09014,Female,30,Delhi,Delhi,2026-03-26,New
CUST09015,Customer 09015,Male,32,Ahmedabad,Gujarat,2023-07-11,Regular
CUST09016,Customer 09016,Male,26,Madurai,Tamil Nadu,2025-12-30,Regular
CUST09017,Customer 09017,Male,44,Mumbai,Maharashtra,2024-01-31,Regular
CUST09018,Customer 09018,Male,25,Bengaluru,Karnataka,2022-01-30,Loyal
CUST09019,Customer 09019,Female,23,Madurai,Tamil Nadu,2026-01-11,VIP
CUST09020,Customer 09020,Other,53,Madurai,Tamil Nadu,2022-08-13,Regular
CUST09021,Customer 09021,Male,41,Chennai,Tamil Nadu,2025-11-10,Regular
CUST09022,Customer 09022,Male,20,Pune,Maharashtra,2023-03-05,Regular
CUST09023,Customer 09023,Female,43,Ahmedabad,Gujarat,2023-06-13,Loyal
CUST09024,Customer 09024,Male,53,Coimbatore,Tamil Nadu,2024-11-17,Regular
CUST09025,Customer 09025,Male,38,Mumbai,Maharashtra,2022-05-06,New
CUST09026,Customer 09026,Male,30,Madurai,Tamil Nadu,2024-03-23,New
CUST09027,Customer 09027,Female,28,Bengaluru,Karnataka,2023-05-14,VIP
CUST09028,Customer 09028,Female,25,Pune,Maharashtra,2025-04-25,Regular
CUST09029,Customer 09029,Female,63,Chennai,Tamil Nadu,2023-10-16,Regular
CUST09030,Customer 09030,Male,63,Kolkata,West Bengal,2025-10-27,Loyal
CUST09031,Customer 09031,Female,65,Mumbai,Maharashtra,2022-05-18,Regular
CUST09032,Customer 09032,Female,31,Kolkata,West Bengal,2024-09-20,Regular
CUST09033,Customer 09033,Female,50,Delhi,Delhi,2025-09-22,New
CUST09034,Customer 09034,Male,19,Madurai,Tamil Nadu,2024-01-11,VIP
CUST09035,Customer 09035,Female,18,Hyderabad,Telangana,2022-08-02,New
CUST09036,Customer 09036,Female,28,Mumbai,Maharashtra,2022-10-18,Regular
CUST09037,Customer 09037,Male,23,Coimbatore,Tamil Nadu,2024-08-01,Regular
CUST09038,Customer 09038,Male,49,Pune,Maharashtra,2026-05-13,Loyal
CUST09039,Customer 09039,Female,32,Bengaluru,Karnataka,2023-01-06,New
CUST09040,Customer 09040,Female,29,Mumbai,Maharashtra,2023-06-14,Regular
CUST09041,Customer 09041,Female,54,Coimbatore,Tamil Nadu,2023-11-23,Regular
CUST09042,Customer 09042,Female,46,Ahmedabad,Gujarat,2023-07-03,Regular
CUST09043,Customer 09043,Female,61,Kolkata,West Bengal,2025-08-12,Loyal
CUST09044,Customer 09044,Male,39,Ahmedabad,Gujarat,2024-02-13,New
CUST09045,Customer 09045,Male,63,Pune,Maharashtra,2024-10-13,Loyal
CUST09046,Customer 09046,Other,31,Chennai,Tamil Nadu,2023-02-23,Loyal
CUST09047,Customer 09047,Male,36,Madurai,Tamil Nadu,2022-12-27,Loyal
CUST09048,Customer 09048,Male,22,Mumbai,Maharashtra,2025-03-27,Regular
CUST09049,Customer 09049,Female,52,Hyderabad,Telangana,2025-01-03,Regular
CUST09050,Customer 09050,Female,42,Kolkata,West Bengal,2025-10-27,Regular
CUST09051,Customer 09051,Male,55,Kolkata,West Bengal,2024-07-08,VIP
CUST09052,Customer 09052,Male,26,Mumbai,Maharashtra,2023-07-21,Loyal
CUST09053,Customer 09053,Male,24,Delhi,Delhi,2023-12-19,Regular
CUST09054,Customer 09054,Male,35,Ahmedabad,Gujarat,2023-12-28,VIP
CUST09055,Customer 09055,Female,19,Kolkata,West Bengal,2026-03-25,Loyal
CUST09056,Customer 09056,Male,27,Coimbatore,Tamil Nadu,2025-02-03,Loyal
CUST09057,Customer 09057,Female,61,Bengaluru,Karnataka,2023-01-02,Regular
CUST09058,Customer 09058,Female,19,Madurai,Tamil Nadu,2023-02-06,Loyal
CUST09059,Customer 09059,Female,62,Kolkata,West Bengal,2022-04-13,Loyal
CUST09060,Customer 09060,Male,25,Coimbatore,Tamil Nadu,2024-02-26,New
CUST09061,Customer 09061,Female,24,Pune,Maharashtra,2022-11-21,VIP
CUST09062,Customer 09062,Male,52,Pune,Maharashtra,2023-01-08,Regular
CUST09063,Customer 09063,Male,40,Madurai,Tamil Nadu,2022-12-04,Regular
CUST09064,Customer 09064,Female,25,Delhi,Delhi,2024-06-09,Loyal
CUST09065,Customer 09065,Female,38,Hyderabad,Telangana,2024-11-22,Regular
CUST09066,Customer 09066,Female,50,Madurai,Tamil Nadu,2025-02-05,Loyal
CUST09067,Customer 09067,Male,64,Chennai,Tamil Nadu,2025-12-16,Regular
CUST09068,Customer 09068,Male,18,Delhi,Delhi,2025-07-16,Regular
CUST09069,Customer 09069,Other,29,Kolkata,West Bengal,2025-01-01,New
CUST09070,Customer 09070,Female,28,Madurai,Tamil Nadu,2025-04-19,Regular
CUST09071,Customer 09071,Female,65,Ahmedabad,Gujarat,2025-03-21,Loyal
CUST09072,Customer 09072,Female,47,Pune,Maharashtra,2026-03-16,Regular
CUST09073,Customer 09073,Male,21,Coimbatore,Tamil Nadu,2024-12-27,Regular
CUST09074,Customer 09074,Female,51,Madurai,Tamil Nadu,2025-10-27,New
CUST09075,Customer 09075,Male,40,Ahmedabad,Gujarat,2025-10-03,Loyal
CUST09076,Customer 09076,Female,49,Delhi,Delhi,2024-09-23,New
CUST09077,Customer 09077,Female,20,Chennai,Tamil Nadu,2022-02-01,Loyal
CUST09078,Customer 09078,Female,45,Coimbatore,Tamil Nadu,2024-07-15,Regular
CUST09079,Customer 09079,Female,21,Bengaluru,Karnataka,2023-09-12,New
CUST09080,Customer 09080,Male,29,Chennai,Tamil Nadu,2025-01-07,Loyal
CUST09081,Customer 09081,Female,41,Kolkata,West Bengal,2025-07-06,Regular
CUST09082,Customer 09082,Male,50,Ahmedabad,Gujarat,2026-03-01,Regular
CUST09083,Customer 09083,Male,20,Madurai,Tamil Nadu,2024-05-27,Loyal
CUST09084,Customer 09084,Male,21,Madurai,Tamil Nadu,2022-06-24,Regular
CUST09085,Customer 09085,Female,47,Mumbai,Maharashtra,2025-10-22,Loyal
CUST09086,Customer 09086,Male,23,Pune,Maharashtra,2022-01-15,Loyal
CUST09087,Customer 09087,Male,47,Kolkata,West Bengal,2024-12-10,Regular
CUST09088,Customer 09088,Female,25,Ahmedabad,Gujarat,2022-04-17,Regular
CUST09089,Customer 09089,Female,35,Madurai,Tamil Nadu,2023-04-14,New
CUST09090,Customer 09090,Male,33,Bengaluru,Karnataka,2022-07-21,Loyal
CUST09091,Customer 09091,Male,23,Coimbatore,Tamil Nadu,2025-05-26,VIP
CUST09092,Customer 09092,Female,41,Kolkata,West Bengal,2024-11-30,Regular
CUST09093,Customer 09093,Female,45,Delhi,Delhi,2025-11-09,New
CUST09094,Customer 09094,Male,49,Bengaluru,Karnataka,2024-07-05,New
CUST09095,Customer 09095,Female,42,Coimbatore,Tamil Nadu,2022-12-02,Regular
CUST09096,Customer 09096,Female,45,Hyderabad,Telangana,2022-04-15,New
CUST09097,Customer 09097,Female,38,Pune,Maharashtra,2022-07-22,Loyal
CUST09098,Customer 09098,Female,25,Kolkata,West Bengal,2026-03-14,Loyal
CUST09099,Customer 09099,Female,53,Ahmedabad,Gujarat,2025-01-23,VIP
CUST09100,Customer 09100,Female,26,Chennai,Tamil Nadu,2025-04-15,New
CUST09101,Customer 09101,Male,57,Coimbatore,Tamil Nadu,2022-03-06,VIP
CUST09102,Customer 09102,Female,38,Delhi,Delhi,2023-07-07,Loyal
CUST09103,Customer 09103,Female,18,Madurai,Tamil Nadu,2022-08-12,New
CUST09104,Customer 09104,Male,21,Chennai,Tamil Nadu,2023-01-15,Regular
CUST09105,Customer 09105,Female,27,Bengaluru,Karnataka,2022-09-12,Loyal
CUST09106,Customer 09106,Male,43,Pune,Maharashtra,2025-08-14,VIP
CUST09107,Customer 09107,Male,57,Ahmedabad,Gujarat,2022-06-20,New
CUST09108,Customer 09108,Male,20,Chennai,Tamil Nadu,2023-09-05,New
CUST09109,Customer 09109,Female,61,Delhi,Delhi,2023-10-14,Regular
CUST09110,Customer 09110,Female,26,Coimbatore,Tamil Nadu,2023-12-19,VIP
CUST09111,Customer 09111,Male,49,Ahmedabad,Gujarat,2024-04-11,VIP
CUST09112,Customer 09112,Female,20,Hyderabad,Telangana,2025-10-19,New
CUST09113,Customer 09113,Male,21,Madurai,Tamil Nadu,2024-03-29,Regular
CUST09114,Customer 09114,Female,23,Pune,Maharashtra,2022-03-14,Loyal
CUST09115,Customer 09115,Female,26,Chennai,Tamil Nadu,2024-12-19,Loyal
CUST09116,Customer 09116,Female,43,Pune,Maharashtra,2023-03-31,VIP
CUST09117,Customer 09117,Female,19,Pune,Maharashtra,2022-12-02,Loyal
CUST09118,Customer 09118,Male,19,Pune,Maharashtra,2023-10-30,New
CUST09119,Customer 09119,Female,38,Coimbatore,Tamil Nadu,2025-02-21,Loyal
CUST09120,Customer 09120,Other,39,Pune,Maharashtra,2026-01-18,New
CUST09121,Customer 09121,Male,20,Hyderabad,Telangana,2022-01-14,Loyal
CUST09122,Customer 09122,Female,52,Bengaluru,Karnataka,2025-12-10,Regular
CUST09123,Customer 09123,Other,55,Delhi,Delhi,2022-01-27,VIP
CUST09124,Customer 09124,Male,50,Ahmedabad,Gujarat,2024-12-09,VIP
CUST09125,Customer 09125,Female,32,Hyderabad,Telangana,2022-07-06,New
CUST09126,Customer 09126,Female,28,Ahmedabad,Gujarat,2024-12-16,New
CUST09127,Customer 09127,Female,27,Delhi,Delhi,2024-02-10,Regular
CUST09128,Customer 09128,Male,53,Bengaluru,Karnataka,2023-10-29,Loyal
CUST09129,Customer 09129,Male,31,Kolkata,West Bengal,2024-09-16,Loyal
CUST09130,Customer 09130,Male,19,Ahmedabad,Gujarat,2024-11-23,VIP
CUST09131,Customer 09131,Female,62,Ahmedabad,Gujarat,2023-06-22,Regular
CUST09132,Customer 09132,Female,65,Bengaluru,Karnataka,2024-07-24,Regular
CUST09133,Customer 09133,Female,61,Chennai,Tamil Nadu,2023-01-06,New
CUST09134,Customer 09134,Male,54,Hyderabad,Telangana,2022-03-27,New
CUST09135,Customer 09135,Male,46,Chennai,Tamil Nadu,2022-06-09,Regular
CUST09136,Customer 09136,Female,52,Chennai,Tamil Nadu,2023-03-01,Loyal
CUST09137,Customer 09137,Female,37,Chennai,Tamil Nadu,2025-02-03,Regular
CUST09138,Customer 09138,Female,38,Pune,Maharashtra,2025-11-15,Loyal
CUST09139,Customer 09139,Female,51,Madurai,Tamil Nadu,2026-03-16,Regular
CUST09140,Customer 09140,Female,60,Ahmedabad,Gujarat,2022-10-02,Regular
CUST09141,Customer 09141,Female,50,Chennai,Tamil Nadu,2025-08-05,Regular
CUST09142,Customer 09142,Female,36,Hyderabad,Telangana,2022-09-15,Regular
CUST09143,Customer 09143,Male,25,Madurai,Tamil Nadu,2024-08-20,Loyal
CUST09144,Customer 09144,Female,48,Madurai,Tamil Nadu,2025-05-28,Regular
CUST09145,Customer 09145,Female,28,Chennai,Tamil Nadu,2024-08-31,Regular
CUST09146,Customer 09146,Male,25,Coimbatore,Tamil Nadu,2023-06-11,Loyal
CUST09147,Customer 09147,Male,42,Chennai,Tamil Nadu,2023-06-17,VIP
CUST09148,Customer 09148,Male,37,Coimbatore,Tamil Nadu,2024-12-18,Regular
CUST09149,Customer 09149,Female,55,Chennai,Tamil Nadu,2025-10-15,Regular
CUST09150,Customer 09150,Male,24,Hyderabad,Telangana,2022-04-23,New
CUST09151,Customer 09151,Male,30,Coimbatore,Tamil Nadu,2025-07-23,New
CUST09152,Customer 09152,Female,56,Pune,Maharashtra,2022-09-14,New
CUST09153,Customer 09153,Male,60,Madurai,Tamil Nadu,2022-11-25,Loyal
CUST09154,Customer 09154,Female,27,Chennai,Tamil Nadu,2024-02-16,New
CUST09155,Customer 09155,Female,25,Madurai,Tamil Nadu,2025-06-12,Regular
CUST09156,Customer 09156,Female,59,Chennai,Tamil Nadu,2022-02-20,Regular
CUST09157,Customer 09157,Male,60,Ahmedabad,Gujarat,2022-08-09,Loyal
CUST09158,Customer 09158,Male,37,Ahmedabad,Gujarat,2024-02-22,New
CUST09159,Customer 09159,Male,34,Mumbai,Maharashtra,2023-08-19,Regular
CUST09160,Customer 09160,Female,28,Chennai,Tamil Nadu,2025-06-07,Regular
CUST09161,Customer 09161,Female,33,Mumbai,Maharashtra,2022-08-10,Regular
CUST09162,Customer 09162,Male,54,Bengaluru,Karnataka,2024-07-31,Regular
CUST09163,Customer 09163,Female,59,Bengaluru,Karnataka,2024-12-13,Regular
CUST09164,Customer 09164,Male,49,Madurai,Tamil Nadu,2025-07-20,New
CUST09165,Customer 09165,Other,43,Coimbatore,Tamil Nadu,2022-07-17,Regular
CUST09166,Customer 09166,Female,54,Chennai,Tamil Nadu,2022-05-08,New
CUST09167,Customer 09167,Female,26,Delhi,Delhi,2024-10-29,VIP
CUST09168,Customer 09168,Female,52,Chennai,Tamil Nadu,2024-09-13,Regular
CUST09169,Customer 09169,Female,20,Chennai,Tamil Nadu,2022-08-15,Loyal
CUST09170,Customer 09170,Female,48,Delhi,Delhi,2023-07-12,New
CUST09171,Customer 09171,Female,59,Bengaluru,Karnataka,2025-03-03,Loyal
CUST09172,Customer 09172,Female,24,Mumbai,Maharashtra,2024-11-05,Regular
CUST09173,Customer 09173,Female,19,Madurai,Tamil Nadu,2022-08-03,New
CUST09174,Customer 09174,Female,42,Bengaluru,Karnataka,2025-02-09,Loyal
CUST09175,Customer 09175,Female,57,Delhi,Delhi,2024-05-04,Loyal
CUST09176,Customer 09176,Female,29,Chennai,Tamil Nadu,2025-03-26,VIP
CUST09177,Customer 09177,Female,47,Bengaluru,Karnataka,2023-03-01,Loyal
CUST09178,Customer 09178,Male,47,Hyderabad,Telangana,2026-01-15,New
CUST09179,Customer 09179,Male,46,Ahmedabad,Gujarat,2022-11-14,Regular
CUST09180,Customer 09180,Male,58,Chennai,Tamil Nadu,2022-12-26,Regular
CUST09181,Customer 09181,Female,28,Kolkata,West Bengal,2025-10-31,New
CUST09182,Customer 09182,Male,40,Delhi,Delhi,2024-07-24,Loyal
CUST09183,Customer 09183,Other,34,Pune,Maharashtra,2024-08-15,Regular
CUST09184,Customer 09184,Female,30,Coimbatore,Tamil Nadu,2024-07-08,VIP
CUST09185,Customer 09185,Female,50,Pune,Maharashtra,2024-06-20,Regular
CUST09186,Customer 09186,Male,18,Bengaluru,Karnataka,2025-08-12,Regular
CUST09187,Customer 09187,Female,57,Chennai,Tamil Nadu,2022-07-17,New
CUST09188,Customer 09188,Female,30,Coimbatore,Tamil Nadu,2026-05-13,New
CUST09189,Customer 09189,Female,55,Coimbatore,Tamil Nadu,2023-02-02,Loyal
CUST09190,Customer 09190,Male,20,Madurai,Tamil Nadu,2023-08-13,VIP
CUST09191,Customer 09191,Female,33,Pune,Maharashtra,2022-08-30,Regular
CUST09192,Customer 09192,Female,59,Chennai,Tamil Nadu,2023-03-05,Loyal
CUST09193,Customer 09193,Female,24,Madurai,Tamil Nadu,2023-09-03,Regular
CUST09194,Customer 09194,Female,20,Mumbai,Maharashtra,2022-01-06,VIP
CUST09195,Customer 09195,Female,31,Pune,Maharashtra,2025-09-03,New
CUST09196,Customer 09196,Other,33,Ahmedabad,Gujarat,2025-05-20,Regular
CUST09197,Customer 09197,Female,21,Ahmedabad,Gujarat,2025-07-20,Regular
CUST09198,Customer 09198,Other,48,Madurai,Tamil Nadu,2025-01-12,Regular
CUST09199,Customer 09199,Female,30,Mumbai,Maharashtra,2023-12-11,Regular
CUST09200,Customer 09200,Male,44,Hyderabad,Telangana,2022-12-26,Regular
CUST09201,Customer 09201,Male,18,Hyderabad,Telangana,2025-11-05,Regular
CUST09202,Customer 09202,Male,42,Ahmedabad,Gujarat,2026-04-13,New
CUST09203,Customer 09203,Male,54,Kolkata,West Bengal,2025-03-10,Loyal
CUST09204,Customer 09204,Male,61,Delhi,Delhi,2026-03-14,Loyal
CUST09205,Customer 09205,Male,28,Delhi,Delhi,2025-04-11,Loyal
CUST09206,Customer 09206,Female,26,Kolkata,West Bengal,2024-11-09,Regular
CUST09207,Customer 09207,Male,24,Madurai,Tamil Nadu,2023-05-18,New
CUST09208,Customer 09208,Male,31,Delhi,Delhi,2026-05-09,Regular
CUST09209,Customer 09209,Female,47,Delhi,Delhi,2022-08-15,New
CUST09210,Customer 09210,Female,41,Pune,Maharashtra,2022-04-19,Regular
CUST09211,Customer 09211,Other,20,Pune,Maharashtra,2024-01-13,New
CUST09212,Customer 09212,Female,65,Kolkata,West Bengal,2025-09-05,Regular
CUST09213,Customer 09213,Male,56,Chennai,Tamil Nadu,2025-08-24,New
CUST09214,Customer 09214,Male,44,Mumbai,Maharashtra,2024-03-21,New
CUST09215,Customer 09215,Male,18,Madurai,Tamil Nadu,2025-01-15,VIP
CUST09216,Customer 09216,Male,55,Pune,Maharashtra,2024-02-25,VIP
CUST09217,Customer 09217,Male,43,Pune,Maharashtra,2022-08-16,Regular
CUST09218,Customer 09218,Other,23,Hyderabad,Telangana,2024-05-01,New
CUST09219,Customer 09219,Male,59,Mumbai,Maharashtra,2025-08-26,Loyal
CUST09220,Customer 09220,Male,29,Hyderabad,Telangana,2024-04-07,Loyal
CUST09221,Customer 09221,Male,55,Chennai,Tamil Nadu,2023-01-14,Loyal
CUST09222,Customer 09222,Female,63,Mumbai,Maharashtra,2023-01-20,Regular
CUST09223,Customer 09223,Male,52,Delhi,Delhi,2022-04-23,New
CUST09224,Customer 09224,Male,27,Hyderabad,Telangana,2025-08-09,New
CUST09225,Customer 09225,Male,26,Ahmedabad,Gujarat,2025-08-21,Loyal
CUST09226,Customer 09226,Male,40,Madurai,Tamil Nadu,2022-10-18,Loyal
CUST09227,Customer 09227,Male,47,Delhi,Delhi,2025-02-02,Regular
CUST09228,Customer 09228,Female,39,Mumbai,Maharashtra,2022-10-18,Regular
CUST09229,Customer 09229,Male,64,Ahmedabad,Gujarat,2026-02-09,Regular
CUST09230,Customer 09230,Female,26,Chennai,Tamil Nadu,2026-03-25,Loyal
CUST09231,Customer 09231,Female,36,Ahmedabad,Gujarat,2023-11-08,Loyal
CUST09232,Customer 09232,Female,25,Pune,Maharashtra,2022-03-01,Regular
CUST09233,Customer 09233,Male,21,Kolkata,West Bengal,2025-08-28,New
CUST09234,Customer 09234,Male,22,Ahmedabad,Gujarat,2022-04-16,Regular
CUST09235,Customer 09235,Male,36,Coimbatore,Tamil Nadu,2023-09-15,Loyal
CUST09236,Customer 09236,Female,63,Chennai,Tamil Nadu,2022-03-30,Loyal
CUST09237,Customer 09237,Female,35,Delhi,Delhi,2025-07-15,New
CUST09238,Customer 09238,Male,46,Hyderabad,Telangana,2024-01-12,New
CUST09239,Customer 09239,Female,36,Bengaluru,Karnataka,2025-02-16,Regular
CUST09240,Customer 09240,Female,23,Chennai,Tamil Nadu,2024-06-18,Regular
CUST09241,Customer 09241,Female,22,Coimbatore,Tamil Nadu,2023-03-21,Regular
CUST09242,Customer 09242,Male,60,Pune,Maharashtra,2025-12-23,Regular
CUST09243,Customer 09243,Female,22,Hyderabad,Telangana,2024-10-03,Loyal
CUST09244,Customer 09244,Male,25,Madurai,Tamil Nadu,2025-10-06,Loyal
CUST09245,Customer 09245,Female,44,Bengaluru,Karnataka,2022-11-02,Regular
CUST09246,Customer 09246,Male,54,Ahmedabad,Gujarat,2023-09-07,Regular
CUST09247,Customer 09247,Male,60,Coimbatore,Tamil Nadu,2022-07-21,New
CUST09248,Customer 09248,Female,62,Ahmedabad,Gujarat,2024-08-01,Loyal
CUST09249,Customer 09249,Female,55,Madurai,Tamil Nadu,2024-11-12,Loyal
CUST09250,Customer 09250,Male,54,Chennai,Tamil Nadu,2025-01-18,Regular
CUST09251,Customer 09251,Male,35,Kolkata,West Bengal,2023-04-16,New
CUST09252,Customer 09252,Female,43,Coimbatore,Tamil Nadu,2025-01-21,New
CUST09253,Customer 09253,Female,59,Mumbai,Maharashtra,2024-09-05,Regular
CUST09254,Customer 09254,Female,33,Delhi,Delhi,2025-08-01,New
CUST09255,Customer 09255,Other,39,Mumbai,Maharashtra,2022-11-05,Regular
CUST09256,Customer 09256,Male,63,Kolkata,West Bengal,2024-01-03,Regular
CUST09257,Customer 09257,Female,40,Madurai,Tamil Nadu,2023-06-20,Regular
CUST09258,Customer 09258,Female,64,Mumbai,Maharashtra,2023-01-11,Loyal
CUST09259,Customer 09259,Female,20,Pune,Maharashtra,2023-05-14,Regular
CUST09260,Customer 09260,Male,20,Coimbatore,Tamil Nadu,2023-09-28,Loyal
CUST09261,Customer 09261,Female,29,Pune,Maharashtra,2022-05-22,New
CUST09262,Customer 09262,Female,40,Bengaluru,Karnataka,2024-12-11,New
CUST09263,Customer 09263,Female,64,Kolkata,West Bengal,2024-12-29,Regular
CUST09264,Customer 09264,Female,28,Bengaluru,Karnataka,2022-09-17,Regular
CUST09265,Customer 09265,Female,59,Bengaluru,Karnataka,2025-08-09,New
CUST09266,Customer 09266,Female,64,Bengaluru,Karnataka,2023-01-13,Regular
CUST09267,Customer 09267,Male,63,Chennai,Tamil Nadu,2024-11-28,Regular
CUST09268,Customer 09268,Male,46,Chennai,Tamil Nadu,2022-12-14,Loyal
CUST09269,Customer 09269,Female,23,Kolkata,West Bengal,2026-03-29,Regular
CUST09270,Customer 09270,Female,63,Hyderabad,Telangana,2024-04-07,Regular
CUST09271,Customer 09271,Male,33,Mumbai,Maharashtra,2023-05-21,VIP
CUST09272,Customer 09272,Female,51,Chennai,Tamil Nadu,2023-01-17,Loyal
CUST09273,Customer 09273,Male,54,Ahmedabad,Gujarat,2023-03-01,Regular
CUST09274,Customer 09274,Male,28,Pune,Maharashtra,2025-12-30,Regular
CUST09275,Customer 09275,Female,28,Chennai,Tamil Nadu,2022-11-18,Regular
CUST09276,Customer 09276,Female,42,Madurai,Tamil Nadu,2022-09-07,New
CUST09277,Customer 09277,Male,36,Bengaluru,Karnataka,2022-06-29,New
CUST09278,Customer 09278,Female,49,Chennai,Tamil Nadu,2024-09-30,Regular
CUST09279,Customer 09279,Female,25,Kolkata,West Bengal,2022-01-29,Loyal
CUST09280,Customer 09280,Other,29,Pune,Maharashtra,2026-02-28,Regular
CUST09281,Customer 09281,Male,58,Pune,Maharashtra,2025-09-11,New
CUST09282,Customer 09282,Female,52,Hyderabad,Telangana,2024-01-08,New
CUST09283,Customer 09283,Male,23,Delhi,Delhi,2022-07-06,Regular
CUST09284,Customer 09284,Male,38,Delhi,Delhi,2022-02-24,Regular
CUST09285,Customer 09285,Female,43,Mumbai,Maharashtra,2024-05-27,Regular
CUST09286,Customer 09286,Female,18,Ahmedabad,Gujarat,2023-05-29,Regular
CUST09287,Customer 09287,Male,34,Coimbatore,Tamil Nadu,2025-12-04,Loyal
CUST09288,Customer 09288,Other,52,Kolkata,West Bengal,2022-01-17,Regular
CUST09289,Customer 09289,Female,44,Madurai,Tamil Nadu,2026-05-14,Regular
CUST09290,Customer 09290,Female,19,Chennai,Tamil Nadu,2022-03-29,VIP
CUST09291,Customer 09291,Female,53,Kolkata,West Bengal,2025-05-31,VIP
CUST09292,Customer 09292,Male,18,Ahmedabad,Gujarat,2024-12-17,Regular
CUST09293,Customer 09293,Female,27,Delhi,Delhi,2023-12-05,VIP
CUST09294,Customer 09294,Male,48,Kolkata,West Bengal,2026-05-05,Regular
CUST09295,Customer 09295,Female,54,Chennai,Tamil Nadu,2023-12-26,Regular
CUST09296,Customer 09296,Male,22,Hyderabad,Telangana,2025-06-07,Regular
CUST09297,Customer 09297,Male,58,Mumbai,Maharashtra,2025-03-23,Regular
CUST09298,Customer 09298,Female,63,Hyderabad,Telangana,2025-07-20,Regular
CUST09299,Customer 09299,Male,30,Delhi,Delhi,2024-12-05,Regular
CUST09300,Customer 09300,Male,62,Bengaluru,Karnataka,2024-06-13,Loyal
CUST09301,Customer 09301,Female,41,Delhi,Delhi,2023-03-28,Regular
CUST09302,Customer 09302,Female,44,Mumbai,Maharashtra,2025-08-22,Regular
CUST09303,Customer 09303,Female,18,Chennai,Tamil Nadu,2023-03-03,New
CUST09304,Customer 09304,Male,37,Ahmedabad,Gujarat,2022-04-28,VIP
CUST09305,Customer 09305,Male,25,Coimbatore,Tamil Nadu,2023-11-19,Loyal
CUST09306,Customer 09306,Male,20,Hyderabad,Telangana,2024-10-18,Regular
CUST09307,Customer 09307,Female,49,Delhi,Delhi,2023-08-03,Loyal
CUST09308,Customer 09308,Female,61,Ahmedabad,Gujarat,2022-09-08,Loyal
CUST09309,Customer 09309,Male,42,Hyderabad,Telangana,2023-02-07,VIP
CUST09310,Customer 09310,Male,42,Delhi,Delhi,2024-07-09,Regular
CUST09311,Customer 09311,Male,31,Mumbai,Maharashtra,2022-07-19,Regular
CUST09312,Customer 09312,Male,60,Hyderabad,Telangana,2025-03-15,New
CUST09313,Customer 09313,Male,44,Delhi,Delhi,2024-12-10,VIP
CUST09314,Customer 09314,Female,65,Chennai,Tamil Nadu,2024-07-02,VIP
CUST09315,Customer 09315,Male,49,Mumbai,Maharashtra,2025-10-23,Loyal
CUST09316,Customer 09316,Female,44,Ahmedabad,Gujarat,2022-11-16,Regular
CUST09317,Customer 09317,Female,21,Ahmedabad,Gujarat,2022-07-18,Regular
CUST09318,Customer 09318,Male,56,Coimbatore,Tamil Nadu,2026-01-04,Regular
CUST09319,Customer 09319,Female,28,Kolkata,West Bengal,2022-05-25,Regular
CUST09320,Customer 09320,Female,65,Bengaluru,Karnataka,2024-12-18,Regular
CUST09321,Customer 09321,Male,65,Chennai,Tamil Nadu,2022-05-23,New
CUST09322,Customer 09322,Female,20,Mumbai,Maharashtra,2025-05-31,VIP
CUST09323,Customer 09323,Male,42,Hyderabad,Telangana,2025-01-28,Regular
CUST09324,Customer 09324,Female,41,Ahmedabad,Gujarat,2024-11-15,Loyal
CUST09325,Customer 09325,Female,26,Chennai,Tamil Nadu,2025-12-26,Loyal
CUST09326,Customer 09326,Female,25,Mumbai,Maharashtra,2023-06-10,Regular
CUST09327,Customer 09327,Female,56,Mumbai,Maharashtra,2022-05-02,New
CUST09328,Customer 09328,Female,48,Hyderabad,Telangana,2026-01-28,VIP
CUST09329,Customer 09329,Female,34,Mumbai,Maharashtra,2022-09-22,Loyal
CUST09330,Customer 09330,Female,60,Madurai,Tamil Nadu,2024-10-27,New
CUST09331,Customer 09331,Male,48,Chennai,Tamil Nadu,2024-01-01,New
CUST09332,Customer 09332,Female,21,Delhi,Delhi,2025-05-28,Regular
CUST09333,Customer 09333,Male,21,Ahmedabad,Gujarat,2023-01-31,Regular
CUST09334,Customer 09334,Male,54,Ahmedabad,Gujarat,2024-07-01,New
CUST09335,Customer 09335,Female,25,Delhi,Delhi,2026-01-20,Loyal
CUST09336,Customer 09336,Male,59,Chennai,Tamil Nadu,2022-04-18,Regular
CUST09337,Customer 09337,Male,23,Bengaluru,Karnataka,2026-02-24,Regular
CUST09338,Customer 09338,Female,26,Chennai,Tamil Nadu,2024-05-08,VIP
CUST09339,Customer 09339,Male,59,Pune,Maharashtra,2023-09-28,Regular
CUST09340,Customer 09340,Male,25,Mumbai,Maharashtra,2026-01-23,Loyal
CUST09341,Customer 09341,Female,49,Kolkata,West Bengal,2024-07-21,New
CUST09342,Customer 09342,Female,32,Hyderabad,Telangana,2024-02-08,Regular
CUST09343,Customer 09343,Female,35,Madurai,Tamil Nadu,2024-10-29,New
CUST09344,Customer 09344,Female,40,Kolkata,West Bengal,2025-10-22,Regular
CUST09345,Customer 09345,Female,22,Delhi,Delhi,2025-02-22,VIP
CUST09346,Customer 09346,Female,44,Hyderabad,Telangana,2025-03-31,VIP
CUST09347,Customer 09347,Female,50,Hyderabad,Telangana,2022-02-05,Loyal
CUST09348,Customer 09348,Female,19,Hyderabad,Telangana,2024-10-24,Regular
CUST09349,Customer 09349,Female,59,Ahmedabad,Gujarat,2023-02-17,Loyal
CUST09350,Customer 09350,Male,55,Madurai,Tamil Nadu,2025-01-15,Regular
CUST09351,Customer 09351,Male,45,Ahmedabad,Gujarat,2023-04-28,New
CUST09352,Customer 09352,Male,41,Mumbai,Maharashtra,2024-06-30,Regular
CUST09353,Customer 09353,Female,38,Pune,Maharashtra,2023-08-26,Regular
CUST09354,Customer 09354,Male,48,Coimbatore,Tamil Nadu,2024-12-17,Regular
CUST09355,Customer 09355,Female,28,Madurai,Tamil Nadu,2025-03-09,New
CUST09356,Customer 09356,Female,45,Kolkata,West Bengal,2022-06-21,Regular
CUST09357,Customer 09357,Female,65,Mumbai,Maharashtra,2022-09-17,Regular
CUST09358,Customer 09358,Male,57,Chennai,Tamil Nadu,2026-02-27,New
CUST09359,Customer 09359,Female,21,Delhi,Delhi,2022-01-25,Loyal
CUST09360,Customer 09360,Male,60,Pune,Maharashtra,2022-07-17,Regular
CUST09361,Customer 09361,Female,59,Mumbai,Maharashtra,2023-08-02,Regular
CUST09362,Customer 09362,Female,33,Chennai,Tamil Nadu,2023-02-27,Loyal
CUST09363,Customer 09363,Male,29,Pune,Maharashtra,2025-02-15,Regular
CUST09364,Customer 09364,Female,39,Chennai,Tamil Nadu,2024-03-02,Regular
CUST09365,Customer 09365,Male,52,Madurai,Tamil Nadu,2022-01-06,Loyal
CUST09366,Customer 09366,Other,60,Chennai,Tamil Nadu,2025-01-25,Regular
CUST09367,Customer 09367,Male,33,Pune,Maharashtra,2022-03-13,Loyal
CUST09368,Customer 09368,Male,41,Chennai,Tamil Nadu,2024-07-17,Regular
CUST09369,Customer 09369,Male,52,Kolkata,West Bengal,2023-03-08,New
CUST09370,Customer 09370,Male,45,Mumbai,Maharashtra,2024-08-20,Regular
CUST09371,Customer 09371,Female,59,Pune,Maharashtra,2023-01-15,Regular
CUST09372,Customer 09372,Female,46,Kolkata,West Bengal,2023-07-04,New
CUST09373,Customer 09373,Female,38,Chennai,Tamil Nadu,2024-03-18,New
CUST09374,Customer 09374,Male,65,Chennai,Tamil Nadu,2022-02-25,New
CUST09375,Customer 09375,Male,42,Hyderabad,Telangana,2023-09-07,Loyal
CUST09376,Customer 09376,Female,56,Pune,Maharashtra,2025-01-31,Loyal
CUST09377,Customer 09377,Male,48,Madurai,Tamil Nadu,2022-08-04,Loyal
CUST09378,Customer 09378,Female,32,Chennai,Tamil Nadu,2022-01-21,Regular
CUST09379,Customer 09379,Female,64,Delhi,Delhi,2022-07-29,Regular
CUST09380,Customer 09380,Male,59,Ahmedabad,Gujarat,2022-10-18,New
CUST09381,Customer 09381,Female,52,Coimbatore,Tamil Nadu,2023-12-16,Regular
CUST09382,Customer 09382,Female,55,Ahmedabad,Gujarat,2024-04-14,Loyal
CUST09383,Customer 09383,Female,39,Madurai,Tamil Nadu,2022-07-07,New
CUST09384,Customer 09384,Male,22,Mumbai,Maharashtra,2025-03-20,VIP
CUST09385,Customer 09385,Male,65,Bengaluru,Karnataka,2022-07-10,Loyal
CUST09386,Customer 09386,Male,30,Delhi,Delhi,2023-02-11,Loyal
CUST09387,Customer 09387,Male,49,Bengaluru,Karnataka,2022-08-02,Regular
CUST09388,Customer 09388,Male,20,Chennai,Tamil Nadu,2023-07-08,Loyal
CUST09389,Customer 09389,Female,32,Mumbai,Maharashtra,2026-02-10,VIP
CUST09390,Customer 09390,Female,44,Kolkata,West Bengal,2024-08-17,Loyal
CUST09391,Customer 09391,Female,44,Chennai,Tamil Nadu,2025-05-02,Regular
CUST09392,Customer 09392,Male,47,Bengaluru,Karnataka,2025-06-27,Regular
CUST09393,Customer 09393,Female,23,Chennai,Tamil Nadu,2023-08-16,Regular
CUST09394,Customer 09394,Male,42,Coimbatore,Tamil Nadu,2022-02-10,VIP
CUST09395,Customer 09395,Female,45,Hyderabad,Telangana,2023-01-05,Loyal
CUST09396,Customer 09396,Other,39,Coimbatore,Tamil Nadu,2022-01-20,Regular
CUST09397,Customer 09397,Female,21,Mumbai,Maharashtra,2024-10-29,Loyal
CUST09398,Customer 09398,Other,32,Kolkata,West Bengal,2024-04-04,Loyal
CUST09399,Customer 09399,Female,43,Coimbatore,Tamil Nadu,2025-05-11,New
CUST09400,Customer 09400,Male,35,Pune,Maharashtra,2022-01-18,Regular
CUST09401,Customer 09401,Male,26,Kolkata,West Bengal,2024-01-18,Regular
CUST09402,Customer 09402,Male,21,Bengaluru,Karnataka,2022-11-15,Loyal
CUST09403,Customer 09403,Male,65,Coimbatore,Tamil Nadu,2024-05-10,Regular
CUST09404,Customer 09404,Female,22,Hyderabad,Telangana,2024-08-25,Loyal
CUST09405,Customer 09405,Male,62,Kolkata,West Bengal,2025-07-29,Regular
CUST09406,Customer 09406,Female,23,Chennai,Tamil Nadu,2026-02-08,New
CUST09407,Customer 09407,Male,29,Hyderabad,Telangana,2022-09-09,New
CUST09408,Customer 09408,Male,48,Chennai,Tamil Nadu,2022-12-06,New
CUST09409,Customer 09409,Other,64,Coimbatore,Tamil Nadu,2024-01-21,New
CUST09410,Customer 09410,Male,26,Delhi,Delhi,2024-08-25,Regular
CUST09411,Customer 09411,Female,24,Delhi,Delhi,2023-04-07,Regular
CUST09412,Customer 09412,Female,46,Bengaluru,Karnataka,2023-09-23,New
CUST09413,Customer 09413,Male,31,Hyderabad,Telangana,2023-02-05,Regular
CUST09414,Customer 09414,Female,37,Chennai,Tamil Nadu,2023-01-06,Regular
CUST09415,Customer 09415,Male,65,Madurai,Tamil Nadu,2022-10-09,New
CUST09416,Customer 09416,Female,49,Hyderabad,Telangana,2023-01-25,Regular
CUST09417,Customer 09417,Female,39,Pune,Maharashtra,2022-12-03,Loyal
CUST09418,Customer 09418,Male,53,Bengaluru,Karnataka,2025-09-30,New
CUST09419,Customer 09419,Female,61,Ahmedabad,Gujarat,2026-03-23,New
CUST09420,Customer 09420,Male,35,Ahmedabad,Gujarat,2022-09-30,VIP
CUST09421,Customer 09421,Female,57,Chennai,Tamil Nadu,2025-06-30,Loyal
CUST09422,Customer 09422,Female,42,Delhi,Delhi,2024-10-16,Regular
CUST09423,Customer 09423,Female,48,Kolkata,West Bengal,2023-10-02,Regular
CUST09424,Customer 09424,Female,52,Pune,Maharashtra,2025-10-29,Loyal
CUST09425,Customer 09425,Male,43,Ahmedabad,Gujarat,2024-03-28,Loyal
CUST09426,Customer 09426,Other,21,Chennai,Tamil Nadu,2022-01-06,Regular
CUST09427,Customer 09427,Male,59,Chennai,Tamil Nadu,2025-12-08,Regular
CUST09428,Customer 09428,Female,65,Coimbatore,Tamil Nadu,2023-08-09,Regular
CUST09429,Customer 09429,Male,37,Delhi,Delhi,2026-03-02,New
CUST09430,Customer 09430,Other,51,Hyderabad,Telangana,2024-12-15,VIP
CUST09431,Customer 09431,Female,29,Kolkata,West Bengal,2025-11-22,Regular
CUST09432,Customer 09432,Female,33,Coimbatore,Tamil Nadu,2024-04-01,Regular
CUST09433,Customer 09433,Male,59,Ahmedabad,Gujarat,2022-08-26,Loyal
CUST09434,Customer 09434,Female,22,Kolkata,West Bengal,2023-05-05,New
CUST09435,Customer 09435,Female,61,Bengaluru,Karnataka,2024-11-11,New
CUST09436,Customer 09436,Female,52,Delhi,Delhi,2023-03-17,Regular
CUST09437,Customer 09437,Male,61,Ahmedabad,Gujarat,2024-11-30,Regular
CUST09438,Customer 09438,Female,44,Chennai,Tamil Nadu,2024-05-07,Loyal
CUST09439,Customer 09439,Male,18,Ahmedabad,Gujarat,2022-09-15,New
CUST09440,Customer 09440,Male,51,Madurai,Tamil Nadu,2026-01-14,Regular
CUST09441,Customer 09441,Male,60,Mumbai,Maharashtra,2022-02-17,New
CUST09442,Customer 09442,Male,49,Mumbai,Maharashtra,2023-05-18,Loyal
CUST09443,Customer 09443,Male,61,Ahmedabad,Gujarat,2022-05-19,New
CUST09444,Customer 09444,Male,56,Madurai,Tamil Nadu,2025-05-10,Regular
CUST09445,Customer 09445,Male,50,Ahmedabad,Gujarat,2023-05-24,Loyal
CUST09446,Customer 09446,Female,48,Mumbai,Maharashtra,2023-10-16,Loyal
CUST09447,Customer 09447,Female,30,Coimbatore,Tamil Nadu,2025-08-02,Loyal
CUST09448,Customer 09448,Male,62,Bengaluru,Karnataka,2025-06-10,Regular
CUST09449,Customer 09449,Female,19,Mumbai,Maharashtra,2025-09-01,Regular
CUST09450,Customer 09450,Female,47,Bengaluru,Karnataka,2023-04-06,Regular
CUST09451,Customer 09451,Female,27,Chennai,Tamil Nadu,2023-11-01,Loyal
CUST09452,Customer 09452,Male,40,Bengaluru,Karnataka,2026-04-23,Loyal
CUST09453,Customer 09453,Male,50,Coimbatore,Tamil Nadu,2025-09-06,VIP
CUST09454,Customer 09454,Other,56,Madurai,Tamil Nadu,2025-04-13,Loyal
CUST09455,Customer 09455,Male,62,Bengaluru,Karnataka,2024-11-28,New
CUST09456,Customer 09456,Male,46,Kolkata,West Bengal,2023-03-09,Loyal
CUST09457,Customer 09457,Male,47,Hyderabad,Telangana,2023-04-30,Loyal
CUST09458,Customer 09458,Male,51,Mumbai,Maharashtra,2024-12-17,Loyal
CUST09459,Customer 09459,Other,56,Madurai,Tamil Nadu,2023-05-11,Loyal
CUST09460,Customer 09460,Male,34,Pune,Maharashtra,2024-05-24,Regular
CUST09461,Customer 09461,Female,39,Chennai,Tamil Nadu,2023-08-24,Regular
CUST09462,Customer 09462,Other,22,Hyderabad,Telangana,2025-03-03,New
CUST09463,Customer 09463,Female,28,Kolkata,West Bengal,2023-10-17,Regular
CUST09464,Customer 09464,Male,39,Delhi,Delhi,2026-03-13,Regular
CUST09465,Customer 09465,Male,49,Coimbatore,Tamil Nadu,2023-08-30,VIP
CUST09466,Customer 09466,Female,41,Ahmedabad,Gujarat,2022-06-05,Loyal
CUST09467,Customer 09467,Male,28,Hyderabad,Telangana,2022-07-20,Loyal
CUST09468,Customer 09468,Female,28,Madurai,Tamil Nadu,2024-10-18,New
CUST09469,Customer 09469,Male,34,Madurai,Tamil Nadu,2023-05-14,Regular
CUST09470,Customer 09470,Female,49,Madurai,Tamil Nadu,2025-11-26,Regular
CUST09471,Customer 09471,Female,36,Chennai,Tamil Nadu,2026-02-28,New
CUST09472,Customer 09472,Female,44,Bengaluru,Karnataka,2023-05-03,New
CUST09473,Customer 09473,Female,49,Mumbai,Maharashtra,2022-06-09,Loyal
CUST09474,Customer 09474,Male,42,Delhi,Delhi,2025-05-19,New
CUST09475,Customer 09475,Male,45,Ahmedabad,Gujarat,2026-01-16,New
CUST09476,Customer 09476,Male,57,Madurai,Tamil Nadu,2024-12-29,Regular
CUST09477,Customer 09477,Male,44,Ahmedabad,Gujarat,2024-04-10,VIP
CUST09478,Customer 09478,Female,31,Pune,Maharashtra,2024-08-29,Loyal
CUST09479,Customer 09479,Male,59,Chennai,Tamil Nadu,2025-08-30,VIP
CUST09480,Customer 09480,Male,56,Madurai,Tamil Nadu,2023-03-07,Loyal
CUST09481,Customer 09481,Other,19,Pune,Maharashtra,2025-11-06,Regular
CUST09482,Customer 09482,Male,34,Delhi,Delhi,2025-04-05,VIP
CUST09483,Customer 09483,Female,18,Delhi,Delhi,2025-11-15,Regular
CUST09484,Customer 09484,Male,62,Mumbai,Maharashtra,2025-09-04,Regular
CUST09485,Customer 09485,Male,49,Kolkata,West Bengal,2022-04-27,Regular
CUST09486,Customer 09486,Female,36,Mumbai,Maharashtra,2023-11-28,Loyal
CUST09487,Customer 09487,Female,31,Bengaluru,Karnataka,2026-03-16,Loyal
CUST09488,Customer 09488,Male,48,Ahmedabad,Gujarat,2022-07-22,Regular
CUST09489,Customer 09489,Male,35,Coimbatore,Tamil Nadu,2025-03-31,Regular
CUST09490,Customer 09490,Male,31,Delhi,Delhi,2024-08-19,Loyal
CUST09491,Customer 09491,Male,64,Coimbatore,Tamil Nadu,2023-04-07,New
CUST09492,Customer 09492,Male,31,Chennai,Tamil Nadu,2024-08-01,Loyal
CUST09493,Customer 09493,Female,41,Hyderabad,Telangana,2023-12-01,Regular
CUST09494,Customer 09494,Male,22,Madurai,Tamil Nadu,2026-04-28,Regular
CUST09495,Customer 09495,Male,33,Chennai,Tamil Nadu,2022-07-20,Regular
CUST09496,Customer 09496,Female,22,Delhi,Delhi,2025-06-08,Regular
CUST09497,Customer 09497,Male,30,Pune,Maharashtra,2023-05-31,Loyal
CUST09498,Customer 09498,Male,33,Ahmedabad,Gujarat,2025-05-14,Loyal
CUST09499,Customer 09499,Other,32,Coimbatore,Tamil Nadu,2025-09-16,Regular
CUST09500,Customer 09500,Male,48,Mumbai,Maharashtra,2023-08-29,Loyal
CUST09501,Customer 09501,Female,22,Hyderabad,Telangana,2024-01-14,Loyal
CUST09502,Customer 09502,Male,38,Kolkata,West Bengal,2024-05-24,Regular
CUST09503,Customer 09503,Male,47,Chennai,Tamil Nadu,2022-12-13,Regular
CUST09504,Customer 09504,Male,40,Kolkata,West Bengal,2022-12-15,Regular
CUST09505,Customer 09505,Male,55,Coimbatore,Tamil Nadu,2025-03-29,New
CUST09506,Customer 09506,Male,46,Coimbatore,Tamil Nadu,2025-06-29,Regular
CUST09507,Customer 09507,Male,30,Madurai,Tamil Nadu,2025-05-30,VIP
CUST09508,Customer 09508,Female,49,Pune,Maharashtra,2024-05-07,Regular
CUST09509,Customer 09509,Female,65,Pune,Maharashtra,2023-01-29,Regular
CUST09510,Customer 09510,Male,59,Bengaluru,Karnataka,2025-11-20,Regular
CUST09511,Customer 09511,Female,44,Mumbai,Maharashtra,2024-09-20,New
CUST09512,Customer 09512,Female,51,Delhi,Delhi,2024-09-04,Regular
CUST09513,Customer 09513,Female,62,Delhi,Delhi,2022-06-16,New
CUST09514,Customer 09514,Male,50,Coimbatore,Tamil Nadu,2024-09-02,New
CUST09515,Customer 09515,Female,21,Chennai,Tamil Nadu,2023-03-28,Regular
CUST09516,Customer 09516,Male,35,Ahmedabad,Gujarat,2025-03-07,Regular
CUST09517,Customer 09517,Male,23,Delhi,Delhi,2024-05-09,New
CUST09518,Customer 09518,Female,45,Delhi,Delhi,2022-07-29,New
CUST09519,Customer 09519,Female,61,Chennai,Tamil Nadu,2024-02-07,New
CUST09520,Customer 09520,Female,44,Mumbai,Maharashtra,2022-08-02,Regular
CUST09521,Customer 09521,Female,43,Hyderabad,Telangana,2025-10-15,New
CUST09522,Customer 09522,Male,37,Pune,Maharashtra,2025-06-12,Regular
CUST09523,Customer 09523,Female,30,Madurai,Tamil Nadu,2024-08-30,Regular
CUST09524,Customer 09524,Male,45,Madurai,Tamil Nadu,2025-11-21,Regular
CUST09525,Customer 09525,Male,51,Madurai,Tamil Nadu,2022-10-31,Loyal
CUST09526,Customer 09526,Female,40,Chennai,Tamil Nadu,2025-02-06,Regular
CUST09527,Customer 09527,Male,27,Madurai,Tamil Nadu,2024-05-06,New
CUST09528,Customer 09528,Female,47,Coimbatore,Tamil Nadu,2024-05-10,Regular
CUST09529,Customer 09529,Male,39,Bengaluru,Karnataka,2024-03-18,VIP
CUST09530,Customer 09530,Female,22,Chennai,Tamil Nadu,2025-11-14,VIP
CUST09531,Customer 09531,Male,61,Chennai,Tamil Nadu,2022-04-30,Regular
CUST09532,Customer 09532,Male,26,Pune,Maharashtra,2025-05-18,New
CUST09533,Customer 09533,Female,60,Madurai,Tamil Nadu,2023-03-03,Regular
CUST09534,Customer 09534,Male,21,Kolkata,West Bengal,2026-04-17,Regular
CUST09535,Customer 09535,Female,59,Hyderabad,Telangana,2024-08-02,Regular
CUST09536,Customer 09536,Female,18,Bengaluru,Karnataka,2022-11-26,Regular
CUST09537,Customer 09537,Female,51,Chennai,Tamil Nadu,2025-06-03,New
CUST09538,Customer 09538,Female,58,Bengaluru,Karnataka,2023-09-27,New
CUST09539,Customer 09539,Male,43,Chennai,Tamil Nadu,2025-03-16,Regular
CUST09540,Customer 09540,Female,35,Mumbai,Maharashtra,2025-09-25,VIP
CUST09541,Customer 09541,Male,33,Pune,Maharashtra,2023-07-18,New
CUST09542,Customer 09542,Male,40,Coimbatore,Tamil Nadu,2022-06-29,Loyal
CUST09543,Customer 09543,Male,63,Mumbai,Maharashtra,2022-10-17,Regular
CUST09544,Customer 09544,Female,53,Ahmedabad,Gujarat,2022-07-06,Regular
CUST09545,Customer 09545,Female,43,Madurai,Tamil Nadu,2023-05-01,Loyal
CUST09546,Customer 09546,Female,19,Ahmedabad,Gujarat,2025-09-22,Regular
CUST09547,Customer 09547,Female,61,Hyderabad,Telangana,2025-02-05,Regular
CUST09548,Customer 09548,Female,22,Kolkata,West Bengal,2025-02-23,Regular
CUST09549,Customer 09549,Female,46,Coimbatore,Tamil Nadu,2024-02-12,New
CUST09550,Customer 09550,Male,21,Mumbai,Maharashtra,2024-11-23,Regular
CUST09551,Customer 09551,Female,64,Bengaluru,Karnataka,2026-01-01,Regular
CUST09552,Customer 09552,Female,52,Bengaluru,Karnataka,2025-07-23,New
CUST09553,Customer 09553,Male,39,Hyderabad,Telangana,2026-02-26,Regular
CUST09554,Customer 09554,Female,25,Chennai,Tamil Nadu,2022-07-01,New
CUST09555,Customer 09555,Male,61,Bengaluru,Karnataka,2025-06-16,New
CUST09556,Customer 09556,Female,38,Madurai,Tamil Nadu,2025-10-03,Loyal
CUST09557,Customer 09557,Female,25,Kolkata,West Bengal,2022-05-26,New
CUST09558,Customer 09558,Female,22,Pune,Maharashtra,2024-12-03,Regular
CUST09559,Customer 09559,Female,38,Madurai,Tamil Nadu,2023-05-14,VIP
CUST09560,Customer 09560,Female,44,Kolkata,West Bengal,2024-03-13,New
CUST09561,Customer 09561,Female,55,Hyderabad,Telangana,2025-08-11,Regular
CUST09562,Customer 09562,Male,22,Madurai,Tamil Nadu,2023-06-15,Regular
CUST09563,Customer 09563,Male,38,Pune,Maharashtra,2022-07-30,Regular
CUST09564,Customer 09564,Female,25,Pune,Maharashtra,2024-06-11,Regular
CUST09565,Customer 09565,Female,39,Delhi,Delhi,2025-11-26,Regular
CUST09566,Customer 09566,Female,35,Chennai,Tamil Nadu,2025-06-08,New
CUST09567,Customer 09567,Male,21,Hyderabad,Telangana,2025-09-24,New
CUST09568,Customer 09568,Female,21,Madurai,Tamil Nadu,2022-01-05,Loyal
CUST09569,Customer 09569,Female,54,Coimbatore,Tamil Nadu,2022-11-07,New
CUST09570,Customer 09570,Male,32,Coimbatore,Tamil Nadu,2022-06-11,Loyal
CUST09571,Customer 09571,Female,55,Hyderabad,Telangana,2022-08-04,Loyal
CUST09572,Customer 09572,Female,44,Madurai,Tamil Nadu,2024-02-25,New
CUST09573,Customer 09573,Female,38,Mumbai,Maharashtra,2024-04-15,New
CUST09574,Customer 09574,Other,65,Mumbai,Maharashtra,2025-04-09,Regular
CUST09575,Customer 09575,Male,63,Chennai,Tamil Nadu,2022-09-09,Regular
CUST09576,Customer 09576,Female,63,Madurai,Tamil Nadu,2024-11-27,Loyal
CUST09577,Customer 09577,Female,65,Pune,Maharashtra,2022-08-16,New
CUST09578,Customer 09578,Female,21,Bengaluru,Karnataka,2024-06-27,New
CUST09579,Customer 09579,Female,28,Coimbatore,Tamil Nadu,2025-07-25,Regular
CUST09580,Customer 09580,Female,36,Madurai,Tamil Nadu,2022-10-12,New
CUST09581,Customer 09581,Male,36,Madurai,Tamil Nadu,2026-03-14,Regular
CUST09582,Customer 09582,Male,44,Bengaluru,Karnataka,2023-10-11,Regular
CUST09583,Customer 09583,Male,57,Bengaluru,Karnataka,2023-01-01,Regular
CUST09584,Customer 09584,Female,59,Kolkata,West Bengal,2024-12-27,Regular
CUST09585,Customer 09585,Female,45,Delhi,Delhi,2025-02-01,Regular
CUST09586,Customer 09586,Male,22,Chennai,Tamil Nadu,2025-11-25,Regular
CUST09587,Customer 09587,Male,65,Coimbatore,Tamil Nadu,2025-06-23,Regular
CUST09588,Customer 09588,Male,42,Bengaluru,Karnataka,2022-07-11,Regular
CUST09589,Customer 09589,Female,20,Mumbai,Maharashtra,2023-10-06,Regular
CUST09590,Customer 09590,Other,43,Hyderabad,Telangana,2025-08-12,New
CUST09591,Customer 09591,Female,27,Mumbai,Maharashtra,2025-03-13,New
CUST09592,Customer 09592,Female,41,Kolkata,West Bengal,2024-06-25,New
CUST09593,Customer 09593,Female,46,Kolkata,West Bengal,2024-01-01,New
CUST09594,Customer 09594,Male,62,Bengaluru,Karnataka,2022-01-26,Regular
CUST09595,Customer 09595,Female,24,Kolkata,West Bengal,2025-06-28,New
CUST09596,Customer 09596,Female,61,Pune,Maharashtra,2023-12-13,Regular
CUST09597,Customer 09597,Female,40,Ahmedabad,Gujarat,2023-09-07,Regular
CUST09598,Customer 09598,Female,63,Madurai,Tamil Nadu,2022-07-12,Regular
CUST09599,Customer 09599,Female,44,Madurai,Tamil Nadu,2023-01-16,Loyal
CUST09600,Customer 09600,Female,59,Bengaluru,Karnataka,2024-10-22,Regular
CUST09601,Customer 09601,Female,26,Kolkata,West Bengal,2024-12-04,New
CUST09602,Customer 09602,Other,61,Hyderabad,Telangana,2024-07-27,New
CUST09603,Customer 09603,Female,20,Pune,Maharashtra,2022-01-03,New
CUST09604,Customer 09604,Male,30,Chennai,Tamil Nadu,2024-07-18,Regular
CUST09605,Customer 09605,Male,23,Kolkata,West Bengal,2026-01-12,New
CUST09606,Customer 09606,Female,55,Pune,Maharashtra,2026-05-19,Regular
CUST09607,Customer 09607,Male,38,Delhi,Delhi,2025-03-04,Loyal
CUST09608,Customer 09608,Male,36,Chennai,Tamil Nadu,2025-08-07,New
CUST09609,Customer 09609,Male,42,Madurai,Tamil Nadu,2022-10-05,VIP
CUST09610,Customer 09610,Female,56,Delhi,Delhi,2022-06-25,Loyal
CUST09611,Customer 09611,Female,21,Bengaluru,Karnataka,2022-10-09,Loyal
CUST09612,Customer 09612,Male,39,Coimbatore,Tamil Nadu,2025-02-17,Loyal
CUST09613,Customer 09613,Male,22,Bengaluru,Karnataka,2025-04-12,New
CUST09614,Customer 09614,Female,18,Hyderabad,Telangana,2026-01-02,New
CUST09615,Customer 09615,Male,34,Pune,Maharashtra,2023-04-04,New
CUST09616,Customer 09616,Male,26,Coimbatore,Tamil Nadu,2024-08-08,New
CUST09617,Customer 09617,Female,26,Chennai,Tamil Nadu,2022-12-07,Regular
CUST09618,Customer 09618,Female,41,Chennai,Tamil Nadu,2023-11-28,Loyal
CUST09619,Customer 09619,Male,27,Delhi,Delhi,2023-12-27,Regular
CUST09620,Customer 09620,Female,37,Hyderabad,Telangana,2022-05-01,New
CUST09621,Customer 09621,Male,34,Madurai,Tamil Nadu,2023-07-29,Regular
CUST09622,Customer 09622,Female,30,Kolkata,West Bengal,2026-02-25,New
CUST09623,Customer 09623,Male,46,Kolkata,West Bengal,2022-10-03,Regular
CUST09624,Customer 09624,Male,53,Coimbatore,Tamil Nadu,2024-08-26,Regular
CUST09625,Customer 09625,Female,40,Hyderabad,Telangana,2024-09-13,Loyal
CUST09626,Customer 09626,Female,44,Hyderabad,Telangana,2022-01-29,Regular
CUST09627,Customer 09627,Male,35,Chennai,Tamil Nadu,2023-11-16,Regular
CUST09628,Customer 09628,Male,35,Madurai,Tamil Nadu,2025-06-21,New
CUST09629,Customer 09629,Female,26,Pune,Maharashtra,2022-11-17,Loyal
CUST09630,Customer 09630,Female,20,Madurai,Tamil Nadu,2023-10-05,Regular
CUST09631,Customer 09631,Male,24,Mumbai,Maharashtra,2022-12-18,Loyal
CUST09632,Customer 09632,Female,32,Hyderabad,Telangana,2023-06-16,VIP
CUST09633,Customer 09633,Male,47,Bengaluru,Karnataka,2025-01-09,Regular
CUST09634,Customer 09634,Female,26,Ahmedabad,Gujarat,2025-08-09,Regular
CUST09635,Customer 09635,Male,58,Hyderabad,Telangana,2022-10-21,New
CUST09636,Customer 09636,Male,44,Coimbatore,Tamil Nadu,2026-03-01,Regular
CUST09637,Customer 09637,Male,53,Bengaluru,Karnataka,2023-04-03,Loyal
CUST09638,Customer 09638,Male,35,Coimbatore,Tamil Nadu,2024-01-17,New
CUST09639,Customer 09639,Male,48,Delhi,Delhi,2024-01-03,Loyal
CUST09640,Customer 09640,Male,34,Ahmedabad,Gujarat,2026-05-01,Regular
CUST09641,Customer 09641,Male,23,Ahmedabad,Gujarat,2024-12-19,Regular
CUST09642,Customer 09642,Male,56,Chennai,Tamil Nadu,2023-06-27,Regular
CUST09643,Customer 09643,Female,42,Hyderabad,Telangana,2023-01-15,New
CUST09644,Customer 09644,Male,59,Chennai,Tamil Nadu,2022-11-20,New
CUST09645,Customer 09645,Female,59,Kolkata,West Bengal,2024-12-21,Regular
CUST09646,Customer 09646,Male,55,Coimbatore,Tamil Nadu,2024-08-02,Regular
CUST09647,Customer 09647,Male,55,Mumbai,Maharashtra,2025-03-15,Loyal
CUST09648,Customer 09648,Female,48,Mumbai,Maharashtra,2024-04-22,Regular
CUST09649,Customer 09649,Female,46,Kolkata,West Bengal,2022-12-28,Regular
CUST09650,Customer 09650,Male,57,Delhi,Delhi,2022-02-22,New
CUST09651,Customer 09651,Male,26,Mumbai,Maharashtra,2023-02-06,Loyal
CUST09652,Customer 09652,Female,18,Coimbatore,Tamil Nadu,2026-05-06,Regular
CUST09653,Customer 09653,Female,33,Mumbai,Maharashtra,2023-11-12,Regular
CUST09654,Customer 09654,Other,55,Kolkata,West Bengal,2024-09-19,VIP
CUST09655,Customer 09655,Female,40,Bengaluru,Karnataka,2024-05-18,Loyal
CUST09656,Customer 09656,Male,25,Chennai,Tamil Nadu,2023-12-08,Regular
CUST09657,Customer 09657,Female,64,Pune,Maharashtra,2026-01-12,Loyal
CUST09658,Customer 09658,Female,29,Coimbatore,Tamil Nadu,2025-01-11,Regular
CUST09659,Customer 09659,Female,27,Chennai,Tamil Nadu,2023-01-14,Loyal
CUST09660,Customer 09660,Female,33,Ahmedabad,Gujarat,2023-10-08,Regular
CUST09661,Customer 09661,Female,64,Madurai,Tamil Nadu,2026-01-21,New
CUST09662,Customer 09662,Female,60,Mumbai,Maharashtra,2024-07-21,VIP
CUST09663,Customer 09663,Male,41,Mumbai,Maharashtra,2022-03-22,New
CUST09664,Customer 09664,Female,56,Delhi,Delhi,2024-01-01,Regular
CUST09665,Customer 09665,Male,25,Chennai,Tamil Nadu,2023-05-29,New
CUST09666,Customer 09666,Male,28,Madurai,Tamil Nadu,2025-08-25,Regular
CUST09667,Customer 09667,Male,58,Mumbai,Maharashtra,2024-07-09,Regular
CUST09668,Customer 09668,Male,43,Ahmedabad,Gujarat,2024-02-02,Regular
CUST09669,Customer 09669,Female,24,Delhi,Delhi,2023-05-09,VIP
CUST09670,Customer 09670,Female,32,Chennai,Tamil Nadu,2025-06-13,New
CUST09671,Customer 09671,Male,32,Delhi,Delhi,2024-07-29,Loyal
CUST09672,Customer 09672,Female,65,Chennai,Tamil Nadu,2024-11-26,New
CUST09673,Customer 09673,Male,20,Hyderabad,Telangana,2024-01-11,New
CUST09674,Customer 09674,Male,33,Hyderabad,Telangana,2022-11-21,Regular
CUST09675,Customer 09675,Female,32,Kolkata,West Bengal,2024-12-15,Loyal
CUST09676,Customer 09676,Female,42,Coimbatore,Tamil Nadu,2025-02-18,New
CUST09677,Customer 09677,Male,50,Delhi,Delhi,2022-11-10,Regular
CUST09678,Customer 09678,Female,31,Kolkata,West Bengal,2025-05-19,New
CUST09679,Customer 09679,Male,41,Delhi,Delhi,2022-04-13,Loyal
CUST09680,Customer 09680,Other,28,Mumbai,Maharashtra,2023-03-15,Regular
CUST09681,Customer 09681,Male,20,Pune,Maharashtra,2024-03-27,Regular
CUST09682,Customer 09682,Male,26,Delhi,Delhi,2024-01-17,Loyal
CUST09683,Customer 09683,Female,23,Mumbai,Maharashtra,2022-02-07,Regular
CUST09684,Customer 09684,Female,48,Madurai,Tamil Nadu,2024-03-23,VIP
CUST09685,Customer 09685,Male,33,Hyderabad,Telangana,2025-12-08,Loyal
CUST09686,Customer 09686,Female,28,Kolkata,West Bengal,2025-06-01,Regular
CUST09687,Customer 09687,Male,34,Pune,Maharashtra,2024-10-13,Regular
CUST09688,Customer 09688,Female,20,Ahmedabad,Gujarat,2025-08-09,New
CUST09689,Customer 09689,Male,36,Hyderabad,Telangana,2022-06-04,VIP
CUST09690,Customer 09690,Female,41,Kolkata,West Bengal,2024-11-21,Regular
CUST09691,Customer 09691,Female,64,Pune,Maharashtra,2025-06-11,Loyal
CUST09692,Customer 09692,Male,59,Ahmedabad,Gujarat,2023-05-04,Regular
CUST09693,Customer 09693,Other,25,Bengaluru,Karnataka,2026-05-13,Regular
CUST09694,Customer 09694,Other,53,Mumbai,Maharashtra,2025-09-18,New
CUST09695,Customer 09695,Female,57,Bengaluru,Karnataka,2024-11-06,Regular
CUST09696,Customer 09696,Male,19,Mumbai,Maharashtra,2025-12-08,New
CUST09697,Customer 09697,Female,40,Chennai,Tamil Nadu,2022-08-28,New
CUST09698,Customer 09698,Female,57,Coimbatore,Tamil Nadu,2025-08-02,New
CUST09699,Customer 09699,Female,47,Pune,Maharashtra,2022-12-12,Regular
CUST09700,Customer 09700,Female,42,Bengaluru,Karnataka,2025-10-30,Regular
CUST09701,Customer 09701,Male,24,Coimbatore,Tamil Nadu,2022-01-16,Regular
CUST09702,Customer 09702,Female,45,Pune,Maharashtra,2023-08-10,New
CUST09703,Customer 09703,Female,58,Kolkata,West Bengal,2024-08-07,Regular
CUST09704,Customer 09704,Male,34,Chennai,Tamil Nadu,2022-09-17,Loyal
CUST09705,Customer 09705,Female,49,Kolkata,West Bengal,2022-12-27,Regular
CUST09706,Customer 09706,Female,18,Mumbai,Maharashtra,2025-11-23,VIP
CUST09707,Customer 09707,Female,44,Coimbatore,Tamil Nadu,2023-04-05,New
CUST09708,Customer 09708,Male,61,Pune,Maharashtra,2026-03-20,Loyal
CUST09709,Customer 09709,Female,53,Delhi,Delhi,2024-07-19,Regular
CUST09710,Customer 09710,Male,24,Coimbatore,Tamil Nadu,2025-01-13,Regular
CUST09711,Customer 09711,Female,20,Madurai,Tamil Nadu,2024-12-22,Regular
CUST09712,Customer 09712,Female,47,Ahmedabad,Gujarat,2022-04-10,Regular
CUST09713,Customer 09713,Female,18,Bengaluru,Karnataka,2024-01-25,Regular
CUST09714,Customer 09714,Male,51,Pune,Maharashtra,2022-10-22,Regular
CUST09715,Customer 09715,Female,55,Hyderabad,Telangana,2025-03-31,New
CUST09716,Customer 09716,Other,60,Hyderabad,Telangana,2024-07-17,Regular
CUST09717,Customer 09717,Male,53,Ahmedabad,Gujarat,2025-04-16,Loyal
CUST09718,Customer 09718,Female,50,Mumbai,Maharashtra,2026-01-07,Regular
CUST09719,Customer 09719,Female,60,Coimbatore,Tamil Nadu,2022-11-24,New
CUST09720,Customer 09720,Female,33,Coimbatore,Tamil Nadu,2025-09-13,New
CUST09721,Customer 09721,Male,55,Hyderabad,Telangana,2024-02-03,New
CUST09722,Customer 09722,Male,28,Coimbatore,Tamil Nadu,2024-12-01,New
CUST09723,Customer 09723,Female,25,Ahmedabad,Gujarat,2022-08-30,New
CUST09724,Customer 09724,Male,18,Coimbatore,Tamil Nadu,2025-09-27,New
CUST09725,Customer 09725,Male,31,Mumbai,Maharashtra,2025-01-19,Regular
CUST09726,Customer 09726,Female,47,Bengaluru,Karnataka,2024-11-17,Regular
CUST09727,Customer 09727,Male,38,Madurai,Tamil Nadu,2023-04-04,VIP
CUST09728,Customer 09728,Female,38,Bengaluru,Karnataka,2023-10-29,VIP
CUST09729,Customer 09729,Female,51,Madurai,Tamil Nadu,2025-11-09,New
CUST09730,Customer 09730,Female,55,Delhi,Delhi,2026-02-19,New
CUST09731,Customer 09731,Female,43,Bengaluru,Karnataka,2022-08-08,Regular
CUST09732,Customer 09732,Male,58,Ahmedabad,Gujarat,2024-05-08,New
CUST09733,Customer 09733,Male,31,Chennai,Tamil Nadu,2022-09-21,Regular
CUST09734,Customer 09734,Female,57,Delhi,Delhi,2022-05-01,Regular
CUST09735,Customer 09735,Male,52,Madurai,Tamil Nadu,2024-12-05,Regular
CUST09736,Customer 09736,Other,59,Madurai,Tamil Nadu,2025-07-27,Loyal
CUST09737,Customer 09737,Female,35,Delhi,Delhi,2025-02-12,Loyal
CUST09738,Customer 09738,Male,37,Madurai,Tamil Nadu,2025-04-06,VIP
CUST09739,Customer 09739,Female,26,Pune,Maharashtra,2023-03-11,New
CUST09740,Customer 09740,Male,58,Chennai,Tamil Nadu,2025-06-23,Loyal
CUST09741,Customer 09741,Male,62,Ahmedabad,Gujarat,2023-04-29,Regular
CUST09742,Customer 09742,Female,50,Pune,Maharashtra,2025-10-30,Regular
CUST09743,Customer 09743,Female,21,Madurai,Tamil Nadu,2022-10-07,Loyal
CUST09744,Customer 09744,Female,21,Bengaluru,Karnataka,2024-11-11,VIP
CUST09745,Customer 09745,Male,65,Pune,Maharashtra,2023-12-15,Loyal
CUST09746,Customer 09746,Male,33,Bengaluru,Karnataka,2022-03-09,Regular
CUST09747,Customer 09747,Male,64,Delhi,Delhi,2024-01-13,Regular
CUST09748,Customer 09748,Male,43,Coimbatore,Tamil Nadu,2024-12-17,Regular
CUST09749,Customer 09749,Male,23,Kolkata,West Bengal,2026-03-31,Loyal
CUST09750,Customer 09750,Female,54,Madurai,Tamil Nadu,2025-07-11,Regular
CUST09751,Customer 09751,Female,39,Kolkata,West Bengal,2025-12-17,Regular
CUST09752,Customer 09752,Male,59,Chennai,Tamil Nadu,2024-10-18,Regular
CUST09753,Customer 09753,Male,56,Bengaluru,Karnataka,2026-03-03,New
CUST09754,Customer 09754,Female,24,Pune,Maharashtra,2022-10-18,Loyal
CUST09755,Customer 09755,Female,59,Kolkata,West Bengal,2022-06-18,New
CUST09756,Customer 09756,Female,47,Mumbai,Maharashtra,2026-05-03,Regular
CUST09757,Customer 09757,Male,27,Madurai,Tamil Nadu,2026-01-25,Loyal
CUST09758,Customer 09758,Male,32,Kolkata,West Bengal,2023-07-10,Regular
CUST09759,Customer 09759,Female,23,Pune,Maharashtra,2022-12-19,Loyal
CUST09760,Customer 09760,Female,41,Pune,Maharashtra,2025-06-17,Loyal
CUST09761,Customer 09761,Female,19,Chennai,Tamil Nadu,2022-10-10,New
CUST09762,Customer 09762,Female,57,Hyderabad,Telangana,2026-01-12,Regular
CUST09763,Customer 09763,Male,32,Ahmedabad,Gujarat,2024-12-25,Regular
CUST09764,Customer 09764,Male,38,Mumbai,Maharashtra,2025-09-12,Regular
CUST09765,Customer 09765,Female,35,Kolkata,West Bengal,2023-04-01,Regular
CUST09766,Customer 09766,Male,22,Ahmedabad,Gujarat,2024-08-16,Regular
CUST09767,Customer 09767,Female,42,Mumbai,Maharashtra,2024-10-01,New
CUST09768,Customer 09768,Male,53,Hyderabad,Telangana,2023-04-22,Regular
CUST09769,Customer 09769,Male,27,Kolkata,West Bengal,2022-10-12,New
CUST09770,Customer 09770,Male,63,Mumbai,Maharashtra,2022-01-31,New
CUST09771,Customer 09771,Male,40,Ahmedabad,Gujarat,2023-03-24,Regular
CUST09772,Customer 09772,Male,41,Bengaluru,Karnataka,2022-08-02,Regular
CUST09773,Customer 09773,Female,62,Pune,Maharashtra,2024-11-14,New
CUST09774,Customer 09774,Female,27,Coimbatore,Tamil Nadu,2025-10-28,Loyal
CUST09775,Customer 09775,Male,23,Delhi,Delhi,2023-02-01,Regular
CUST09776,Customer 09776,Male,30,Madurai,Tamil Nadu,2022-12-03,Loyal
CUST09777,Customer 09777,Other,38,Coimbatore,Tamil Nadu,2024-07-24,Regular
CUST09778,Customer 09778,Male,49,Kolkata,West Bengal,2024-08-25,New
CUST09779,Customer 09779,Male,60,Kolkata,West Bengal,2024-05-04,Loyal
CUST09780,Customer 09780,Male,32,Mumbai,Maharashtra,2024-06-21,Regular
CUST09781,Customer 09781,Female,19,Pune,Maharashtra,2023-11-03,Regular
CUST09782,Customer 09782,Male,32,Hyderabad,Telangana,2025-07-27,Regular
CUST09783,Customer 09783,Female,34,Chennai,Tamil Nadu,2024-02-08,New
CUST09784,Customer 09784,Male,37,Mumbai,Maharashtra,2023-09-15,Regular
CUST09785,Customer 09785,Male,23,Chennai,Tamil Nadu,2023-07-13,New
CUST09786,Customer 09786,Male,32,Delhi,Delhi,2023-07-02,Regular
CUST09787,Customer 09787,Female,34,Ahmedabad,Gujarat,2024-07-11,Loyal
CUST09788,Customer 09788,Female,43,Mumbai,Maharashtra,2025-05-06,Loyal
CUST09789,Customer 09789,Male,39,Delhi,Delhi,2023-07-08,New
CUST09790,Customer 09790,Male,26,Madurai,Tamil Nadu,2023-04-24,Loyal
CUST09791,Customer 09791,Female,29,Mumbai,Maharashtra,2024-04-23,Regular
CUST09792,Customer 09792,Female,39,Pune,Maharashtra,2022-03-11,New
CUST09793,Customer 09793,Male,40,Pune,Maharashtra,2023-05-20,Loyal
CUST09794,Customer 09794,Female,54,Kolkata,West Bengal,2022-04-20,Regular
CUST09795,Customer 09795,Male,31,Madurai,Tamil Nadu,2025-11-06,Regular
CUST09796,Customer 09796,Male,41,Kolkata,West Bengal,2023-02-01,New
CUST09797,Customer 09797,Male,25,Chennai,Tamil Nadu,2025-12-03,Regular
CUST09798,Customer 09798,Female,43,Coimbatore,Tamil Nadu,2022-12-17,New
CUST09799,Customer 09799,Male,49,Hyderabad,Telangana,2026-04-07,Loyal
CUST09800,Customer 09800,Female,45,Madurai,Tamil Nadu,2026-03-05,Regular
CUST09801,Customer 09801,Female,49,Ahmedabad,Gujarat,2024-09-21,Regular
CUST09802,Customer 09802,Female,39,Hyderabad,Telangana,2024-02-28,New
CUST09803,Customer 09803,Male,26,Hyderabad,Telangana,2023-02-25,Loyal
CUST09804,Customer 09804,Male,20,Bengaluru,Karnataka,2026-04-30,Regular
CUST09805,Customer 09805,Other,42,Mumbai,Maharashtra,2024-07-10,Regular
CUST09806,Customer 09806,Female,56,Ahmedabad,Gujarat,2022-04-21,Loyal
CUST09807,Customer 09807,Female,29,Madurai,Tamil Nadu,2022-07-28,New
CUST09808,Customer 09808,Male,46,Kolkata,West Bengal,2026-01-02,Regular
CUST09809,Customer 09809,Male,20,Chennai,Tamil Nadu,2025-04-16,Regular
CUST09810,Customer 09810,Female,58,Mumbai,Maharashtra,2024-07-19,Regular
CUST09811,Customer 09811,Male,63,Bengaluru,Karnataka,2023-03-01,New
CUST09812,Customer 09812,Female,40,Chennai,Tamil Nadu,2022-11-24,Regular
CUST09813,Customer 09813,Male,40,Madurai,Tamil Nadu,2022-01-11,Regular
CUST09814,Customer 09814,Male,35,Coimbatore,Tamil Nadu,2025-06-29,VIP
CUST09815,Customer 09815,Male,28,Hyderabad,Telangana,2024-05-05,Regular
CUST09816,Customer 09816,Male,53,Bengaluru,Karnataka,2025-06-12,New
CUST09817,Customer 09817,Male,43,Chennai,Tamil Nadu,2022-09-11,Loyal
CUST09818,Customer 09818,Female,25,Kolkata,West Bengal,2026-05-09,Regular
CUST09819,Customer 09819,Male,45,Bengaluru,Karnataka,2026-02-10,Regular
CUST09820,Customer 09820,Male,35,Chennai,Tamil Nadu,2022-05-09,Regular
CUST09821,Customer 09821,Female,30,Bengaluru,Karnataka,2026-04-05,Regular
CUST09822,Customer 09822,Male,53,Kolkata,West Bengal,2022-04-10,Regular
CUST09823,Customer 09823,Male,59,Kolkata,West Bengal,2022-10-17,New
CUST09824,Customer 09824,Female,57,Ahmedabad,Gujarat,2026-05-12,Loyal
CUST09825,Customer 09825,Female,61,Pune,Maharashtra,2025-06-03,New
CUST09826,Customer 09826,Male,29,Hyderabad,Telangana,2025-02-22,Regular
CUST09827,Customer 09827,Male,39,Mumbai,Maharashtra,2026-01-01,New
CUST09828,Customer 09828,Female,19,Mumbai,Maharashtra,2026-05-07,Loyal
CUST09829,Customer 09829,Male,57,Madurai,Tamil Nadu,2023-10-08,Regular
CUST09830,Customer 09830,Female,45,Delhi,Delhi,2023-10-27,Loyal
CUST09831,Customer 09831,Other,30,Madurai,Tamil Nadu,2025-10-02,Regular
CUST09832,Customer 09832,Female,50,Delhi,Delhi,2023-11-29,New
CUST09833,Customer 09833,Male,20,Bengaluru,Karnataka,2022-07-02,Regular
CUST09834,Customer 09834,Male,51,Delhi,Delhi,2022-12-17,Regular
CUST09835,Customer 09835,Female,40,Pune,Maharashtra,2026-03-19,Regular
CUST09836,Customer 09836,Male,49,Pune,Maharashtra,2025-11-02,New
CUST09837,Customer 09837,Male,37,Hyderabad,Telangana,2023-12-09,Loyal
CUST09838,Customer 09838,Female,45,Chennai,Tamil Nadu,2026-01-28,Loyal
CUST09839,Customer 09839,Male,25,Mumbai,Maharashtra,2023-11-09,Regular
CUST09840,Customer 09840,Male,20,Hyderabad,Telangana,2024-03-12,Loyal
CUST09841,Customer 09841,Female,47,Pune,Maharashtra,2022-12-06,Regular
CUST09842,Customer 09842,Male,42,Chennai,Tamil Nadu,2025-03-10,New
CUST09843,Customer 09843,Male,47,Madurai,Tamil Nadu,2022-04-21,Regular
CUST09844,Customer 09844,Male,46,Mumbai,Maharashtra,2022-09-18,Regular
CUST09845,Customer 09845,Female,64,Ahmedabad,Gujarat,2025-04-26,New
CUST09846,Customer 09846,Male,47,Mumbai,Maharashtra,2023-01-06,Regular
CUST09847,Customer 09847,Male,51,Bengaluru,Karnataka,2025-10-13,VIP
CUST09848,Customer 09848,Female,42,Coimbatore,Tamil Nadu,2025-07-20,Regular
CUST09849,Customer 09849,Female,34,Mumbai,Maharashtra,2023-08-27,Loyal
CUST09850,Customer 09850,Male,41,Pune,Maharashtra,2023-03-25,New
CUST09851,Customer 09851,Female,55,Bengaluru,Karnataka,2025-12-11,New
CUST09852,Customer 09852,Male,45,Kolkata,West Bengal,2024-05-10,Loyal
CUST09853,Customer 09853,Female,50,Delhi,Delhi,2025-11-12,Regular
CUST09854,Customer 09854,Male,53,Madurai,Tamil Nadu,2025-09-23,Loyal
CUST09855,Customer 09855,Male,24,Ahmedabad,Gujarat,2025-08-27,New
CUST09856,Customer 09856,Female,40,Madurai,Tamil Nadu,2025-09-14,Loyal
CUST09857,Customer 09857,Male,63,Kolkata,West Bengal,2024-12-06,Regular
CUST09858,Customer 09858,Male,43,Coimbatore,Tamil Nadu,2023-10-18,New
CUST09859,Customer 09859,Male,31,Mumbai,Maharashtra,2022-05-29,Regular
CUST09860,Customer 09860,Female,59,Hyderabad,Telangana,2022-12-16,Loyal
CUST09861,Customer 09861,Male,45,Bengaluru,Karnataka,2022-11-19,New
CUST09862,Customer 09862,Male,41,Ahmedabad,Gujarat,2024-05-14,VIP
CUST09863,Customer 09863,Male,24,Kolkata,West Bengal,2025-02-17,Regular
CUST09864,Customer 09864,Male,65,Coimbatore,Tamil Nadu,2024-10-01,Regular
CUST09865,Customer 09865,Male,53,Madurai,Tamil Nadu,2023-02-02,New
CUST09866,Customer 09866,Male,56,Kolkata,West Bengal,2023-10-08,Regular
CUST09867,Customer 09867,Male,32,Ahmedabad,Gujarat,2025-05-05,New
CUST09868,Customer 09868,Male,20,Ahmedabad,Gujarat,2023-02-17,Regular
CUST09869,Customer 09869,Female,65,Coimbatore,Tamil Nadu,2026-01-02,Loyal
CUST09870,Customer 09870,Female,19,Madurai,Tamil Nadu,2022-02-06,Regular
CUST09871,Customer 09871,Female,24,Pune,Maharashtra,2022-07-06,Regular
CUST09872,Customer 09872,Male,33,Ahmedabad,Gujarat,2023-02-24,New
CUST09873,Customer 09873,Other,38,Bengaluru,Karnataka,2023-12-26,VIP
CUST09874,Customer 09874,Male,26,Bengaluru,Karnataka,2026-01-23,Regular
CUST09875,Customer 09875,Other,29,Delhi,Delhi,2025-02-07,Regular
CUST09876,Customer 09876,Male,46,Madurai,Tamil Nadu,2022-07-06,Regular
CUST09877,Customer 09877,Male,41,Kolkata,West Bengal,2023-04-16,Loyal
CUST09878,Customer 09878,Male,50,Bengaluru,Karnataka,2025-01-06,VIP
CUST09879,Customer 09879,Male,31,Coimbatore,Tamil Nadu,2025-10-29,VIP
CUST09880,Customer 09880,Female,60,Kolkata,West Bengal,2024-03-20,Loyal
CUST09881,Customer 09881,Female,35,Madurai,Tamil Nadu,2022-11-26,Regular
CUST09882,Customer 09882,Other,22,Coimbatore,Tamil Nadu,2025-02-22,New
CUST09883,Customer 09883,Female,32,Mumbai,Maharashtra,2025-09-01,Regular
CUST09884,Customer 09884,Male,24,Chennai,Tamil Nadu,2024-08-15,New
CUST09885,Customer 09885,Male,42,Bengaluru,Karnataka,2022-11-16,New
CUST09886,Customer 09886,Other,31,Bengaluru,Karnataka,2023-04-20,New
CUST09887,Customer 09887,Female,57,Delhi,Delhi,2026-02-21,New
CUST09888,Customer 09888,Female,53,Pune,Maharashtra,2024-04-05,Regular
CUST09889,Customer 09889,Male,52,Delhi,Delhi,2023-05-29,Regular
CUST09890,Customer 09890,Female,61,Madurai,Tamil Nadu,2022-11-30,Regular
CUST09891,Customer 09891,Female,41,Delhi,Delhi,2024-12-30,Loyal
CUST09892,Customer 09892,Male,32,Pune,Maharashtra,2023-04-10,Regular
CUST09893,Customer 09893,Male,28,Pune,Maharashtra,2025-10-31,VIP
CUST09894,Customer 09894,Male,41,Ahmedabad,Gujarat,2023-12-25,Regular
CUST09895,Customer 09895,Female,28,Ahmedabad,Gujarat,2022-01-08,Regular
CUST09896,Customer 09896,Male,61,Chennai,Tamil Nadu,2022-06-13,New
CUST09897,Customer 09897,Male,34,Coimbatore,Tamil Nadu,2024-02-20,Regular
CUST09898,Customer 09898,Male,23,Mumbai,Maharashtra,2025-08-11,Loyal
CUST09899,Customer 09899,Female,38,Pune,Maharashtra,2022-12-24,New
CUST09900,Customer 09900,Male,25,Mumbai,Maharashtra,2022-03-22,Loyal
CUST09901,Customer 09901,Male,32,Bengaluru,Karnataka,2024-02-13,Regular
CUST09902,Customer 09902,Female,49,Hyderabad,Telangana,2025-07-22,New
CUST09903,Customer 09903,Female,27,Chennai,Tamil Nadu,2024-07-09,Regular
CUST09904,Customer 09904,Male,45,Madurai,Tamil Nadu,2024-06-17,Regular
CUST09905,Customer 09905,Female,32,Kolkata,West Bengal,2026-04-13,New
CUST09906,Customer 09906,Female,29,Mumbai,Maharashtra,2024-07-10,Regular
CUST09907,Customer 09907,Male,60,Delhi,Delhi,2024-12-06,Loyal
CUST09908,Customer 09908,Male,35,Pune,Maharashtra,2025-11-16,Regular
CUST09909,Customer 09909,Female,54,Mumbai,Maharashtra,2024-04-04,Regular
CUST09910,Customer 09910,Male,61,Kolkata,West Bengal,2026-05-10,Loyal
CUST09911,Customer 09911,Male,41,Pune,Maharashtra,2024-10-14,New
CUST09912,Customer 09912,Female,54,Madurai,Tamil Nadu,2025-01-07,Regular
CUST09913,Customer 09913,Female,46,Hyderabad,Telangana,2026-03-17,Regular
CUST09914,Customer 09914,Female,27,Delhi,Delhi,2023-11-11,Loyal
CUST09915,Customer 09915,Male,31,Mumbai,Maharashtra,2024-11-12,Regular
CUST09916,Customer 09916,Female,33,Ahmedabad,Gujarat,2025-06-05,Regular
CUST09917,Customer 09917,Male,54,Chennai,Tamil Nadu,2023-03-14,VIP
CUST09918,Customer 09918,Female,28,Mumbai,Maharashtra,2025-08-14,Loyal
CUST09919,Customer 09919,Female,43,Mumbai,Maharashtra,2024-08-03,New
CUST09920,Customer 09920,Female,57,Kolkata,West Bengal,2025-07-07,Loyal
CUST09921,Customer 09921,Male,36,Kolkata,West Bengal,2024-02-15,Loyal
CUST09922,Customer 09922,Female,35,Chennai,Tamil Nadu,2023-11-07,New
CUST09923,Customer 09923,Female,47,Mumbai,Maharashtra,2022-01-10,Regular
CUST09924,Customer 09924,Female,49,Coimbatore,Tamil Nadu,2022-06-07,Loyal
CUST09925,Customer 09925,Male,40,Madurai,Tamil Nadu,2024-05-17,New
CUST09926,Customer 09926,Female,29,Kolkata,West Bengal,2024-02-23,New
CUST09927,Customer 09927,Male,30,Kolkata,West Bengal,2025-03-27,Loyal
CUST09928,Customer 09928,Female,38,Coimbatore,Tamil Nadu,2022-11-16,Loyal
CUST09929,Customer 09929,Female,38,Pune,Maharashtra,2025-05-10,New
CUST09930,Customer 09930,Male,46,Mumbai,Maharashtra,2022-05-01,Regular
CUST09931,Customer 09931,Male,46,Chennai,Tamil Nadu,2022-05-19,Regular
CUST09932,Customer 09932,Male,44,Kolkata,West Bengal,2023-11-05,Regular
CUST09933,Customer 09933,Female,46,Chennai,Tamil Nadu,2026-05-10,VIP
CUST09934,Customer 09934,Male,32,Chennai,Tamil Nadu,2025-09-24,Regular
CUST09935,Customer 09935,Male,64,Madurai,Tamil Nadu,2025-07-07,Regular
CUST09936,Customer 09936,Female,29,Ahmedabad,Gujarat,2025-12-27,VIP
CUST09937,Customer 09937,Male,58,Kolkata,West Bengal,2022-02-13,New
CUST09938,Customer 09938,Male,36,Delhi,Delhi,2025-03-28,New
CUST09939,Customer 09939,Female,29,Pune,Maharashtra,2024-03-26,Regular
CUST09940,Customer 09940,Male,40,Chennai,Tamil Nadu,2025-10-10,Regular
CUST09941,Customer 09941,Male,22,Kolkata,West Bengal,2022-04-08,New
CUST09942,Customer 09942,Male,43,Pune,Maharashtra,2026-04-11,Regular
CUST09943,Customer 09943,Female,27,Delhi,Delhi,2022-08-27,Regular
CUST09944,Customer 09944,Female,39,Kolkata,West Bengal,2023-04-20,Loyal
CUST09945,Customer 09945,Male,56,Mumbai,Maharashtra,2023-06-08,New
CUST09946,Customer 09946,Male,40,Chennai,Tamil Nadu,2023-07-11,Regular
CUST09947,Customer 09947,Male,28,Delhi,Delhi,2025-11-16,Regular
CUST09948,Customer 09948,Female,45,Mumbai,Maharashtra,2022-01-09,Regular
CUST09949,Customer 09949,Male,48,Chennai,Tamil Nadu,2026-03-17,Regular
CUST09950,Customer 09950,Female,25,Bengaluru,Karnataka,2025-11-13,Loyal
CUST09951,Customer 09951,Male,56,Hyderabad,Telangana,2025-05-18,New
CUST09952,Customer 09952,Female,65,Coimbatore,Tamil Nadu,2024-12-13,Regular
CUST09953,Customer 09953,Female,45,Chennai,Tamil Nadu,2023-09-08,New
CUST09954,Customer 09954,Female,33,Delhi,Delhi,2022-06-01,Regular
CUST09955,Customer 09955,Male,63,Delhi,Delhi,2023-02-14,Loyal
CUST09956,Customer 09956,Female,64,Hyderabad,Telangana,2022-01-10,Loyal
CUST09957,Customer 09957,Male,48,Kolkata,West Bengal,2024-08-14,Regular
CUST09958,Customer 09958,Male,58,Coimbatore,Tamil Nadu,2023-07-06,Loyal
CUST09959,Customer 09959,Male,65,Pune,Maharashtra,2023-07-10,Regular
CUST09960,Customer 09960,Female,33,Chennai,Tamil Nadu,2024-05-29,New
CUST09961,Customer 09961,Female,22,Kolkata,West Bengal,2022-09-25,Loyal
CUST09962,Customer 09962,Female,52,Mumbai,Maharashtra,2024-10-10,New
CUST09963,Customer 09963,Female,42,Pune,Maharashtra,2023-10-29,New
CUST09964,Customer 09964,Male,30,Coimbatore,Tamil Nadu,2023-03-27,Regular
CUST09965,Customer 09965,Female,46,Kolkata,West Bengal,2023-08-17,Regular
CUST09966,Customer 09966,Female,44,Ahmedabad,Gujarat,2025-05-05,New
CUST09967,Customer 09967,Female,57,Pune,Maharashtra,2023-02-02,Loyal
CUST09968,Customer 09968,Male,34,Madurai,Tamil Nadu,2024-07-09,Regular
CUST09969,Customer 09969,Other,54,Madurai,Tamil Nadu,2024-12-11,Regular
CUST09970,Customer 09970,Female,55,Chennai,Tamil Nadu,2026-02-01,Regular
CUST09971,Customer 09971,Female,46,Chennai,Tamil Nadu,2025-10-23,Regular
CUST09972,Customer 09972,Male,51,Chennai,Tamil Nadu,2025-10-29,Loyal
CUST09973,Customer 09973,Female,47,Coimbatore,Tamil Nadu,2024-12-18,Loyal
CUST09974,Customer 09974,Female,48,Ahmedabad,Gujarat,2022-10-21,VIP
CUST09975,Customer 09975,Male,39,Kolkata,West Bengal,2024-02-27,Regular
CUST09976,Customer 09976,Male,63,Mumbai,Maharashtra,2024-08-09,VIP
CUST09977,Customer 09977,Male,42,Bengaluru,Karnataka,2024-05-18,Regular
CUST09978,Customer 09978,Female,21,Delhi,Delhi,2022-04-20,New
CUST09979,Customer 09979,Male,52,Mumbai,Maharashtra,2026-04-15,Loyal
CUST09980,Customer 09980,Male,58,Kolkata,West Bengal,2022-04-17,New
CUST09981,Customer 09981,Female,61,Ahmedabad,Gujarat,2024-10-09,New
CUST09982,Customer 09982,Female,26,Coimbatore,Tamil Nadu,2022-10-24,Loyal
CUST09983,Customer 09983,Male,43,Pune,Maharashtra,2024-04-18,Loyal
CUST09984,Customer 09984,Male,44,Mumbai,Maharashtra,2025-01-23,New
CUST09985,Customer 09985,Female,44,Pune,Maharashtra,2024-09-11,Loyal
CUST09986,Customer 09986,Female,35,Bengaluru,Karnataka,2024-04-24,Loyal
CUST09987,Customer 09987,Male,47,Kolkata,West Bengal,2026-02-04,Loyal
CUST09988,Customer 09988,Female,62,Ahmedabad,Gujarat,2022-03-20,Regular
CUST09989,Customer 09989,Male,63,Kolkata,West Bengal,2025-06-27,Loyal
CUST09990,Customer 09990,Other,48,Delhi,Delhi,2023-12-31,Loyal
CUST09991,Customer 09991,Male,59,Coimbatore,Tamil Nadu,2022-12-05,Regular
CUST09992,Customer 09992,Male,20,Delhi,Delhi,2022-02-26,Regular
CUST09993,Customer 09993,Male,46,Kolkata,West Bengal,2024-07-08,Regular
CUST09994,Customer 09994,Male,24,Delhi,Delhi,2022-05-27,Regular
CUST09995,Customer 09995,Female,35,Hyderabad,Telangana,2024-01-16,VIP
CUST09996,Customer 09996,Female,33,Kolkata,West Bengal,2024-11-06,Regular
CUST09997,Customer 09997,Female,49,Ahmedabad,Gujarat,2023-01-03,New
CUST09998,Customer 09998,Male,55,Mumbai,Maharashtra,2023-12-10,Loyal
CUST09999,Customer 09999,Male,42,Ahmedabad,Gujarat,2025-04-27,New
CUST10000,Customer 10000,Male,61,Hyderabad,Telangana,2022-09-05,Regular
