Return_ID,Order_ID,Return_Date,Return_Reason,Refund_Status,Refund_Amount,
RET00001,ORD001756,05-11-2025,Damaged,Refunded,1764,
RET00002,ORD004665,11-01-2026,Quality Issue,Refunded,29705,
RET00003,ORD017009,10-10-2025,Size/Fit Issue,Refunded,18282,
RET00004,ORD013457,25-03-2025,Late Delivery,Refunded,2392,
RET00005,ORD019796,07-07-2026,Changed Mind,Refunded,34941,
RET00006,ORD021268,12-09-2025,Quality Issue,Refunded,10980,
RET00007,ORD020484,11-01-2024,Damaged,Refunded,15244,
RET00008,ORD001289,02-04-2025,Changed Mind,Refunded,7292,
RET00009,ORD019476,18-04-2025,Changed Mind,Refunded,35471,
RET00010,ORD000007,24-01-2026,Size/Fit Issue,Refunded,16321,
RET00011,ORD013189,26-02-2024,Changed Mind,Refunded,1855,
RET00012,ORD004566,05-01-2025,Changed Mind,Refunded,22652,
RET00013,ORD002922,08-02-2026,Late Delivery,Processing,20356,
RET00014,ORD020363,10-04-2024,Damaged,Refunded,3311,
RET00015,ORD011516,15-07-2024,Changed Mind,Refunded,4502,
RET00016,ORD000779,15-09-2024,Size/Fit Issue,Refunded,39479,
RET00017,ORD007918,02-06-2025,Damaged,Refunded,4034,
RET00018,ORD011024,24-10-2024,Quality Issue,Refunded,4912,
RET00019,ORD004551,15-10-2025,Quality Issue,Refunded,5243,
RET00020,ORD000503,30-03-2026,Quality Issue,Refunded,5426,
RET00021,ORD000103,05-10-2025,Wrong Item,Refunded,33647,
RET00022,ORD010142,27-04-2024,Quality Issue,Processing,7993,
RET00023,ORD015178,19-02-2024,Damaged,Refunded,2483,
RET00024,ORD027022,09-09-2026,Changed Mind,Processing,26210,
RET00025,ORD017762,25-12-2025,Quality Issue,Refunded,29446,
RET00026,ORD029305,26-01-2026,Late Delivery,Refunded,9443,
RET00027,ORD000241,31-03-2026,Late Delivery,Refunded,3564,
RET00028,ORD025332,25-04-2025,Wrong Item,Processing,8602,
RET00029,ORD003996,13-06-2024,Late Delivery,Processing,29933,
RET00030,ORD001108,19-10-2024,Changed Mind,Refunded,11713,
RET00031,ORD001761,19-07-2025,Late Delivery,Refunded,6182,
RET00032,ORD026129,13-12-2024,Late Delivery,Refunded,21815,
RET00033,ORD018106,26-03-2026,Changed Mind,Refunded,11776,
RET00034,ORD026368,16-12-2024,Wrong Item,Refunded,15689,
RET00035,ORD011955,27-05-2025,Changed Mind,Refunded,27099,
RET00036,ORD002520,05-04-2025,Wrong Item,Refunded,12220,
RET00037,ORD005231,29-06-2026,Size/Fit Issue,Refunded,11652,
RET00038,ORD023325,21-11-2024,Changed Mind,Refunded,2125,
RET00039,ORD016766,08-08-2024,Size/Fit Issue,Processing,57609,
RET00040,ORD017123,27-12-2024,Quality Issue,Processing,11499,
RET00041,ORD026636,05-05-2024,Damaged,Processing,19039,
RET00042,ORD003678,15-03-2024,Late Delivery,Refunded,19410,
RET00043,ORD029423,18-09-2024,Wrong Item,Refunded,9567,
RET00044,ORD001956,10-04-2026,Wrong Item,Refunded,2179,
RET00045,ORD027790,04-03-2026,Size/Fit Issue,Refunded,18102,
RET00046,ORD023574,21-04-2025,Size/Fit Issue,Refunded,7743,
RET00047,ORD004132,15-09-2025,Damaged,Refunded,4027,
RET00048,ORD002126,19-05-2026,Changed Mind,Processing,8246,
RET00049,ORD007838,16-07-2025,Changed Mind,Refunded,29476,
RET00050,ORD023620,24-08-2025,Size/Fit Issue,Refunded,38410,
RET00051,ORD020673,02-01-2025,Wrong Item,Refunded,8049,
RET00052,ORD012844,25-04-2025,Size/Fit Issue,Refunded,862,
RET00053,ORD024936,13-03-2025,Size/Fit Issue,Refunded,26150,
RET00054,ORD023840,29-08-2024,Changed Mind,Refunded,2960,
RET00055,ORD001686,16-03-2025,Damaged,Refunded,14181,
RET00056,ORD019438,14-08-2024,Late Delivery,Refunded,24605,
RET00057,ORD021761,21-11-2024,Changed Mind,Refunded,4323,
RET00058,ORD016603,22-12-2025,Changed Mind,Refunded,12433,
RET00059,ORD018204,17-02-2024,Changed Mind,Refunded,3041,
RET00060,ORD024344,25-10-2025,Size/Fit Issue,Refunded,8091,
RET00061,ORD021014,21-03-2026,Changed Mind,Refunded,1414,
RET00062,ORD020532,24-09-2025,Size/Fit Issue,Refunded,7491,
RET00063,ORD016350,24-12-2024,Wrong Item,Refunded,3026,
RET00064,ORD017268,11-12-2024,Size/Fit Issue,Refunded,29741,
RET00065,ORD016919,08-07-2024,Size/Fit Issue,Refunded,10531,
RET00066,ORD010329,22-04-2025,Size/Fit Issue,Refunded,9525,
RET00067,ORD006112,22-10-2025,Size/Fit Issue,Refunded,11599,
RET00068,ORD017405,09-09-2025,Damaged,Processing,748,
RET00069,ORD005348,30-03-2026,Late Delivery,Processing,11998,
RET00070,ORD011025,18-09-2024,Size/Fit Issue,Refunded,2339,
RET00071,ORD004542,16-08-2026,Damaged,Refunded,19883,
RET00072,ORD017049,21-04-2026,Damaged,Refunded,30642,
RET00073,ORD010337,28-02-2025,Damaged,Processing,3538,
RET00074,ORD002359,15-03-2025,Changed Mind,Refunded,4308,
RET00075,ORD017187,30-08-2024,Changed Mind,Refunded,19382,
RET00076,ORD022794,25-06-2026,Size/Fit Issue,Refunded,8029,
RET00077,ORD007218,04-10-2024,Late Delivery,Refunded,22471,
RET00078,ORD003229,03-09-2026,Changed Mind,Refunded,41157,
RET00079,ORD015936,26-02-2024,Size/Fit Issue,Refunded,9409,
RET00080,ORD003980,01-05-2026,Wrong Item,Refunded,4777,
RET00081,ORD011963,17-07-2024,Wrong Item,Refunded,14715,
RET00082,ORD023935,04-02-2025,Wrong Item,Processing,34169,
RET00083,ORD005378,22-12-2025,Damaged,Refunded,17972,
RET00084,ORD028670,20-03-2024,Damaged,Refunded,2007,
RET00085,ORD011668,26-05-2024,Wrong Item,Refunded,4853,
RET00086,ORD001678,09-08-2024,Wrong Item,Refunded,36730,
RET00087,ORD012274,04-07-2025,Late Delivery,Refunded,11115,
RET00088,ORD001265,01-09-2025,Quality Issue,Refunded,6727,
RET00089,ORD027665,28-09-2024,Late Delivery,Refunded,9259,
RET00090,ORD013084,16-04-2026,Size/Fit Issue,Refunded,616,
RET00091,ORD010477,08-01-2025,Quality Issue,Refunded,28672,
RET00092,ORD012547,07-06-2026,Wrong Item,Refunded,15453,
RET00093,ORD015263,01-12-2024,Changed Mind,Refunded,5864,
RET00094,ORD024325,17-06-2025,Changed Mind,Refunded,17029,
RET00095,ORD009177,01-11-2025,Damaged,Processing,32282,
RET00096,ORD011164,11-01-2025,Size/Fit Issue,Refunded,44945,
RET00097,ORD008370,16-07-2026,Damaged,Refunded,21481,
RET00098,ORD017908,25-08-2025,Size/Fit Issue,Refunded,244,
RET00099,ORD008600,07-03-2024,Late Delivery,Refunded,32177,
RET00100,ORD004771,02-03-2025,Size/Fit Issue,Refunded,4731,
RET00101,ORD022657,15-02-2026,Size/Fit Issue,Refunded,4280,
RET00102,ORD028422,23-04-2026,Damaged,Refunded,3289,
RET00103,ORD018048,09-03-2024,Size/Fit Issue,Refunded,8519,
RET00104,ORD023126,20-02-2024,Changed Mind,Refunded,3318,
RET00105,ORD021989,14-01-2026,Size/Fit Issue,Refunded,14370,
RET00106,ORD010030,25-08-2026,Changed Mind,Refunded,12278,
RET00107,ORD015836,02-03-2026,Size/Fit Issue,Refunded,11342,
RET00108,ORD017292,19-03-2026,Damaged,Refunded,3632,
RET00109,ORD029567,11-03-2024,Size/Fit Issue,Refunded,9217,
RET00110,ORD014815,18-07-2024,Wrong Item,Refunded,44639,
RET00111,ORD019913,10-05-2024,Damaged,Refunded,14999,
RET00112,ORD004807,22-11-2025,Changed Mind,Refunded,16679,
RET00113,ORD018315,28-01-2026,Quality Issue,Refunded,28057,
RET00114,ORD024047,06-11-2025,Wrong Item,Refunded,33181,
RET00115,ORD003930,06-07-2026,Changed Mind,Refunded,11828,
RET00116,ORD027525,13-10-2024,Late Delivery,Refunded,329,
RET00117,ORD024716,09-11-2025,Quality Issue,Refunded,8604,
RET00118,ORD008693,30-05-2025,Size/Fit Issue,Refunded,2481,
RET00119,ORD002576,30-09-2024,Changed Mind,Refunded,8476,
RET00120,ORD028596,05-06-2024,Changed Mind,Refunded,62579,
RET00121,ORD000993,16-06-2026,Changed Mind,Refunded,21739,
RET00122,ORD004166,03-02-2024,Quality Issue,Refunded,7650,
RET00123,ORD002973,25-10-2024,Late Delivery,Refunded,44889,
RET00124,ORD003993,21-03-2026,Late Delivery,Refunded,1193,
RET00125,ORD014535,20-08-2024,Late Delivery,Processing,2665,
RET00126,ORD010020,11-09-2025,Late Delivery,Refunded,7241,
RET00127,ORD024860,27-08-2026,Wrong Item,Refunded,5310,
RET00128,ORD029640,04-03-2025,Size/Fit Issue,Refunded,9541,
RET00129,ORD012435,18-02-2026,Size/Fit Issue,Refunded,7394,
RET00130,ORD010678,16-10-2024,Damaged,Refunded,5935,
RET00131,ORD024218,26-11-2024,Changed Mind,Processing,7432,
RET00132,ORD007735,05-11-2024,Damaged,Refunded,23182,
RET00133,ORD018578,04-08-2025,Changed Mind,Refunded,19342,
RET00134,ORD020939,14-11-2025,Damaged,Refunded,20421,
RET00135,ORD022071,15-12-2024,Changed Mind,Refunded,28152,
RET00136,ORD007522,18-08-2026,Quality Issue,Refunded,2273,
RET00137,ORD006556,18-10-2024,Quality Issue,Refunded,10755,
RET00138,ORD008912,13-04-2025,Changed Mind,Refunded,30777,
RET00139,ORD022406,07-06-2026,Damaged,Refunded,67041,
RET00140,ORD000836,02-01-2025,Damaged,Refunded,5275,
RET00141,ORD002375,14-04-2025,Changed Mind,Refunded,19608,
RET00142,ORD027218,14-07-2026,Damaged,Processing,6811,
RET00143,ORD028073,12-09-2026,Size/Fit Issue,Processing,20198,
RET00144,ORD017016,19-04-2026,Damaged,Refunded,13925,
RET00145,ORD010445,19-07-2024,Size/Fit Issue,Refunded,29813,
RET00146,ORD000798,05-10-2025,Changed Mind,Refunded,22844,
RET00147,ORD011685,03-03-2026,Damaged,Refunded,40221,
RET00148,ORD004719,25-09-2024,Quality Issue,Refunded,27150,
RET00149,ORD011370,17-03-2024,Quality Issue,Refunded,19815,
RET00150,ORD024902,07-07-2025,Changed Mind,Refunded,21967,
RET00151,ORD004320,02-09-2026,Late Delivery,Refunded,9378,
RET00152,ORD015758,17-07-2026,Late Delivery,Refunded,8060,
RET00153,ORD013826,13-06-2024,Size/Fit Issue,Refunded,13806,
RET00154,ORD013755,06-01-2025,Quality Issue,Refunded,3356,
RET00155,ORD015360,12-05-2024,Changed Mind,Refunded,20816,
RET00156,ORD009460,30-06-2024,Changed Mind,Refunded,451,
RET00157,ORD021081,05-12-2024,Wrong Item,Refunded,19048,
RET00158,ORD000984,09-04-2024,Quality Issue,Refunded,9388,
RET00159,ORD025423,02-09-2025,Late Delivery,Refunded,2790,
RET00160,ORD009246,14-09-2025,Quality Issue,Refunded,18657,
RET00161,ORD024362,28-10-2025,Damaged,Refunded,7924,
RET00162,ORD029098,23-09-2024,Size/Fit Issue,Refunded,30269,
RET00163,ORD013042,23-08-2026,Size/Fit Issue,Refunded,8379,
RET00164,ORD009865,09-12-2025,Size/Fit Issue,Refunded,25454,
RET00165,ORD012503,06-12-2024,Changed Mind,Refunded,14614,
RET00166,ORD006710,12-06-2026,Wrong Item,Refunded,18678,
RET00167,ORD029392,03-02-2026,Quality Issue,Refunded,14732,
RET00168,ORD018514,02-04-2026,Size/Fit Issue,Processing,14049,
RET00169,ORD001161,30-07-2026,Wrong Item,Processing,27445,
RET00170,ORD021475,17-09-2026,Quality Issue,Refunded,22794,
RET00171,ORD002340,06-07-2024,Quality Issue,Refunded,15499,
RET00172,ORD014023,11-02-2026,Quality Issue,Refunded,19660,
RET00173,ORD026805,15-08-2025,Quality Issue,Refunded,14616,
RET00174,ORD027449,24-06-2026,Damaged,Refunded,18746,
RET00175,ORD015744,30-10-2024,Size/Fit Issue,Refunded,4945,
RET00176,ORD024178,13-06-2025,Quality Issue,Refunded,31232,
RET00177,ORD010003,15-07-2024,Quality Issue,Processing,4922,
RET00178,ORD000519,26-07-2024,Damaged,Refunded,4926,
RET00179,ORD014439,17-06-2024,Wrong Item,Processing,25107,
RET00180,ORD019882,07-05-2024,Size/Fit Issue,Refunded,39996,
RET00181,ORD020678,07-10-2024,Wrong Item,Refunded,21971,
RET00182,ORD018233,02-05-2026,Damaged,Refunded,6980,
RET00183,ORD010845,19-08-2025,Late Delivery,Refunded,15514,
RET00184,ORD004842,22-09-2025,Damaged,Refunded,14591,
RET00185,ORD017761,24-02-2025,Wrong Item,Refunded,9005,
RET00186,ORD010573,18-04-2024,Late Delivery,Refunded,2558,
RET00187,ORD026254,27-10-2025,Size/Fit Issue,Processing,6139,
RET00188,ORD001544,22-01-2025,Quality Issue,Refunded,38665,
RET00189,ORD026230,16-01-2025,Late Delivery,Refunded,9673,
RET00190,ORD026038,17-10-2024,Damaged,Refunded,44782,
RET00191,ORD011788,17-10-2025,Size/Fit Issue,Refunded,40136,
RET00192,ORD027408,14-07-2026,Damaged,Refunded,28258,
RET00193,ORD027445,26-10-2025,Size/Fit Issue,Refunded,8566,
RET00194,ORD009981,01-10-2025,Late Delivery,Refunded,7810,
RET00195,ORD009215,11-09-2026,Size/Fit Issue,Refunded,22096,
RET00196,ORD007103,17-10-2025,Wrong Item,Refunded,1700,
RET00197,ORD016949,10-04-2026,Wrong Item,Refunded,13124,
RET00198,ORD029981,10-09-2026,Quality Issue,Processing,12214,
RET00199,ORD005948,24-10-2025,Changed Mind,Refunded,3749,
RET00200,ORD003563,21-02-2024,Changed Mind,Refunded,4925,
RET00201,ORD001841,26-06-2026,Size/Fit Issue,Refunded,4548,
RET00202,ORD001102,07-05-2026,Size/Fit Issue,Refunded,23792,
RET00203,ORD009951,02-09-2026,Late Delivery,Refunded,18020,
RET00204,ORD009244,11-09-2026,Size/Fit Issue,Refunded,4387,
RET00205,ORD027355,01-01-2026,Late Delivery,Refunded,25653,
RET00206,ORD000810,06-07-2024,Size/Fit Issue,Refunded,20026,
RET00207,ORD000912,04-07-2024,Late Delivery,Refunded,26400,
RET00208,ORD010102,16-05-2026,Quality Issue,Refunded,11643,
RET00209,ORD002640,05-05-2026,Size/Fit Issue,Refunded,4043,
RET00210,ORD022502,19-05-2025,Size/Fit Issue,Refunded,13829,
RET00211,ORD022278,11-01-2026,Damaged,Refunded,6543,
RET00212,ORD000816,08-05-2025,Wrong Item,Refunded,5770,
RET00213,ORD016175,07-10-2025,Quality Issue,Refunded,16042,
RET00214,ORD006701,12-09-2025,Wrong Item,Refunded,22473,
RET00215,ORD005926,24-10-2024,Wrong Item,Refunded,41931,
RET00216,ORD001201,02-01-2025,Quality Issue,Processing,6107,
RET00217,ORD003024,13-03-2026,Changed Mind,Refunded,16114,
RET00218,ORD013404,03-11-2025,Changed Mind,Refunded,35766,
RET00219,ORD014937,12-06-2024,Size/Fit Issue,Refunded,31076,
RET00220,ORD013383,28-05-2025,Wrong Item,Refunded,4098,
RET00221,ORD021024,17-01-2026,Damaged,Refunded,3609,
RET00222,ORD029417,30-08-2026,Damaged,Refunded,4923,
RET00223,ORD027727,18-07-2024,Damaged,Refunded,5374,
RET00224,ORD001788,09-09-2025,Late Delivery,Refunded,33399,
RET00225,ORD011952,11-09-2026,Quality Issue,Refunded,10746,
RET00226,ORD022632,17-07-2026,Changed Mind,Refunded,46466,
RET00227,ORD018533,14-05-2025,Damaged,Refunded,18862,
RET00228,ORD022488,27-05-2025,Quality Issue,Refunded,38731,
RET00229,ORD011385,03-08-2024,Changed Mind,Processing,1141,
RET00230,ORD006929,25-11-2024,Quality Issue,Refunded,3001,
RET00231,ORD026468,02-03-2024,Damaged,Refunded,17160,
RET00232,ORD020762,29-02-2024,Changed Mind,Refunded,40388,
RET00233,ORD012981,23-07-2026,Quality Issue,Refunded,28776,
RET00234,ORD018595,18-01-2025,Changed Mind,Refunded,6163,
RET00235,ORD010814,11-12-2024,Size/Fit Issue,Refunded,16292,
RET00236,ORD004780,11-07-2024,Size/Fit Issue,Refunded,16627,
RET00237,ORD021448,07-12-2025,Changed Mind,Refunded,51366,
RET00238,ORD027755,03-05-2024,Size/Fit Issue,Refunded,16453,
RET00239,ORD013685,27-08-2024,Changed Mind,Refunded,3817,
RET00240,ORD013124,28-05-2025,Changed Mind,Refunded,38125,
RET00241,ORD024148,19-03-2024,Size/Fit Issue,Refunded,3606,
RET00242,ORD009299,02-03-2024,Size/Fit Issue,Refunded,2402,
RET00243,ORD006092,21-08-2025,Wrong Item,Refunded,2106,
RET00244,ORD009675,08-06-2024,Changed Mind,Refunded,6420,
RET00245,ORD010096,07-07-2025,Changed Mind,Refunded,30203,
RET00246,ORD028485,12-09-2026,Size/Fit Issue,Refunded,20498,
RET00247,ORD020178,11-02-2025,Size/Fit Issue,Refunded,14872,
RET00248,ORD003068,25-02-2026,Damaged,Refunded,20746,
RET00249,ORD012190,19-03-2026,Quality Issue,Processing,43720,
RET00250,ORD023611,18-04-2024,Wrong Item,Refunded,13423,
RET00251,ORD001296,28-08-2024,Quality Issue,Refunded,7524,
RET00252,ORD021446,11-01-2025,Damaged,Refunded,34729,
RET00253,ORD012447,25-06-2025,Changed Mind,Refunded,3016,
RET00254,ORD020206,19-10-2025,Wrong Item,Refunded,6116,
RET00255,ORD006577,28-08-2024,Damaged,Refunded,24655,
RET00256,ORD006051,18-10-2025,Size/Fit Issue,Refunded,20758,
RET00257,ORD013608,08-04-2025,Damaged,Refunded,14456,
RET00258,ORD022541,03-07-2024,Changed Mind,Refunded,24886,
RET00259,ORD022267,19-01-2026,Quality Issue,Processing,17460,
RET00260,ORD022515,20-01-2024,Quality Issue,Refunded,4613,
RET00261,ORD004620,03-10-2025,Damaged,Refunded,16109,
RET00262,ORD000750,22-07-2026,Changed Mind,Refunded,21403,
RET00263,ORD022639,14-08-2024,Changed Mind,Processing,18687,
RET00264,ORD012652,24-01-2026,Size/Fit Issue,Refunded,27511,
RET00265,ORD001827,23-06-2024,Wrong Item,Processing,1240,
RET00266,ORD008176,19-09-2026,Late Delivery,Processing,6015,
RET00267,ORD000940,02-09-2025,Quality Issue,Refunded,2205,
RET00268,ORD007542,17-09-2024,Damaged,Refunded,32776,
RET00269,ORD024901,06-11-2025,Damaged,Refunded,23303,
RET00270,ORD023421,22-12-2024,Changed Mind,Processing,11102,
RET00271,ORD016407,15-04-2024,Changed Mind,Refunded,30066,
RET00272,ORD015910,10-04-2025,Size/Fit Issue,Refunded,29218,
RET00273,ORD005261,26-12-2024,Changed Mind,Refunded,44381,
RET00274,ORD021925,10-04-2025,Changed Mind,Refunded,12071,
RET00275,ORD018611,03-06-2026,Changed Mind,Processing,4003,
RET00276,ORD017634,19-10-2024,Wrong Item,Refunded,25650,
RET00277,ORD025525,13-10-2025,Quality Issue,Refunded,3409,
RET00278,ORD027041,08-09-2026,Quality Issue,Refunded,32017,
RET00279,ORD026182,16-06-2025,Late Delivery,Refunded,10309,
RET00280,ORD018357,13-05-2026,Changed Mind,Refunded,21136,
RET00281,ORD014142,17-06-2026,Changed Mind,Processing,12200,
RET00282,ORD025421,17-05-2025,Changed Mind,Refunded,16529,
RET00283,ORD001513,24-09-2025,Wrong Item,Refunded,21438,
RET00284,ORD017516,01-06-2026,Damaged,Processing,19710,
RET00285,ORD000927,22-07-2025,Changed Mind,Processing,13555,
RET00286,ORD013598,02-10-2024,Changed Mind,Refunded,925,
RET00287,ORD000501,21-12-2025,Damaged,Refunded,26648,
RET00288,ORD026878,30-12-2025,Quality Issue,Refunded,24804,
RET00289,ORD020162,03-04-2026,Changed Mind,Processing,38881,
RET00290,ORD027688,22-07-2024,Changed Mind,Refunded,15557,
RET00291,ORD028956,10-03-2025,Size/Fit Issue,Refunded,14075,
RET00292,ORD028768,23-05-2026,Late Delivery,Refunded,46364,
RET00293,ORD004711,10-02-2024,Size/Fit Issue,Refunded,9529,
RET00294,ORD000179,05-10-2024,Changed Mind,Refunded,28701,
RET00295,ORD028714,25-10-2025,Late Delivery,Refunded,20529,
RET00296,ORD026408,14-03-2026,Late Delivery,Refunded,28053,
RET00297,ORD018408,07-11-2024,Changed Mind,Refunded,44048,
RET00298,ORD021994,30-03-2025,Size/Fit Issue,Refunded,23928,
RET00299,ORD023873,19-08-2025,Quality Issue,Refunded,2391,
RET00300,ORD000114,22-08-2024,Quality Issue,Refunded,17168,
RET00301,ORD010513,28-11-2025,Size/Fit Issue,Processing,5804,
RET00302,ORD028374,01-12-2024,Quality Issue,Refunded,23548,
RET00303,ORD014966,15-08-2026,Size/Fit Issue,Refunded,31652,
RET00304,ORD019177,10-11-2024,Damaged,Refunded,13649,
RET00305,ORD001523,09-03-2025,Changed Mind,Refunded,5591,
RET00306,ORD023171,05-12-2025,Size/Fit Issue,Processing,12728,
RET00307,ORD021790,08-04-2026,Quality Issue,Refunded,28613,
RET00308,ORD022068,27-07-2025,Changed Mind,Refunded,10775,
RET00309,ORD015386,12-09-2025,Changed Mind,Processing,4832,
RET00310,ORD019886,09-09-2026,Damaged,Processing,36991,
RET00311,ORD000847,25-05-2026,Quality Issue,Processing,27738,
RET00312,ORD000006,22-01-2026,Size/Fit Issue,Refunded,28101,
RET00313,ORD004502,02-02-2026,Changed Mind,Refunded,7896,
RET00314,ORD018634,17-08-2025,Damaged,Refunded,988,
RET00315,ORD018459,14-03-2026,Changed Mind,Refunded,3547,
RET00316,ORD016808,08-07-2026,Size/Fit Issue,Refunded,1492,
RET00317,ORD012291,30-05-2024,Wrong Item,Processing,1723,
RET00318,ORD007365,06-01-2025,Late Delivery,Refunded,26446,
RET00319,ORD029247,11-04-2025,Late Delivery,Refunded,9416,
RET00320,ORD019639,23-11-2025,Damaged,Refunded,11347,
RET00321,ORD017758,10-09-2024,Wrong Item,Refunded,6004,
RET00322,ORD002168,21-07-2025,Quality Issue,Refunded,31203,
RET00323,ORD023594,23-04-2026,Changed Mind,Refunded,11024,
RET00324,ORD000898,31-05-2026,Wrong Item,Refunded,26199,
RET00325,ORD006474,24-03-2025,Damaged,Refunded,2377,
RET00326,ORD027527,18-07-2024,Quality Issue,Refunded,19231,
RET00327,ORD013015,06-09-2024,Wrong Item,Refunded,24643,
RET00328,ORD017896,17-01-2024,Quality Issue,Refunded,21150,
RET00329,ORD025279,14-09-2024,Quality Issue,Processing,21973,
RET00330,ORD025281,28-06-2025,Late Delivery,Refunded,7800,
RET00331,ORD021804,23-05-2024,Size/Fit Issue,Refunded,1757,
RET00332,ORD020927,28-04-2025,Quality Issue,Refunded,10150,
RET00333,ORD008010,18-07-2025,Changed Mind,Refunded,25918,
RET00334,ORD020515,01-10-2025,Wrong Item,Processing,2708,
RET00335,ORD009094,22-04-2026,Changed Mind,Refunded,24336,
RET00336,ORD007018,22-03-2024,Quality Issue,Refunded,18642,
RET00337,ORD022537,29-02-2024,Wrong Item,Refunded,32086,
RET00338,ORD001140,03-11-2024,Size/Fit Issue,Refunded,5261,
RET00339,ORD026492,17-05-2024,Changed Mind,Refunded,1333,
RET00340,ORD001986,25-06-2024,Damaged,Processing,53653,
RET00341,ORD017673,12-05-2024,Changed Mind,Processing,6760,
RET00342,ORD009583,10-05-2026,Damaged,Refunded,11737,
RET00343,ORD013151,16-04-2026,Size/Fit Issue,Refunded,20985,
RET00344,ORD004513,26-02-2024,Changed Mind,Refunded,7701,
RET00345,ORD009898,08-10-2025,Quality Issue,Refunded,2117,
RET00346,ORD005924,09-07-2025,Size/Fit Issue,Refunded,15535,
RET00347,ORD007855,27-07-2024,Wrong Item,Refunded,18827,
RET00348,ORD001531,15-04-2024,Size/Fit Issue,Refunded,20571,
RET00349,ORD004197,04-05-2024,Changed Mind,Refunded,24667,
RET00350,ORD029998,02-08-2026,Quality Issue,Refunded,17365,
RET00351,ORD007238,06-04-2025,Quality Issue,Refunded,21271,
RET00352,ORD027446,18-02-2025,Size/Fit Issue,Refunded,5829,
RET00353,ORD028338,20-04-2026,Changed Mind,Refunded,27900,
RET00354,ORD004094,23-06-2025,Size/Fit Issue,Refunded,3710,
RET00355,ORD004355,12-04-2025,Wrong Item,Refunded,30388,
RET00356,ORD023415,06-06-2026,Late Delivery,Refunded,13320,
RET00357,ORD021791,23-04-2024,Damaged,Refunded,5294,
RET00358,ORD007134,13-09-2025,Size/Fit Issue,Refunded,10510,
RET00359,ORD003493,22-07-2024,Size/Fit Issue,Refunded,6978,
RET00360,ORD022726,14-07-2025,Changed Mind,Refunded,19254,
RET00361,ORD020847,23-08-2024,Changed Mind,Refunded,25859,
RET00362,ORD029520,11-04-2024,Changed Mind,Refunded,12622,
RET00363,ORD005153,21-06-2024,Late Delivery,Processing,22216,
RET00364,ORD025899,17-07-2024,Quality Issue,Processing,6733,
RET00365,ORD027827,10-10-2024,Size/Fit Issue,Refunded,15655,
RET00366,ORD017060,07-12-2025,Late Delivery,Refunded,17559,
RET00367,ORD007283,23-05-2024,Quality Issue,Refunded,29278,
RET00368,ORD023754,01-03-2025,Changed Mind,Refunded,23043,
RET00369,ORD011353,01-04-2026,Damaged,Refunded,7899,
RET00370,ORD005293,03-12-2024,Size/Fit Issue,Refunded,21954,
RET00371,ORD019460,17-06-2026,Wrong Item,Refunded,48445,
RET00372,ORD020866,07-02-2024,Changed Mind,Refunded,13443,
RET00373,ORD028207,09-04-2026,Wrong Item,Refunded,4309,
RET00374,ORD006242,01-09-2025,Wrong Item,Refunded,3502,
RET00375,ORD026586,06-02-2026,Quality Issue,Refunded,4145,
RET00376,ORD027837,21-08-2024,Changed Mind,Refunded,4116,
RET00377,ORD004124,05-06-2024,Changed Mind,Refunded,7542,
RET00378,ORD007731,16-03-2025,Size/Fit Issue,Processing,2248,
RET00379,ORD014509,21-05-2024,Damaged,Refunded,2819,
RET00380,ORD013297,30-01-2024,Wrong Item,Refunded,12891,
RET00381,ORD014063,31-08-2025,Wrong Item,Refunded,29298,
RET00382,ORD014938,18-01-2025,Size/Fit Issue,Refunded,48240,
RET00383,ORD001677,03-08-2024,Damaged,Refunded,47723,
RET00384,ORD023514,03-11-2025,Changed Mind,Refunded,5705,
RET00385,ORD021583,25-08-2024,Quality Issue,Refunded,27691,
RET00386,ORD007920,15-05-2024,Wrong Item,Refunded,2221,
RET00387,ORD028855,24-03-2024,Changed Mind,Refunded,6096,
RET00388,ORD019254,24-03-2026,Size/Fit Issue,Refunded,16636,
RET00389,ORD009674,20-08-2024,Size/Fit Issue,Refunded,1038,
RET00390,ORD004786,18-05-2026,Damaged,Processing,7413,
RET00391,ORD013534,07-11-2024,Wrong Item,Refunded,25651,
RET00392,ORD022646,02-02-2026,Damaged,Refunded,9102,
RET00393,ORD024658,01-07-2026,Size/Fit Issue,Refunded,338,
RET00394,ORD029749,15-04-2024,Quality Issue,Refunded,7548,
RET00395,ORD028762,01-12-2025,Damaged,Refunded,36693,
RET00396,ORD025323,08-08-2024,Wrong Item,Refunded,1029,
RET00397,ORD009346,16-10-2025,Late Delivery,Refunded,25053,
RET00398,ORD025584,21-03-2025,Changed Mind,Refunded,9664,
RET00399,ORD014259,22-01-2026,Quality Issue,Refunded,2648,
RET00400,ORD027314,05-07-2026,Quality Issue,Refunded,14287,
RET00401,ORD029312,16-05-2024,Changed Mind,Refunded,18594,
RET00402,ORD002187,17-11-2025,Size/Fit Issue,Processing,4949,
RET00403,ORD001609,24-03-2025,Late Delivery,Refunded,18496,
RET00404,ORD022234,14-09-2025,Late Delivery,Refunded,22647,
RET00405,ORD012454,23-04-2024,Quality Issue,Refunded,15184,
RET00406,ORD001196,03-09-2025,Damaged,Refunded,33390,
RET00407,ORD022740,21-02-2025,Size/Fit Issue,Refunded,4092,
RET00408,ORD008691,15-08-2025,Quality Issue,Refunded,4550,
RET00409,ORD001246,26-03-2024,Wrong Item,Refunded,442,
RET00410,ORD019318,30-05-2026,Quality Issue,Refunded,61872,
RET00411,ORD023811,21-08-2025,Changed Mind,Refunded,1693,
RET00412,ORD007239,07-09-2026,Size/Fit Issue,Refunded,26234,
RET00413,ORD018150,14-06-2024,Quality Issue,Processing,3968,
RET00414,ORD008869,03-01-2026,Quality Issue,Refunded,20077,
RET00415,ORD002603,25-10-2025,Size/Fit Issue,Refunded,10114,
RET00416,ORD011576,09-02-2026,Wrong Item,Refunded,18963,
RET00417,ORD027321,14-06-2025,Changed Mind,Refunded,4996,
RET00418,ORD007048,25-10-2024,Size/Fit Issue,Refunded,5719,
RET00419,ORD025092,01-12-2025,Quality Issue,Refunded,1864,
RET00420,ORD012117,05-01-2026,Quality Issue,Processing,8761,
RET00421,ORD002308,18-06-2025,Late Delivery,Refunded,13665,
RET00422,ORD014201,30-05-2025,Quality Issue,Refunded,27052,
RET00423,ORD028390,11-06-2024,Size/Fit Issue,Refunded,26406,
RET00424,ORD023743,26-05-2025,Wrong Item,Refunded,8974,
RET00425,ORD021921,05-02-2026,Late Delivery,Refunded,8610,
RET00426,ORD027924,22-10-2024,Wrong Item,Refunded,29467,
RET00427,ORD018783,13-07-2025,Damaged,Refunded,35168,
RET00428,ORD007385,12-04-2024,Quality Issue,Refunded,732,
RET00429,ORD001660,04-03-2026,Quality Issue,Refunded,1654,
RET00430,ORD008989,01-11-2025,Quality Issue,Refunded,18657,
RET00431,ORD007682,17-09-2024,Damaged,Refunded,8221,
RET00432,ORD018721,24-06-2026,Damaged,Refunded,31044,
RET00433,ORD005352,23-09-2026,Changed Mind,Refunded,18006,
RET00434,ORD028042,23-07-2024,Changed Mind,Refunded,20301,
RET00435,ORD029389,17-07-2026,Changed Mind,Refunded,343,
RET00436,ORD005568,07-07-2024,Wrong Item,Refunded,9341,
RET00437,ORD027404,22-09-2024,Changed Mind,Refunded,44326,
RET00438,ORD016397,17-08-2024,Late Delivery,Refunded,7543,
RET00439,ORD020565,26-02-2026,Size/Fit Issue,Processing,20484,
RET00440,ORD013085,04-07-2025,Quality Issue,Refunded,4223,
RET00441,ORD021933,16-07-2026,Quality Issue,Refunded,26895,
RET00442,ORD005336,20-10-2024,Wrong Item,Refunded,15458,
RET00443,ORD002967,11-11-2024,Damaged,Refunded,3884,
RET00444,ORD028791,16-06-2025,Size/Fit Issue,Refunded,3524,
RET00445,ORD024561,29-12-2025,Damaged,Refunded,5930,
RET00446,ORD026861,09-03-2026,Late Delivery,Refunded,15256,
RET00447,ORD018801,23-05-2025,Changed Mind,Refunded,14571,
RET00448,ORD017922,27-01-2024,Changed Mind,Refunded,55773,
RET00449,ORD016799,11-04-2025,Changed Mind,Refunded,1618,
RET00450,ORD020727,28-12-2024,Late Delivery,Refunded,24764,
RET00451,ORD013107,09-04-2026,Size/Fit Issue,Refunded,11865,
RET00452,ORD018706,29-07-2024,Wrong Item,Refunded,15842,
RET00453,ORD005626,19-12-2024,Size/Fit Issue,Refunded,17101,
RET00454,ORD009755,17-03-2025,Quality Issue,Refunded,11336,
RET00455,ORD007932,12-02-2025,Quality Issue,Refunded,1050,
RET00456,ORD028194,01-04-2025,Damaged,Refunded,12170,
RET00457,ORD027274,18-07-2025,Damaged,Refunded,25306,
RET00458,ORD027438,05-12-2024,Size/Fit Issue,Refunded,8310,
RET00459,ORD015768,02-09-2024,Wrong Item,Processing,21424,
RET00460,ORD023501,28-01-2024,Size/Fit Issue,Refunded,21405,
RET00461,ORD011670,11-03-2024,Quality Issue,Refunded,64761,
RET00462,ORD012326,04-04-2025,Quality Issue,Refunded,63864,
RET00463,ORD000461,23-11-2025,Damaged,Refunded,10376,
RET00464,ORD016504,12-03-2024,Damaged,Processing,4280,
RET00465,ORD029617,12-08-2024,Size/Fit Issue,Refunded,28283,
RET00466,ORD009147,21-01-2026,Size/Fit Issue,Refunded,5564,
RET00467,ORD011278,18-05-2024,Changed Mind,Refunded,51943,
RET00468,ORD027205,08-06-2026,Damaged,Refunded,2600,
RET00469,ORD009455,18-07-2026,Damaged,Refunded,3798,
RET00470,ORD029445,24-03-2025,Quality Issue,Refunded,26797,
RET00471,ORD010164,19-05-2025,Damaged,Processing,3984,
RET00472,ORD015179,28-08-2025,Size/Fit Issue,Refunded,60886,
RET00473,ORD006705,08-09-2025,Changed Mind,Refunded,24588,
RET00474,ORD016678,06-06-2026,Quality Issue,Refunded,10227,
RET00475,ORD013313,22-01-2024,Wrong Item,Refunded,9482,
RET00476,ORD022453,20-07-2025,Size/Fit Issue,Refunded,12767,
RET00477,ORD005085,29-07-2026,Quality Issue,Processing,17802,
RET00478,ORD014595,16-08-2026,Quality Issue,Processing,28731,
RET00479,ORD011960,03-05-2025,Changed Mind,Refunded,32157,
RET00480,ORD001694,16-04-2025,Damaged,Refunded,16784,
RET00481,ORD016930,11-06-2025,Wrong Item,Processing,1758,
RET00482,ORD008069,29-01-2025,Quality Issue,Refunded,5523,
RET00483,ORD023050,22-09-2024,Changed Mind,Refunded,13505,
RET00484,ORD025149,15-11-2025,Size/Fit Issue,Refunded,31491,
RET00485,ORD020871,18-08-2026,Wrong Item,Refunded,9405,
RET00486,ORD018641,25-05-2024,Damaged,Refunded,13483,
RET00487,ORD015109,15-04-2024,Changed Mind,Refunded,26188,
RET00488,ORD011548,02-06-2026,Late Delivery,Refunded,57979,
RET00489,ORD015212,05-06-2025,Size/Fit Issue,Refunded,19096,
RET00490,ORD012313,23-08-2025,Wrong Item,Refunded,9621,
RET00491,ORD012119,17-08-2025,Size/Fit Issue,Refunded,12730,
RET00492,ORD004430,31-10-2025,Changed Mind,Refunded,8554,
RET00493,ORD000193,07-05-2025,Size/Fit Issue,Refunded,1119,
RET00494,ORD015439,10-11-2024,Changed Mind,Refunded,25143,
RET00495,ORD012975,25-05-2026,Damaged,Refunded,456,
RET00496,ORD013228,22-05-2025,Damaged,Processing,23625,
RET00497,ORD016301,22-07-2026,Changed Mind,Refunded,8619,
RET00498,ORD006633,03-07-2024,Quality Issue,Refunded,3790,
RET00499,ORD006371,30-01-2024,Late Delivery,Refunded,8563,
RET00500,ORD003144,14-07-2026,Damaged,Refunded,590,
RET00501,ORD020147,18-07-2026,Wrong Item,Refunded,23562,
RET00502,ORD012146,30-01-2024,Size/Fit Issue,Refunded,4069,
RET00503,ORD010290,23-07-2024,Quality Issue,Refunded,36486,
RET00504,ORD016274,23-08-2026,Changed Mind,Refunded,5087,
RET00505,ORD017508,12-06-2026,Damaged,Refunded,26195,
RET00506,ORD025435,07-08-2024,Size/Fit Issue,Refunded,32711,
RET00507,ORD005017,16-04-2024,Size/Fit Issue,Refunded,9609,
RET00508,ORD024704,01-12-2025,Changed Mind,Refunded,40871,
RET00509,ORD005390,13-08-2024,Damaged,Processing,3248,
RET00510,ORD015678,06-05-2025,Size/Fit Issue,Processing,2999,
RET00511,ORD013822,06-11-2024,Changed Mind,Processing,22394,
RET00512,ORD001595,19-02-2024,Changed Mind,Refunded,63875,
RET00513,ORD017878,07-06-2026,Changed Mind,Refunded,19228,
RET00514,ORD014726,18-03-2025,Size/Fit Issue,Refunded,44403,
RET00515,ORD003983,29-08-2026,Size/Fit Issue,Refunded,2165,
RET00516,ORD002662,08-09-2026,Late Delivery,Processing,38259,
RET00517,ORD018623,23-05-2025,Quality Issue,Processing,20034,
RET00518,ORD023460,05-07-2025,Size/Fit Issue,Processing,11995,
RET00519,ORD003573,03-03-2025,Late Delivery,Processing,39738,
RET00520,ORD023675,28-06-2024,Late Delivery,Refunded,244,
RET00521,ORD014797,06-05-2024,Damaged,Refunded,14002,
RET00522,ORD009493,25-08-2025,Damaged,Refunded,23803,
RET00523,ORD023282,03-05-2026,Wrong Item,Refunded,9398,
RET00524,ORD020036,26-12-2024,Size/Fit Issue,Refunded,5726,
RET00525,ORD016374,21-10-2025,Changed Mind,Refunded,36020,
RET00526,ORD005914,11-02-2026,Quality Issue,Refunded,13550,
RET00527,ORD012918,22-07-2025,Changed Mind,Refunded,19538,
RET00528,ORD008956,10-02-2026,Wrong Item,Processing,34799,
RET00529,ORD005881,14-10-2024,Damaged,Refunded,11483,
RET00530,ORD015098,09-04-2025,Quality Issue,Processing,18441,
RET00531,ORD020932,28-10-2024,Damaged,Refunded,9854,
RET00532,ORD028336,23-06-2025,Wrong Item,Processing,13964,
RET00533,ORD027904,03-01-2026,Quality Issue,Refunded,19623,
RET00534,ORD014596,07-07-2026,Changed Mind,Processing,23041,
RET00535,ORD026701,18-12-2025,Damaged,Processing,7266,
RET00536,ORD028139,15-11-2025,Changed Mind,Refunded,11528,
RET00537,ORD026107,01-08-2026,Wrong Item,Refunded,35201,
RET00538,ORD017547,07-12-2025,Damaged,Refunded,43842,
RET00539,ORD014172,03-02-2026,Changed Mind,Refunded,19807,
RET00540,ORD013862,19-08-2026,Damaged,Refunded,19166,
RET00541,ORD026495,09-09-2025,Changed Mind,Refunded,6816,
RET00542,ORD023863,26-07-2026,Late Delivery,Processing,7679,
RET00543,ORD002238,12-06-2025,Damaged,Refunded,39155,
RET00544,ORD011623,08-06-2025,Quality Issue,Refunded,15377,
RET00545,ORD027268,25-01-2025,Size/Fit Issue,Refunded,9473,
RET00546,ORD014710,23-08-2024,Quality Issue,Refunded,1645,
RET00547,ORD027769,05-09-2026,Size/Fit Issue,Refunded,12649,
RET00548,ORD023284,19-08-2025,Damaged,Refunded,12414,
RET00549,ORD014590,29-03-2025,Damaged,Refunded,11995,
RET00550,ORD021021,29-01-2026,Quality Issue,Refunded,985,
RET00551,ORD008921,19-09-2025,Quality Issue,Refunded,5938,
RET00552,ORD012771,22-01-2025,Late Delivery,Refunded,7688,
RET00553,ORD012220,20-11-2025,Wrong Item,Refunded,7268,
RET00554,ORD028173,16-02-2025,Quality Issue,Refunded,11448,
RET00555,ORD010292,25-06-2026,Quality Issue,Refunded,40095,
RET00556,ORD009756,03-08-2025,Size/Fit Issue,Processing,10457,
RET00557,ORD013271,12-02-2024,Size/Fit Issue,Refunded,7339,
RET00558,ORD007823,02-07-2024,Size/Fit Issue,Refunded,19771,
RET00559,ORD007754,14-07-2026,Size/Fit Issue,Refunded,4809,
RET00560,ORD020827,23-02-2024,Changed Mind,Refunded,3776,
RET00561,ORD015299,24-02-2025,Size/Fit Issue,Refunded,4613,
RET00562,ORD025227,12-04-2025,Damaged,Refunded,28597,
RET00563,ORD026893,17-10-2025,Quality Issue,Refunded,13754,
RET00564,ORD024802,03-03-2024,Wrong Item,Refunded,18634,
RET00565,ORD028428,27-12-2024,Quality Issue,Processing,6874,
RET00566,ORD010661,26-12-2025,Changed Mind,Refunded,7046,
RET00567,ORD024266,04-02-2025,Late Delivery,Refunded,20822,
RET00568,ORD018101,08-06-2025,Changed Mind,Processing,18911,
RET00569,ORD019625,23-08-2025,Changed Mind,Refunded,6889,
RET00570,ORD015612,04-09-2024,Late Delivery,Refunded,16312,
RET00571,ORD024738,07-01-2026,Damaged,Refunded,16817,
RET00572,ORD027161,24-02-2024,Size/Fit Issue,Refunded,25242,
RET00573,ORD001121,09-06-2024,Changed Mind,Refunded,15270,
RET00574,ORD021408,16-04-2026,Changed Mind,Refunded,1186,
RET00575,ORD017666,06-11-2024,Changed Mind,Refunded,22221,
RET00576,ORD017249,16-10-2024,Changed Mind,Refunded,12347,
RET00577,ORD000852,03-02-2024,Wrong Item,Refunded,2196,
RET00578,ORD015536,31-12-2024,Changed Mind,Processing,26954,
RET00579,ORD019862,01-08-2024,Wrong Item,Processing,15406,
RET00580,ORD013901,03-05-2025,Changed Mind,Processing,2005,
RET00581,ORD027909,09-01-2026,Size/Fit Issue,Processing,17196,
RET00582,ORD003375,14-06-2025,Changed Mind,Refunded,11062,
RET00583,ORD017064,24-11-2024,Changed Mind,Refunded,3278,
RET00584,ORD001129,12-04-2025,Late Delivery,Refunded,6602,
RET00585,ORD008384,11-09-2024,Size/Fit Issue,Refunded,2639,
RET00586,ORD006723,19-01-2024,Wrong Item,Refunded,1318,
RET00587,ORD005934,22-09-2026,Quality Issue,Refunded,28567,
RET00588,ORD024277,30-01-2026,Late Delivery,Refunded,14100,
RET00589,ORD008836,15-03-2024,Changed Mind,Refunded,29855,
RET00590,ORD003088,26-08-2026,Size/Fit Issue,Refunded,20941,
RET00591,ORD007636,20-02-2026,Quality Issue,Refunded,24759,
RET00592,ORD011371,30-07-2024,Changed Mind,Refunded,38157,
RET00593,ORD017331,03-08-2024,Size/Fit Issue,Refunded,18473,
RET00594,ORD011643,30-03-2025,Wrong Item,Refunded,2255,
RET00595,ORD015043,30-09-2025,Wrong Item,Refunded,581,
RET00596,ORD029512,27-08-2024,Late Delivery,Refunded,3522,
RET00597,ORD002011,02-08-2025,Quality Issue,Refunded,19001,
RET00598,ORD026830,10-03-2026,Late Delivery,Refunded,1179,
RET00599,ORD011797,03-08-2025,Size/Fit Issue,Refunded,30352,
RET00600,ORD029406,23-02-2025,Damaged,Refunded,8702,
RET00601,ORD018118,01-08-2025,Damaged,Refunded,18008,
RET00602,ORD016040,26-07-2024,Size/Fit Issue,Refunded,2159,
RET00603,ORD019797,02-11-2024,Changed Mind,Refunded,25664,
RET00604,ORD017166,12-01-2024,Size/Fit Issue,Refunded,11673,
RET00605,ORD002366,27-01-2024,Late Delivery,Refunded,1831,
RET00606,ORD014130,18-02-2024,Quality Issue,Processing,26944,
RET00607,ORD000785,27-03-2024,Size/Fit Issue,Refunded,10861,
RET00608,ORD004211,27-06-2026,Size/Fit Issue,Refunded,21902,
RET00609,ORD017661,14-04-2025,Damaged,Processing,4487,
RET00610,ORD001587,23-06-2026,Changed Mind,Refunded,7926,
RET00611,ORD002835,24-12-2024,Damaged,Refunded,18281,
RET00612,ORD015471,27-02-2024,Changed Mind,Refunded,32700,
RET00613,ORD004185,09-12-2025,Size/Fit Issue,Refunded,18561,
RET00614,ORD014555,19-04-2024,Quality Issue,Refunded,18313,
RET00615,ORD005323,24-01-2026,Size/Fit Issue,Refunded,10752,
RET00616,ORD006122,09-12-2024,Changed Mind,Refunded,18290,
RET00617,ORD019840,27-07-2024,Damaged,Processing,27673,
RET00618,ORD005574,17-09-2026,Changed Mind,Refunded,31644,
RET00619,ORD026045,26-10-2024,Size/Fit Issue,Processing,24850,
RET00620,ORD024795,07-06-2024,Changed Mind,Refunded,30672,
RET00621,ORD028903,08-06-2025,Late Delivery,Refunded,3956,
RET00622,ORD016907,22-04-2024,Size/Fit Issue,Refunded,19618,
RET00623,ORD005427,23-07-2026,Damaged,Refunded,5471,
RET00624,ORD024665,22-02-2024,Quality Issue,Refunded,5806,
RET00625,ORD017377,30-08-2025,Late Delivery,Refunded,9420,
RET00626,ORD002389,10-08-2024,Size/Fit Issue,Refunded,16427,
RET00627,ORD029999,14-03-2025,Size/Fit Issue,Refunded,34221,
RET00628,ORD021991,30-12-2024,Size/Fit Issue,Refunded,5628,
RET00629,ORD008328,21-11-2025,Late Delivery,Refunded,26429,
RET00630,ORD001048,23-06-2025,Damaged,Refunded,3473,
RET00631,ORD006557,27-10-2024,Quality Issue,Refunded,5724,
RET00632,ORD012858,17-06-2026,Size/Fit Issue,Refunded,8959,
RET00633,ORD009598,27-01-2026,Changed Mind,Refunded,8106,
RET00634,ORD013724,18-04-2024,Changed Mind,Refunded,25662,
RET00635,ORD023252,27-05-2025,Damaged,Refunded,15571,
RET00636,ORD019200,21-02-2025,Quality Issue,Refunded,5256,
RET00637,ORD010271,20-06-2025,Quality Issue,Refunded,2177,
RET00638,ORD019115,26-05-2026,Size/Fit Issue,Refunded,4165,
RET00639,ORD013888,10-01-2026,Damaged,Refunded,13356,
RET00640,ORD026278,07-01-2024,Quality Issue,Refunded,3124,
RET00641,ORD029294,07-03-2026,Quality Issue,Refunded,10232,
RET00642,ORD021271,11-11-2024,Size/Fit Issue,Refunded,20886,
RET00643,ORD028350,13-05-2026,Quality Issue,Refunded,1770,
RET00644,ORD017973,14-01-2026,Damaged,Refunded,4463,
RET00645,ORD029622,31-05-2024,Quality Issue,Refunded,12387,
RET00646,ORD005381,22-02-2024,Quality Issue,Refunded,3106,
RET00647,ORD015592,01-07-2024,Wrong Item,Refunded,11339,
RET00648,ORD019275,22-12-2024,Changed Mind,Refunded,53749,
RET00649,ORD022222,12-09-2025,Changed Mind,Processing,23578,
RET00650,ORD009290,17-08-2024,Changed Mind,Refunded,14098,
RET00651,ORD022573,09-05-2024,Wrong Item,Refunded,9800,
RET00652,ORD016561,14-01-2026,Quality Issue,Refunded,12427,
RET00653,ORD000706,05-04-2024,Damaged,Refunded,1723,
RET00654,ORD018709,08-03-2024,Damaged,Refunded,3417,
RET00655,ORD029831,18-06-2026,Damaged,Refunded,1272,
RET00656,ORD002291,31-05-2024,Damaged,Refunded,9441,
RET00657,ORD026006,07-03-2024,Late Delivery,Refunded,25638,
RET00658,ORD024623,11-08-2024,Size/Fit Issue,Refunded,2028,
RET00659,ORD003256,22-12-2024,Size/Fit Issue,Refunded,15198,
RET00660,ORD013510,14-02-2026,Wrong Item,Refunded,25977,
RET00661,ORD029777,02-11-2025,Wrong Item,Refunded,14226,
RET00662,ORD026242,31-07-2025,Quality Issue,Refunded,21840,
RET00663,ORD005826,29-11-2024,Quality Issue,Processing,17329,
RET00664,ORD027635,18-09-2024,Damaged,Refunded,8031,
RET00665,ORD014289,31-12-2025,Damaged,Refunded,2088,
RET00666,ORD000180,15-07-2026,Wrong Item,Refunded,36345,
RET00667,ORD013790,16-03-2024,Wrong Item,Refunded,15700,
RET00668,ORD021303,27-11-2024,Damaged,Refunded,1971,
RET00669,ORD011481,20-11-2024,Size/Fit Issue,Refunded,29215,
RET00670,ORD021798,27-03-2025,Wrong Item,Refunded,7107,
RET00671,ORD001214,17-02-2025,Wrong Item,Refunded,1505,
RET00672,ORD008432,03-01-2026,Changed Mind,Refunded,4338,
RET00673,ORD021644,25-07-2024,Size/Fit Issue,Refunded,27011,
RET00674,ORD008684,15-05-2026,Changed Mind,Refunded,20520,
RET00675,ORD026975,05-06-2025,Changed Mind,Refunded,6713,
RET00676,ORD002064,28-07-2024,Changed Mind,Refunded,25268,
RET00677,ORD021208,30-03-2024,Damaged,Refunded,24676,
RET00678,ORD024176,14-07-2025,Quality Issue,Refunded,10324,
RET00679,ORD006833,13-10-2024,Wrong Item,Refunded,27852,
RET00680,ORD026003,08-05-2024,Size/Fit Issue,Refunded,2210,
RET00681,ORD029404,31-10-2025,Size/Fit Issue,Refunded,9729,
RET00682,ORD019986,22-06-2025,Quality Issue,Refunded,11152,
RET00683,ORD001117,16-08-2024,Quality Issue,Refunded,21236,
RET00684,ORD023012,28-02-2026,Size/Fit Issue,Processing,2866,
RET00685,ORD009249,14-11-2024,Quality Issue,Refunded,11239,
RET00686,ORD006911,20-04-2025,Quality Issue,Refunded,23593,
RET00687,ORD019734,05-05-2026,Late Delivery,Refunded,19291,
RET00688,ORD016725,10-12-2025,Size/Fit Issue,Refunded,17782,
RET00689,ORD015351,11-05-2024,Wrong Item,Refunded,5608,
RET00690,ORD004290,02-08-2025,Damaged,Refunded,23150,
RET00691,ORD025714,24-05-2025,Size/Fit Issue,Refunded,5132,
RET00692,ORD003306,21-08-2024,Wrong Item,Processing,17422,
RET00693,ORD022988,26-07-2024,Damaged,Processing,25239,
RET00694,ORD015382,21-01-2026,Wrong Item,Processing,18938,
RET00695,ORD015323,11-08-2026,Quality Issue,Refunded,11257,
RET00696,ORD012340,29-07-2024,Size/Fit Issue,Refunded,20024,
RET00697,ORD020646,08-01-2025,Changed Mind,Refunded,14521,
RET00698,ORD014733,19-10-2025,Late Delivery,Refunded,2559,
RET00699,ORD001228,05-11-2024,Changed Mind,Refunded,7583,
RET00700,ORD021092,04-05-2025,Damaged,Processing,16425,
RET00701,ORD028721,01-03-2025,Size/Fit Issue,Refunded,38567,
RET00702,ORD011783,07-09-2026,Damaged,Refunded,33997,
RET00703,ORD000037,25-12-2025,Size/Fit Issue,Refunded,12782,
RET00704,ORD015990,15-07-2024,Wrong Item,Refunded,33910,
RET00705,ORD011195,01-04-2026,Damaged,Refunded,1589,
RET00706,ORD029977,31-07-2024,Quality Issue,Refunded,23214,
RET00707,ORD016567,26-02-2025,Damaged,Refunded,43838,
RET00708,ORD024522,03-08-2026,Quality Issue,Refunded,3967,
RET00709,ORD000481,11-06-2025,Damaged,Refunded,51718,
RET00710,ORD009892,01-01-2026,Quality Issue,Refunded,9950,
RET00711,ORD007047,12-07-2026,Quality Issue,Refunded,5386,
RET00712,ORD022538,15-05-2025,Damaged,Processing,33223,
RET00713,ORD011656,20-11-2024,Changed Mind,Refunded,39384,
RET00714,ORD022673,17-05-2025,Wrong Item,Refunded,10397,
RET00715,ORD019806,05-04-2024,Changed Mind,Refunded,11453,
RET00716,ORD003319,03-04-2026,Size/Fit Issue,Processing,22617,
RET00717,ORD019984,26-02-2026,Damaged,Refunded,15132,
RET00718,ORD002760,02-04-2024,Wrong Item,Refunded,6067,
RET00719,ORD014841,02-03-2024,Size/Fit Issue,Refunded,31341,
RET00720,ORD022784,11-07-2024,Quality Issue,Refunded,3632,
RET00721,ORD011116,09-08-2025,Quality Issue,Refunded,8344,
RET00722,ORD026988,19-08-2026,Damaged,Refunded,9377,
RET00723,ORD001648,22-03-2024,Quality Issue,Refunded,6415,
RET00724,ORD022032,07-12-2024,Changed Mind,Refunded,9261,
RET00725,ORD019329,26-04-2024,Changed Mind,Refunded,13189,
RET00726,ORD006180,19-10-2024,Changed Mind,Refunded,8013,
RET00727,ORD022274,17-06-2024,Damaged,Processing,8646,
RET00728,ORD005756,18-09-2025,Damaged,Refunded,27089,
RET00729,ORD014959,23-05-2024,Changed Mind,Refunded,7735,
RET00730,ORD006473,22-02-2025,Quality Issue,Refunded,20544,
RET00731,ORD002388,24-02-2024,Changed Mind,Refunded,22996,
RET00732,ORD004096,07-10-2024,Late Delivery,Refunded,6422,
RET00733,ORD013979,02-01-2026,Wrong Item,Refunded,8472,
RET00734,ORD002342,18-08-2026,Changed Mind,Refunded,7484,
RET00735,ORD016387,07-10-2024,Damaged,Refunded,2687,
RET00736,ORD016812,03-04-2024,Wrong Item,Refunded,9662,
RET00737,ORD027151,01-06-2025,Late Delivery,Processing,2479,
RET00738,ORD002080,27-08-2026,Quality Issue,Refunded,12580,
RET00739,ORD015221,04-06-2024,Size/Fit Issue,Processing,23056,
RET00740,ORD004871,11-06-2026,Size/Fit Issue,Processing,2576,
RET00741,ORD015173,30-06-2025,Size/Fit Issue,Refunded,16802,
RET00742,ORD017735,18-02-2026,Quality Issue,Refunded,8478,
RET00743,ORD014965,07-03-2025,Size/Fit Issue,Refunded,3074,
RET00744,ORD016269,20-04-2025,Size/Fit Issue,Refunded,23699,
RET00745,ORD023436,20-02-2025,Damaged,Refunded,13256,
RET00746,ORD015101,14-02-2025,Quality Issue,Refunded,17743,
RET00747,ORD018520,08-06-2024,Quality Issue,Refunded,15186,
RET00748,ORD002153,14-10-2024,Late Delivery,Refunded,12085,
RET00749,ORD004478,07-05-2025,Changed Mind,Refunded,7392,
RET00750,ORD000097,28-02-2025,Changed Mind,Refunded,20839,
RET00751,ORD019563,02-12-2024,Changed Mind,Refunded,31403,
RET00752,ORD028270,24-05-2025,Late Delivery,Refunded,48786,
RET00753,ORD015704,14-01-2026,Changed Mind,Refunded,29901,
RET00754,ORD022670,06-08-2025,Quality Issue,Refunded,34847,
RET00755,ORD015129,06-09-2025,Changed Mind,Refunded,6452,
RET00756,ORD018112,26-06-2025,Quality Issue,Refunded,40048,
RET00757,ORD010485,16-01-2025,Late Delivery,Refunded,4503,
RET00758,ORD008584,16-01-2025,Changed Mind,Refunded,6997,
RET00759,ORD019624,25-08-2025,Wrong Item,Refunded,14022,
RET00760,ORD004619,03-05-2025,Size/Fit Issue,Refunded,38175,
RET00761,ORD002411,18-05-2025,Changed Mind,Refunded,8712,
RET00762,ORD004237,16-02-2024,Size/Fit Issue,Refunded,23920,
RET00763,ORD000328,02-09-2026,Changed Mind,Refunded,19214,
RET00764,ORD015851,28-08-2024,Size/Fit Issue,Refunded,31183,
RET00765,ORD023530,16-06-2025,Quality Issue,Refunded,10393,
RET00766,ORD015420,19-05-2025,Changed Mind,Refunded,5919,
RET00767,ORD004643,19-03-2024,Size/Fit Issue,Refunded,2053,
RET00768,ORD020366,12-04-2024,Size/Fit Issue,Refunded,2389,
RET00769,ORD023884,21-03-2026,Wrong Item,Refunded,577,
RET00770,ORD025540,10-04-2025,Wrong Item,Refunded,3343,
RET00771,ORD002670,03-04-2026,Size/Fit Issue,Refunded,3287,
RET00772,ORD014057,15-04-2024,Size/Fit Issue,Refunded,1635,
RET00773,ORD018672,21-03-2026,Quality Issue,Processing,9807,
RET00774,ORD006866,14-01-2026,Changed Mind,Refunded,16558,
RET00775,ORD027427,14-11-2024,Damaged,Refunded,14569,
RET00776,ORD014342,09-03-2025,Size/Fit Issue,Processing,20135,
RET00777,ORD007380,31-08-2024,Damaged,Refunded,2398,
RET00778,ORD017871,05-04-2025,Damaged,Refunded,10172,
RET00779,ORD010006,06-09-2026,Late Delivery,Refunded,14090,
RET00780,ORD006980,21-01-2025,Size/Fit Issue,Refunded,31484,
RET00781,ORD011026,05-01-2025,Quality Issue,Processing,12722,
RET00782,ORD015803,12-06-2024,Size/Fit Issue,Refunded,19604,
RET00783,ORD014851,11-08-2026,Quality Issue,Refunded,596,
RET00784,ORD025624,11-05-2026,Size/Fit Issue,Refunded,9881,
RET00785,ORD028966,31-12-2024,Late Delivery,Refunded,4659,
RET00786,ORD021703,24-05-2025,Quality Issue,Refunded,15022,
RET00787,ORD024054,06-06-2026,Size/Fit Issue,Refunded,14954,
RET00788,ORD016426,08-05-2025,Quality Issue,Refunded,15565,
RET00789,ORD013918,09-06-2026,Size/Fit Issue,Refunded,10469,
RET00790,ORD022339,04-08-2024,Changed Mind,Refunded,22079,
RET00791,ORD006869,18-04-2026,Wrong Item,Processing,3590,
RET00792,ORD003698,22-04-2024,Late Delivery,Processing,25454,
RET00793,ORD002999,25-12-2025,Late Delivery,Refunded,14172,
RET00794,ORD027390,06-04-2024,Quality Issue,Processing,8167,
RET00795,ORD028667,07-11-2025,Size/Fit Issue,Refunded,36364,
RET00796,ORD011445,20-07-2026,Size/Fit Issue,Refunded,14975,
RET00797,ORD008859,07-07-2025,Size/Fit Issue,Refunded,23190,
RET00798,ORD018005,25-09-2025,Late Delivery,Refunded,37943,
RET00799,ORD028700,16-03-2025,Size/Fit Issue,Processing,24176,
RET00800,ORD013444,26-06-2025,Wrong Item,Refunded,18259,
RET00801,ORD000606,20-04-2024,Quality Issue,Refunded,28731,
RET00802,ORD019919,29-06-2024,Damaged,Refunded,2286,
RET00803,ORD025948,27-03-2024,Wrong Item,Refunded,16873,
RET00804,ORD016496,27-06-2024,Changed Mind,Refunded,32504,
RET00805,ORD010352,24-04-2026,Quality Issue,Refunded,16142,
RET00806,ORD005689,01-02-2024,Changed Mind,Refunded,9268,
RET00807,ORD012994,22-09-2025,Changed Mind,Refunded,35519,
RET00808,ORD029560,23-02-2026,Wrong Item,Refunded,84736,
RET00809,ORD025438,31-01-2024,Quality Issue,Refunded,3474,
RET00810,ORD018226,25-09-2025,Wrong Item,Refunded,27143,
RET00811,ORD024932,30-04-2024,Size/Fit Issue,Refunded,55571,
RET00812,ORD004658,22-06-2025,Changed Mind,Refunded,28625,
RET00813,ORD020142,16-01-2026,Wrong Item,Refunded,18644,
RET00814,ORD025217,16-08-2024,Late Delivery,Refunded,27333,
RET00815,ORD020544,16-09-2025,Quality Issue,Refunded,13619,
RET00816,ORD010044,08-06-2024,Damaged,Refunded,14370,
RET00817,ORD014194,17-11-2025,Changed Mind,Refunded,28890,
RET00818,ORD009111,23-03-2025,Quality Issue,Processing,16423,
RET00819,ORD002713,30-12-2025,Wrong Item,Refunded,25017,
RET00820,ORD005884,09-06-2024,Quality Issue,Refunded,10850,
RET00821,ORD023164,13-11-2024,Changed Mind,Refunded,20804,
RET00822,ORD002099,09-12-2025,Wrong Item,Refunded,20373,
RET00823,ORD026444,21-03-2024,Size/Fit Issue,Refunded,7478,
RET00824,ORD004831,14-02-2026,Damaged,Refunded,8239,
RET00825,ORD003819,21-09-2026,Wrong Item,Processing,25349,
RET00826,ORD022662,23-01-2025,Damaged,Refunded,8318,
RET00827,ORD005042,21-06-2026,Quality Issue,Refunded,14068,
RET00828,ORD019310,13-05-2024,Size/Fit Issue,Refunded,5040,
RET00829,ORD025841,23-05-2025,Quality Issue,Refunded,75875,
RET00830,ORD010524,17-04-2024,Changed Mind,Refunded,4517,
RET00831,ORD007434,07-08-2025,Damaged,Refunded,8998,
RET00832,ORD004140,06-10-2025,Changed Mind,Refunded,4970,
RET00833,ORD006252,22-11-2025,Quality Issue,Refunded,23081,
RET00834,ORD026759,14-07-2024,Changed Mind,Refunded,2050,
RET00835,ORD014901,14-09-2025,Late Delivery,Processing,2663,
RET00836,ORD016031,29-06-2025,Changed Mind,Refunded,18989,
RET00837,ORD028115,15-09-2024,Damaged,Refunded,8694,
RET00838,ORD027177,20-04-2025,Changed Mind,Refunded,14299,
RET00839,ORD005269,23-08-2024,Quality Issue,Refunded,26729,
RET00840,ORD029553,29-01-2025,Quality Issue,Refunded,9694,
RET00841,ORD022095,24-11-2024,Quality Issue,Refunded,24440,
RET00842,ORD027707,14-05-2025,Damaged,Processing,9594,
RET00843,ORD019512,22-07-2025,Late Delivery,Refunded,6423,
RET00844,ORD019875,27-11-2025,Wrong Item,Refunded,20525,
RET00845,ORD016101,24-08-2026,Wrong Item,Processing,17521,
RET00846,ORD015443,10-11-2024,Damaged,Refunded,13087,
RET00847,ORD028201,06-04-2025,Damaged,Refunded,27779,
RET00848,ORD003913,08-02-2025,Quality Issue,Refunded,14317,
RET00849,ORD010262,18-08-2024,Quality Issue,Refunded,2643,
RET00850,ORD021093,19-06-2026,Damaged,Processing,19188,
RET00851,ORD029138,22-02-2026,Size/Fit Issue,Refunded,7157,
RET00852,ORD002083,23-03-2026,Changed Mind,Refunded,2550,
RET00853,ORD006782,15-05-2025,Changed Mind,Refunded,26693,
RET00854,ORD026262,02-03-2024,Damaged,Refunded,3620,
RET00855,ORD011878,26-05-2024,Quality Issue,Refunded,1993,
RET00856,ORD005061,03-09-2024,Quality Issue,Refunded,2898,
RET00857,ORD005309,16-05-2025,Size/Fit Issue,Refunded,26362,
RET00858,ORD026190,05-07-2024,Size/Fit Issue,Refunded,369,
RET00859,ORD006021,05-08-2026,Size/Fit Issue,Refunded,30325,
RET00860,ORD018415,17-10-2025,Wrong Item,Refunded,18572,
RET00861,ORD000319,15-01-2026,Size/Fit Issue,Refunded,4801,
RET00862,ORD019149,19-01-2026,Late Delivery,Refunded,33267,
RET00863,ORD029016,16-04-2025,Late Delivery,Refunded,3263,
RET00864,ORD014099,05-02-2026,Size/Fit Issue,Refunded,23073,
RET00865,ORD026085,01-07-2025,Damaged,Refunded,22613,
RET00866,ORD028143,20-10-2025,Changed Mind,Refunded,6100,
RET00867,ORD026829,11-06-2025,Damaged,Refunded,21759,
RET00868,ORD029768,27-10-2025,Size/Fit Issue,Refunded,26429,
RET00869,ORD023175,17-07-2024,Size/Fit Issue,Refunded,14965,
RET00870,ORD009021,18-09-2024,Size/Fit Issue,Refunded,15387,
RET00871,ORD011166,19-12-2025,Changed Mind,Refunded,18066,
RET00872,ORD019432,23-07-2024,Quality Issue,Refunded,48348,
RET00873,ORD023418,16-11-2025,Size/Fit Issue,Refunded,17362,
RET00874,ORD008977,15-08-2024,Damaged,Refunded,31410,
RET00875,ORD024771,10-06-2025,Damaged,Refunded,15099,
RET00876,ORD016002,30-06-2026,Quality Issue,Refunded,8406,
RET00877,ORD019895,04-05-2024,Quality Issue,Refunded,7393,
RET00878,ORD014632,13-09-2025,Wrong Item,Refunded,10018,
RET00879,ORD009560,16-12-2024,Quality Issue,Processing,20322,
RET00880,ORD019356,26-01-2024,Changed Mind,Processing,51851,
RET00881,ORD026563,23-09-2024,Size/Fit Issue,Refunded,37652,
RET00882,ORD007484,28-05-2024,Changed Mind,Processing,6687,
RET00883,ORD017071,23-06-2025,Wrong Item,Refunded,8278,
RET00884,ORD002473,21-05-2026,Size/Fit Issue,Refunded,10716,
RET00885,ORD013250,16-03-2026,Late Delivery,Refunded,27705,
RET00886,ORD003750,21-05-2024,Late Delivery,Refunded,15453,
RET00887,ORD027020,23-05-2025,Quality Issue,Refunded,18935,
RET00888,ORD024539,25-01-2026,Damaged,Refunded,17302,
RET00889,ORD023570,23-07-2026,Changed Mind,Processing,23555,
RET00890,ORD007558,23-09-2025,Damaged,Refunded,13568,
RET00891,ORD018649,28-01-2024,Late Delivery,Processing,34159,
RET00892,ORD029736,19-08-2024,Wrong Item,Refunded,6252,
RET00893,ORD025448,21-08-2024,Changed Mind,Processing,17752,
RET00894,ORD010084,09-05-2026,Quality Issue,Refunded,2033,
RET00895,ORD023152,13-04-2025,Wrong Item,Refunded,1261,
RET00896,ORD028437,25-05-2026,Late Delivery,Refunded,25754,
RET00897,ORD028812,13-03-2025,Changed Mind,Refunded,35520,
RET00898,ORD011722,05-02-2025,Wrong Item,Refunded,6592,
RET00899,ORD017620,03-10-2024,Damaged,Processing,4802,
RET00900,ORD011636,10-06-2025,Damaged,Refunded,3812,
RET00901,ORD029523,23-02-2024,Size/Fit Issue,Refunded,24099,
RET00902,ORD022696,27-04-2024,Size/Fit Issue,Refunded,11333,
RET00903,ORD027895,27-11-2024,Changed Mind,Processing,13432,
RET00904,ORD008642,13-11-2025,Changed Mind,Refunded,13319,
RET00905,ORD019819,16-09-2024,Quality Issue,Refunded,5775,
RET00906,ORD003737,27-12-2024,Damaged,Refunded,24774,
RET00907,ORD014610,08-08-2025,Wrong Item,Refunded,20425,
RET00908,ORD014193,17-03-2025,Damaged,Refunded,2731,
RET00909,ORD016509,18-01-2024,Quality Issue,Refunded,19584,
RET00910,ORD021277,30-06-2026,Changed Mind,Refunded,37741,
RET00911,ORD007591,02-02-2024,Size/Fit Issue,Refunded,45424,
RET00912,ORD022094,10-01-2025,Size/Fit Issue,Refunded,4179,
RET00913,ORD025303,21-06-2024,Late Delivery,Refunded,25574,
RET00914,ORD010408,27-02-2024,Damaged,Refunded,10558,
RET00915,ORD016193,18-06-2026,Wrong Item,Refunded,20641,
RET00916,ORD004404,12-05-2026,Size/Fit Issue,Refunded,8533,
RET00917,ORD023576,22-05-2024,Changed Mind,Refunded,11137,
RET00918,ORD006018,11-08-2026,Wrong Item,Refunded,17354,
RET00919,ORD003619,04-10-2024,Damaged,Refunded,18182,
RET00920,ORD003035,05-05-2025,Wrong Item,Refunded,15245,
RET00921,ORD014171,28-12-2024,Changed Mind,Refunded,26339,
RET00922,ORD025482,09-01-2025,Late Delivery,Refunded,2523,
RET00923,ORD007298,15-03-2024,Damaged,Refunded,9147,
RET00924,ORD016256,08-09-2025,Damaged,Refunded,26585,
RET00925,ORD022480,08-02-2025,Damaged,Refunded,30989,
RET00926,ORD025212,23-09-2025,Quality Issue,Refunded,8568,
RET00927,ORD028813,26-08-2025,Changed Mind,Refunded,9687,
RET00928,ORD002975,27-08-2024,Damaged,Refunded,10685,
RET00929,ORD014328,06-06-2025,Quality Issue,Refunded,32576,
RET00930,ORD015288,07-02-2026,Damaged,Refunded,20321,
RET00931,ORD023114,15-07-2024,Size/Fit Issue,Refunded,22646,
RET00932,ORD005286,18-03-2024,Size/Fit Issue,Refunded,25051,
RET00933,ORD010430,21-08-2024,Size/Fit Issue,Refunded,14332,
RET00934,ORD016969,26-05-2024,Damaged,Refunded,13190,
RET00935,ORD022326,25-11-2025,Changed Mind,Refunded,17853,
RET00936,ORD026195,07-11-2024,Size/Fit Issue,Refunded,28316,
RET00937,ORD006759,20-09-2024,Damaged,Refunded,37470,
RET00938,ORD027756,19-07-2024,Late Delivery,Refunded,15029,
RET00939,ORD007824,20-08-2025,Size/Fit Issue,Refunded,20256,
RET00940,ORD007443,11-06-2025,Changed Mind,Processing,951,
RET00941,ORD024554,21-05-2024,Size/Fit Issue,Refunded,34179,
RET00942,ORD014495,27-02-2025,Size/Fit Issue,Refunded,16493,
RET00943,ORD003177,16-08-2025,Quality Issue,Refunded,8738,
RET00944,ORD004019,17-06-2024,Late Delivery,Refunded,29640,
RET00945,ORD022586,22-08-2025,Wrong Item,Refunded,6448,
RET00946,ORD015055,08-04-2024,Quality Issue,Refunded,27932,
RET00947,ORD025114,16-04-2024,Size/Fit Issue,Refunded,4425,
RET00948,ORD023966,23-04-2026,Changed Mind,Refunded,18400,
RET00949,ORD008434,03-09-2026,Damaged,Refunded,1037,
RET00950,ORD025728,07-11-2025,Size/Fit Issue,Refunded,7219,
RET00951,ORD021358,25-07-2025,Wrong Item,Processing,31104,
RET00952,ORD004865,28-05-2025,Late Delivery,Refunded,3029,
RET00953,ORD012142,16-04-2026,Changed Mind,Refunded,5440,
RET00954,ORD009627,09-03-2025,Damaged,Refunded,9475,
RET00955,ORD024454,27-10-2024,Quality Issue,Refunded,19274,
RET00956,ORD016511,25-03-2024,Size/Fit Issue,Refunded,36768,
RET00957,ORD023300,07-10-2024,Quality Issue,Refunded,12553,
RET00958,ORD002796,18-08-2024,Changed Mind,Refunded,16250,
RET00959,ORD002477,15-11-2024,Quality Issue,Refunded,20680,
RET00960,ORD012751,22-01-2024,Quality Issue,Refunded,2044,
RET00961,ORD002690,04-03-2024,Damaged,Refunded,4793,
RET00962,ORD013523,12-12-2024,Changed Mind,Refunded,49310,
RET00963,ORD017113,30-04-2024,Size/Fit Issue,Refunded,7485,
RET00964,ORD024954,27-12-2025,Size/Fit Issue,Refunded,7280,
RET00965,ORD004552,26-04-2024,Changed Mind,Processing,14371,
RET00966,ORD012377,02-11-2024,Size/Fit Issue,Refunded,9690,
RET00967,ORD018308,30-06-2025,Changed Mind,Refunded,5091,
RET00968,ORD008751,02-06-2024,Quality Issue,Refunded,41468,
RET00969,ORD019836,20-07-2024,Size/Fit Issue,Processing,7842,
RET00970,ORD013282,08-07-2024,Size/Fit Issue,Refunded,29387,
RET00971,ORD019459,11-02-2025,Damaged,Refunded,12201,
RET00972,ORD004346,29-07-2024,Damaged,Refunded,13291,
RET00973,ORD010585,20-10-2024,Damaged,Refunded,1044,
RET00974,ORD021319,30-05-2024,Quality Issue,Refunded,11038,
RET00975,ORD012226,28-12-2025,Changed Mind,Refunded,53844,
RET00976,ORD006554,16-02-2026,Damaged,Refunded,50294,
RET00977,ORD024903,29-07-2026,Wrong Item,Processing,4086,
RET00978,ORD012930,16-07-2024,Changed Mind,Refunded,30084,
RET00979,ORD008998,23-11-2024,Quality Issue,Refunded,17213,
RET00980,ORD024749,30-03-2024,Quality Issue,Refunded,2403,
RET00981,ORD025885,22-08-2024,Size/Fit Issue,Refunded,27320,
RET00982,ORD024892,06-10-2025,Quality Issue,Refunded,15841,
RET00983,ORD018485,21-06-2026,Quality Issue,Refunded,1786,
RET00984,ORD027454,27-08-2025,Changed Mind,Refunded,1052,
RET00985,ORD010033,04-06-2024,Quality Issue,Refunded,6265,
RET00986,ORD002441,18-07-2025,Size/Fit Issue,Refunded,4869,
RET00987,ORD000043,29-09-2024,Changed Mind,Refunded,12064,
RET00988,ORD020472,11-06-2026,Quality Issue,Refunded,29576,
RET00989,ORD018960,03-05-2026,Quality Issue,Refunded,30078,
RET00990,ORD009316,20-11-2024,Damaged,Processing,10503,
RET00991,ORD009731,11-04-2025,Wrong Item,Refunded,18649,
RET00992,ORD018141,23-07-2025,Size/Fit Issue,Refunded,5623,
RET00993,ORD022335,04-10-2025,Late Delivery,Refunded,26674,
RET00994,ORD018271,09-04-2025,Changed Mind,Refunded,14283,
RET00995,ORD002556,19-06-2026,Damaged,Refunded,9361,
RET00996,ORD029639,10-06-2025,Quality Issue,Refunded,4123,
RET00997,ORD025244,26-05-2026,Late Delivery,Refunded,24470,
RET00998,ORD014730,26-07-2026,Size/Fit Issue,Refunded,1175,
RET00999,ORD013562,23-07-2025,Changed Mind,Processing,34683,
RET01000,ORD028911,02-09-2026,Changed Mind,Refunded,25659,
RET01001,ORD015508,18-02-2026,Damaged,Processing,1740,
RET01002,ORD019817,03-07-2025,Damaged,Refunded,2426,
RET01003,ORD008744,30-01-2025,Changed Mind,Refunded,33219,
RET01004,ORD020300,25-05-2026,Size/Fit Issue,Refunded,5087,
RET01005,ORD029205,17-08-2026,Size/Fit Issue,Refunded,23294,
RET01006,ORD027972,08-04-2026,Late Delivery,Refunded,11861,
RET01007,ORD004435,01-09-2024,Quality Issue,Refunded,33800,
RET01008,ORD021841,11-09-2025,Size/Fit Issue,Refunded,4023,
RET01009,ORD010111,24-12-2025,Changed Mind,Refunded,1916,
RET01010,ORD011322,08-04-2024,Late Delivery,Refunded,539,
RET01011,ORD017828,23-07-2025,Quality Issue,Refunded,613,
RET01012,ORD015014,10-08-2026,Late Delivery,Refunded,45577,
RET01013,ORD002729,15-10-2024,Damaged,Refunded,27627,
RET01014,ORD027448,22-05-2024,Size/Fit Issue,Refunded,3389,
RET01015,ORD003566,06-08-2024,Quality Issue,Refunded,23913,
RET01016,ORD002940,06-12-2025,Changed Mind,Refunded,37116,
RET01017,ORD023142,07-06-2025,Size/Fit Issue,Refunded,9297,
RET01018,ORD018139,19-08-2025,Wrong Item,Refunded,18893,
RET01019,ORD011592,02-04-2026,Quality Issue,Refunded,123,
RET01020,ORD011946,19-02-2026,Size/Fit Issue,Refunded,8669,
RET01021,ORD012449,23-01-2025,Damaged,Processing,10516,
RET01022,ORD010151,02-02-2024,Size/Fit Issue,Refunded,3729,
RET01023,ORD020763,24-04-2025,Size/Fit Issue,Refunded,29053,
RET01024,ORD023993,02-03-2026,Late Delivery,Refunded,12810,
RET01025,ORD019522,24-12-2025,Damaged,Refunded,19468,
RET01026,ORD016098,23-08-2024,Size/Fit Issue,Refunded,27709,
RET01027,ORD016394,31-08-2024,Damaged,Processing,24873,
RET01028,ORD015039,11-03-2026,Size/Fit Issue,Refunded,2802,
RET01029,ORD017128,10-11-2024,Size/Fit Issue,Refunded,1773,
RET01030,ORD008572,01-07-2025,Changed Mind,Refunded,4156,
RET01031,ORD023670,06-05-2025,Size/Fit Issue,Refunded,28639,
RET01032,ORD016110,08-09-2026,Late Delivery,Refunded,6358,
RET01033,ORD027137,06-08-2025,Wrong Item,Refunded,13918,
RET01034,ORD027903,07-07-2026,Quality Issue,Refunded,33334,
RET01035,ORD017159,15-02-2026,Changed Mind,Refunded,2861,
RET01036,ORD022227,29-01-2026,Changed Mind,Refunded,3795,
RET01037,ORD010469,29-04-2025,Damaged,Refunded,58441,
RET01038,ORD012149,16-01-2024,Changed Mind,Refunded,330,
RET01039,ORD024297,17-05-2025,Quality Issue,Refunded,762,
RET01040,ORD017055,09-03-2026,Size/Fit Issue,Refunded,1016,
RET01041,ORD006892,07-05-2026,Size/Fit Issue,Refunded,22154,
RET01042,ORD000578,31-10-2024,Changed Mind,Refunded,28208,
RET01043,ORD023648,18-02-2026,Damaged,Refunded,13907,
RET01044,ORD001878,16-12-2025,Wrong Item,Refunded,23277,
RET01045,ORD013334,24-07-2025,Size/Fit Issue,Refunded,1664,
RET01046,ORD006362,20-03-2024,Changed Mind,Refunded,44240,
RET01047,ORD006014,08-03-2026,Size/Fit Issue,Refunded,19129,
RET01048,ORD021410,25-10-2025,Size/Fit Issue,Refunded,33839,
RET01049,ORD006699,17-07-2024,Wrong Item,Refunded,25489,
RET01050,ORD011012,06-02-2024,Quality Issue,Refunded,21528,
RET01051,ORD025216,14-04-2024,Quality Issue,Refunded,11500,
RET01052,ORD026980,27-11-2025,Wrong Item,Refunded,12880,
RET01053,ORD020747,09-07-2024,Late Delivery,Refunded,58362,
RET01054,ORD002445,24-05-2026,Quality Issue,Refunded,20123,
RET01055,ORD013170,25-12-2025,Size/Fit Issue,Refunded,14153,
RET01056,ORD013018,23-03-2024,Size/Fit Issue,Refunded,17824,
RET01057,ORD026880,11-08-2026,Damaged,Refunded,1163,
RET01058,ORD023899,19-04-2024,Damaged,Refunded,7782,
RET01059,ORD025035,01-05-2026,Size/Fit Issue,Refunded,34487,
RET01060,ORD007820,16-06-2026,Changed Mind,Refunded,13377,
RET01061,ORD023038,01-02-2024,Size/Fit Issue,Refunded,3942,
RET01062,ORD007166,14-06-2025,Size/Fit Issue,Refunded,6691,
RET01063,ORD001951,22-12-2025,Late Delivery,Refunded,42493,
RET01064,ORD020379,16-09-2025,Size/Fit Issue,Refunded,37529,
RET01065,ORD027539,22-08-2025,Size/Fit Issue,Refunded,80,
RET01066,ORD004122,26-01-2024,Wrong Item,Refunded,5702,
RET01067,ORD022013,03-04-2026,Changed Mind,Refunded,24165,
RET01068,ORD006683,07-04-2026,Late Delivery,Processing,25040,
RET01069,ORD001551,27-06-2024,Size/Fit Issue,Refunded,16818,
RET01070,ORD012869,05-01-2026,Size/Fit Issue,Refunded,4431,
RET01071,ORD013823,30-08-2024,Size/Fit Issue,Processing,8757,
RET01072,ORD013405,31-08-2024,Changed Mind,Refunded,37839,
RET01073,ORD004170,03-02-2024,Size/Fit Issue,Refunded,13008,
RET01074,ORD003482,14-06-2026,Wrong Item,Refunded,1687,
RET01075,ORD025799,07-12-2024,Changed Mind,Refunded,62752,
RET01076,ORD016912,22-07-2024,Quality Issue,Processing,20798,
RET01077,ORD006639,21-10-2025,Late Delivery,Refunded,12413,
RET01078,ORD002808,19-10-2025,Wrong Item,Refunded,18497,
RET01079,ORD026059,23-01-2025,Late Delivery,Refunded,25916,
RET01080,ORD024138,27-07-2024,Changed Mind,Refunded,10033,
RET01081,ORD026255,11-03-2024,Wrong Item,Refunded,14207,
RET01082,ORD024614,06-09-2025,Quality Issue,Refunded,23647,
RET01083,ORD003700,23-06-2026,Quality Issue,Refunded,6899,
RET01084,ORD029001,12-06-2026,Damaged,Refunded,16887,
RET01085,ORD025745,16-04-2025,Damaged,Refunded,17462,
RET01086,ORD009986,29-11-2024,Quality Issue,Refunded,17146,
RET01087,ORD006346,27-06-2025,Wrong Item,Refunded,21163,
RET01088,ORD024143,11-07-2025,Size/Fit Issue,Refunded,32656,
RET01089,ORD009827,29-04-2024,Late Delivery,Processing,11755,
RET01090,ORD020101,03-05-2026,Late Delivery,Refunded,2185,
RET01091,ORD012070,24-08-2026,Changed Mind,Refunded,23089,
RET01092,ORD001155,13-08-2025,Size/Fit Issue,Refunded,1634,
RET01093,ORD020779,11-10-2024,Damaged,Processing,21661,
RET01094,ORD025466,23-12-2025,Late Delivery,Refunded,32522,
RET01095,ORD024821,28-04-2026,Damaged,Refunded,14010,
RET01096,ORD011225,17-01-2026,Quality Issue,Refunded,1309,
RET01097,ORD003401,12-03-2026,Changed Mind,Refunded,19159,
RET01098,ORD021507,04-09-2026,Damaged,Refunded,3879,
RET01099,ORD010833,28-05-2026,Quality Issue,Refunded,52879,
RET01100,ORD009436,05-10-2024,Damaged,Refunded,40955,
RET01101,ORD024475,29-12-2025,Changed Mind,Refunded,14341,
RET01102,ORD024602,31-07-2025,Late Delivery,Refunded,3105,
RET01103,ORD017838,16-06-2026,Size/Fit Issue,Refunded,9828,
RET01104,ORD004857,16-06-2025,Quality Issue,Refunded,9809,
RET01105,ORD027835,06-05-2025,Size/Fit Issue,Refunded,17700,
RET01106,ORD007557,22-12-2025,Late Delivery,Refunded,41339,
RET01107,ORD002057,20-06-2026,Changed Mind,Refunded,29930,
RET01108,ORD009487,05-12-2024,Changed Mind,Refunded,35336,
RET01109,ORD007734,25-11-2025,Size/Fit Issue,Refunded,28131,
RET01110,ORD029662,15-02-2024,Damaged,Refunded,22057,
RET01111,ORD020407,30-05-2024,Size/Fit Issue,Refunded,9043,
RET01112,ORD027394,22-05-2024,Late Delivery,Refunded,11028,
RET01113,ORD029006,05-07-2026,Damaged,Refunded,37322,
RET01114,ORD015048,19-07-2026,Changed Mind,Refunded,5050,
RET01115,ORD017601,23-10-2025,Changed Mind,Refunded,12671,
RET01116,ORD012094,24-08-2024,Size/Fit Issue,Processing,12938,
RET01117,ORD024781,24-09-2024,Wrong Item,Refunded,39116,
RET01118,ORD025649,28-11-2025,Size/Fit Issue,Refunded,40010,
RET01119,ORD002980,01-06-2024,Wrong Item,Refunded,27507,
RET01120,ORD018941,28-02-2025,Damaged,Refunded,13601,
RET01121,ORD011801,10-09-2024,Size/Fit Issue,Refunded,13652,
RET01122,ORD023983,20-12-2024,Damaged,Refunded,18386,
RET01123,ORD011338,08-09-2026,Size/Fit Issue,Refunded,8608,
RET01124,ORD018865,29-05-2024,Changed Mind,Refunded,4958,
RET01125,ORD005055,28-05-2025,Size/Fit Issue,Refunded,12454,
RET01126,ORD019787,06-07-2026,Damaged,Refunded,19825,
RET01127,ORD023814,21-08-2024,Wrong Item,Refunded,11423,
RET01128,ORD009486,19-07-2025,Size/Fit Issue,Refunded,2598,
RET01129,ORD029341,09-05-2025,Quality Issue,Refunded,7344,
RET01130,ORD002087,10-08-2026,Size/Fit Issue,Refunded,16502,
RET01131,ORD024944,21-02-2024,Size/Fit Issue,Refunded,37639,
RET01132,ORD008658,13-07-2024,Quality Issue,Refunded,21571,
RET01133,ORD003179,20-09-2026,Changed Mind,Refunded,18920,
RET01134,ORD021553,27-05-2024,Changed Mind,Refunded,9878,
RET01135,ORD026477,04-01-2026,Damaged,Refunded,23700,
RET01136,ORD025541,01-04-2026,Size/Fit Issue,Refunded,27358,
RET01137,ORD021810,09-01-2026,Changed Mind,Processing,26334,
RET01138,ORD008579,01-05-2024,Changed Mind,Refunded,41740,
RET01139,ORD005735,17-11-2024,Late Delivery,Refunded,3747,
RET01140,ORD020982,02-09-2024,Quality Issue,Refunded,16729,
RET01141,ORD020910,21-06-2024,Size/Fit Issue,Refunded,13588,
RET01142,ORD024104,27-09-2025,Late Delivery,Refunded,43885,
RET01143,ORD009186,27-04-2024,Quality Issue,Refunded,5651,
RET01144,ORD001482,03-04-2024,Size/Fit Issue,Refunded,12723,
RET01145,ORD018469,08-07-2026,Quality Issue,Refunded,34727,
RET01146,ORD026050,11-09-2025,Size/Fit Issue,Refunded,33797,
RET01147,ORD002149,13-05-2024,Quality Issue,Refunded,34463,
RET01148,ORD020159,23-11-2025,Changed Mind,Refunded,1175,
RET01149,ORD009766,01-11-2025,Size/Fit Issue,Refunded,8170,
RET01150,ORD004472,06-08-2026,Size/Fit Issue,Refunded,9681,
RET01151,ORD008657,07-09-2024,Quality Issue,Refunded,26492,
RET01152,ORD003016,17-06-2026,Damaged,Refunded,2624,
RET01153,ORD025475,01-04-2024,Size/Fit Issue,Refunded,15004,
RET01154,ORD026658,06-03-2024,Changed Mind,Refunded,1310,
RET01155,ORD024353,04-06-2026,Wrong Item,Refunded,5429,
RET01156,ORD011051,07-12-2024,Size/Fit Issue,Refunded,11617,
RET01157,ORD004303,07-05-2026,Changed Mind,Refunded,19483,
RET01158,ORD013605,28-08-2025,Size/Fit Issue,Refunded,9955,
RET01159,ORD017456,27-07-2025,Changed Mind,Refunded,19163,
RET01160,ORD002152,29-08-2026,Changed Mind,Processing,45979,
RET01161,ORD026664,04-08-2024,Quality Issue,Refunded,12300,
RET01162,ORD017081,08-01-2025,Late Delivery,Processing,5405,
RET01163,ORD014161,19-10-2024,Size/Fit Issue,Refunded,37152,
RET01164,ORD022069,28-03-2026,Wrong Item,Refunded,42978,
RET01165,ORD012933,11-07-2026,Wrong Item,Refunded,6671,
RET01166,ORD029972,17-10-2025,Changed Mind,Refunded,447,
RET01167,ORD020377,10-11-2025,Size/Fit Issue,Refunded,5028,
RET01168,ORD008807,19-12-2025,Changed Mind,Refunded,12087,
RET01169,ORD008310,26-06-2024,Changed Mind,Refunded,20773,
RET01170,ORD003936,10-06-2026,Late Delivery,Refunded,20796,
RET01171,ORD003612,11-11-2024,Changed Mind,Processing,4967,
RET01172,ORD017117,21-01-2025,Changed Mind,Refunded,4202,
RET01173,ORD008386,28-10-2024,Wrong Item,Refunded,35742,
RET01174,ORD008387,15-11-2024,Changed Mind,Processing,8603,
RET01175,ORD001602,28-04-2025,Damaged,Refunded,10187,
RET01176,ORD020815,06-02-2024,Changed Mind,Refunded,6819,
RET01177,ORD005459,14-05-2026,Wrong Item,Refunded,7813,
RET01178,ORD021430,22-05-2024,Changed Mind,Refunded,2639,
RET01179,ORD002390,11-11-2024,Changed Mind,Processing,694,
RET01180,ORD016593,11-02-2024,Late Delivery,Refunded,20522,
RET01181,ORD028034,29-05-2025,Late Delivery,Refunded,66532,
RET01182,ORD007679,09-06-2026,Late Delivery,Refunded,14050,
RET01183,ORD002761,12-09-2025,Size/Fit Issue,Refunded,6266,
RET01184,ORD016043,30-04-2024,Quality Issue,Refunded,14279,
RET01185,ORD026021,12-02-2026,Size/Fit Issue,Refunded,17459,
RET01186,ORD020680,05-07-2026,Damaged,Refunded,1649,
RET01187,ORD014622,15-01-2025,Size/Fit Issue,Refunded,8849,
RET01188,ORD012636,30-03-2026,Damaged,Refunded,29731,
RET01189,ORD020006,15-10-2025,Wrong Item,Refunded,3902,
RET01190,ORD003458,25-03-2024,Quality Issue,Refunded,8864,
RET01191,ORD011256,21-02-2026,Late Delivery,Refunded,15124,
RET01192,ORD010326,04-10-2025,Quality Issue,Processing,9632,
RET01193,ORD028321,11-07-2024,Size/Fit Issue,Refunded,13543,
RET01194,ORD021388,31-10-2024,Wrong Item,Processing,522,
RET01195,ORD007306,06-04-2024,Size/Fit Issue,Refunded,42420,
RET01196,ORD017753,07-11-2024,Quality Issue,Refunded,37398,
RET01197,ORD026914,08-10-2024,Changed Mind,Refunded,9641,
RET01198,ORD020410,28-03-2026,Wrong Item,Refunded,3607,
RET01199,ORD009068,02-06-2025,Damaged,Refunded,32701,
RET01200,ORD026305,17-05-2025,Changed Mind,Refunded,19269,
RET01201,ORD002745,13-03-2024,Quality Issue,Refunded,18219,
RET01202,ORD012088,19-08-2024,Damaged,Refunded,2673,
RET01203,ORD019145,18-01-2025,Late Delivery,Refunded,5301,
RET01204,ORD018000,08-01-2025,Wrong Item,Refunded,28081,
RET01205,ORD013058,09-03-2024,Quality Issue,Refunded,6950,
RET01206,ORD026253,29-11-2025,Size/Fit Issue,Refunded,28842,
RET01207,ORD013885,04-12-2025,Size/Fit Issue,Processing,37831,
RET01208,ORD018659,16-01-2024,Late Delivery,Processing,2068,
RET01209,ORD012139,17-03-2025,Quality Issue,Refunded,16652,
RET01210,ORD021746,20-01-2026,Damaged,Refunded,14918,
RET01211,ORD018002,19-08-2026,Quality Issue,Refunded,16205,
RET01212,ORD011090,31-07-2026,Size/Fit Issue,Refunded,13535,
RET01213,ORD026109,13-02-2026,Late Delivery,Processing,14239,
RET01214,ORD015104,30-01-2025,Quality Issue,Refunded,19941,
RET01215,ORD025532,09-02-2026,Late Delivery,Refunded,18490,
RET01216,ORD015495,31-08-2024,Wrong Item,Refunded,18837,
RET01217,ORD024803,16-10-2024,Wrong Item,Refunded,14660,
RET01218,ORD022962,12-10-2024,Size/Fit Issue,Refunded,396,
RET01219,ORD021239,28-11-2024,Wrong Item,Processing,14448,
RET01220,ORD014538,14-08-2026,Size/Fit Issue,Refunded,8691,
RET01221,ORD010839,23-04-2024,Damaged,Refunded,14480,
RET01222,ORD001616,06-12-2024,Size/Fit Issue,Refunded,830,
RET01223,ORD027700,07-02-2024,Damaged,Processing,6687,
RET01224,ORD023672,02-06-2024,Quality Issue,Refunded,8176,
RET01225,ORD007530,21-10-2025,Size/Fit Issue,Refunded,17741,
RET01226,ORD018749,04-12-2024,Changed Mind,Processing,11420,
RET01227,ORD007700,13-07-2026,Wrong Item,Refunded,7020,
RET01228,ORD014528,06-04-2025,Changed Mind,Refunded,15073,
RET01229,ORD025947,13-03-2024,Size/Fit Issue,Refunded,8351,
RET01230,ORD009544,27-09-2025,Changed Mind,Processing,10856,
RET01231,ORD012926,10-04-2024,Size/Fit Issue,Refunded,47094,
RET01232,ORD020080,14-08-2026,Wrong Item,Refunded,2379,
RET01233,ORD002569,04-09-2025,Wrong Item,Refunded,31221,
RET01234,ORD015165,25-04-2025,Changed Mind,Processing,889,
RET01235,ORD008318,16-05-2024,Wrong Item,Refunded,7625,
RET01236,ORD018922,30-01-2025,Damaged,Refunded,42867,
RET01237,ORD011181,02-03-2026,Changed Mind,Processing,36590,
RET01238,ORD001644,11-02-2026,Late Delivery,Refunded,5233,
RET01239,ORD011756,24-03-2026,Changed Mind,Refunded,21044,
RET01240,ORD002207,16-01-2024,Changed Mind,Refunded,38682,
RET01241,ORD003681,28-08-2024,Size/Fit Issue,Refunded,5140,
RET01242,ORD003338,07-08-2025,Quality Issue,Processing,46976,
RET01243,ORD003409,17-06-2026,Size/Fit Issue,Refunded,5977,
RET01244,ORD019737,28-10-2025,Late Delivery,Refunded,20424,
RET01245,ORD001900,20-11-2024,Late Delivery,Processing,15297,
RET01246,ORD008557,08-06-2024,Changed Mind,Refunded,10778,
RET01247,ORD001173,14-06-2024,Damaged,Processing,5622,
RET01248,ORD020284,30-01-2025,Changed Mind,Refunded,47021,
RET01249,ORD027850,11-07-2024,Late Delivery,Refunded,6979,
RET01250,ORD021650,30-04-2025,Size/Fit Issue,Refunded,20199,
RET01251,ORD022276,23-11-2024,Changed Mind,Refunded,3198,
RET01252,ORD011190,10-07-2024,Changed Mind,Processing,3585,
RET01253,ORD006363,28-07-2026,Quality Issue,Refunded,7142,
RET01254,ORD021393,25-11-2024,Late Delivery,Refunded,23686,
RET01255,ORD023775,08-10-2024,Changed Mind,Processing,5259,
RET01256,ORD013628,28-09-2024,Late Delivery,Refunded,11495,
RET01257,ORD012385,07-03-2025,Quality Issue,Refunded,5090,
RET01258,ORD016240,04-04-2025,Damaged,Refunded,1358,
RET01259,ORD012299,18-05-2026,Late Delivery,Refunded,18167,
RET01260,ORD008588,24-05-2026,Wrong Item,Refunded,39721,
RET01261,ORD010001,02-10-2025,Size/Fit Issue,Refunded,33209,
RET01262,ORD026502,08-04-2025,Quality Issue,Refunded,36541,
RET01263,ORD011821,21-11-2024,Wrong Item,Refunded,20221,
RET01264,ORD010291,17-04-2024,Late Delivery,Refunded,2986,
RET01265,ORD029635,27-03-2024,Wrong Item,Refunded,6628,
RET01266,ORD017153,23-07-2026,Damaged,Processing,5273,
RET01267,ORD010224,24-12-2024,Quality Issue,Processing,13165,
RET01268,ORD000251,25-03-2026,Size/Fit Issue,Refunded,10578,
RET01269,ORD009266,20-04-2026,Damaged,Refunded,10499,
RET01270,ORD018837,21-05-2026,Size/Fit Issue,Refunded,2123,
RET01271,ORD022785,25-04-2024,Changed Mind,Refunded,7562,
RET01272,ORD012593,26-10-2025,Damaged,Refunded,8906,
RET01273,ORD007565,22-05-2024,Late Delivery,Refunded,39189,
RET01274,ORD012693,31-12-2024,Size/Fit Issue,Refunded,20668,
RET01275,ORD005150,20-09-2026,Size/Fit Issue,Refunded,7138,
RET01276,ORD005384,05-11-2025,Changed Mind,Refunded,33806,
RET01277,ORD021817,14-03-2026,Quality Issue,Refunded,35312,
RET01278,ORD002179,26-08-2024,Quality Issue,Refunded,16218,
RET01279,ORD017191,28-01-2025,Quality Issue,Refunded,36773,
RET01280,ORD008560,20-01-2024,Quality Issue,Processing,2720,
RET01281,ORD012545,03-07-2024,Late Delivery,Refunded,28389,
RET01282,ORD013372,11-05-2026,Size/Fit Issue,Refunded,35588,
RET01283,ORD003379,09-07-2025,Damaged,Refunded,466,
RET01284,ORD013112,12-12-2024,Size/Fit Issue,Refunded,8100,
RET01285,ORD018461,08-11-2025,Quality Issue,Refunded,8465,
RET01286,ORD021442,10-02-2026,Damaged,Processing,13778,
RET01287,ORD008782,10-07-2024,Changed Mind,Refunded,5150,
RET01288,ORD008959,09-03-2024,Size/Fit Issue,Refunded,24296,
RET01289,ORD011657,21-05-2024,Changed Mind,Refunded,14733,
RET01290,ORD019297,25-03-2026,Wrong Item,Processing,3844,
RET01291,ORD011250,13-04-2024,Changed Mind,Refunded,3314,
RET01292,ORD008136,27-11-2025,Size/Fit Issue,Refunded,18021,
RET01293,ORD024748,15-08-2026,Damaged,Refunded,6772,
RET01294,ORD012553,17-04-2026,Size/Fit Issue,Refunded,2275,
RET01295,ORD025681,14-10-2024,Quality Issue,Refunded,26632,
RET01296,ORD012513,07-05-2025,Changed Mind,Refunded,8589,
RET01297,ORD010574,07-06-2026,Size/Fit Issue,Refunded,4057,
RET01298,ORD007876,07-12-2025,Changed Mind,Refunded,10459,
RET01299,ORD013621,12-04-2024,Size/Fit Issue,Refunded,3621,
RET01300,ORD000788,18-02-2026,Wrong Item,Refunded,3267,
RET01301,ORD022687,15-10-2024,Late Delivery,Refunded,3287,
RET01302,ORD026729,28-01-2025,Changed Mind,Processing,4313,
RET01303,ORD006241,28-12-2024,Quality Issue,Refunded,12906,
RET01304,ORD012334,29-11-2024,Quality Issue,Refunded,3392,
RET01305,ORD013810,18-08-2026,Size/Fit Issue,Refunded,18139,
RET01306,ORD028854,09-06-2026,Damaged,Refunded,1758,
RET01307,ORD010277,19-09-2025,Damaged,Refunded,23390,
RET01308,ORD028457,18-09-2024,Changed Mind,Refunded,16454,
RET01309,ORD029950,19-04-2026,Late Delivery,Refunded,24631,
RET01310,ORD005320,31-01-2025,Late Delivery,Refunded,13236,
RET01311,ORD007512,13-08-2025,Size/Fit Issue,Refunded,11349,
RET01312,ORD011240,19-10-2024,Size/Fit Issue,Refunded,4722,
RET01313,ORD019098,02-06-2026,Changed Mind,Refunded,14109,
RET01314,ORD020476,17-11-2024,Changed Mind,Processing,3501,
RET01315,ORD009070,25-12-2025,Changed Mind,Refunded,16679,
RET01316,ORD009413,07-03-2025,Quality Issue,Refunded,35976,
RET01317,ORD027165,02-11-2025,Wrong Item,Refunded,22752,
RET01318,ORD022943,21-12-2024,Changed Mind,Refunded,8995,
RET01319,ORD025936,22-04-2026,Size/Fit Issue,Refunded,6979,
RET01320,ORD006403,03-08-2024,Changed Mind,Refunded,9759,
RET01321,ORD006360,06-06-2024,Quality Issue,Refunded,15812,
RET01322,ORD016114,09-12-2025,Damaged,Refunded,26831,
RET01323,ORD025451,22-05-2026,Size/Fit Issue,Refunded,10325,
RET01324,ORD008841,22-09-2024,Size/Fit Issue,Refunded,16572,
RET01325,ORD000375,22-02-2025,Quality Issue,Refunded,8234,
RET01326,ORD021524,18-04-2024,Changed Mind,Refunded,22408,
RET01327,ORD010046,13-09-2026,Quality Issue,Refunded,10431,
RET01328,ORD018939,15-02-2026,Size/Fit Issue,Refunded,11263,
RET01329,ORD028288,06-10-2024,Wrong Item,Refunded,4616,
RET01330,ORD029729,22-08-2025,Damaged,Refunded,6193,
RET01331,ORD010037,17-06-2026,Size/Fit Issue,Refunded,4729,
RET01332,ORD006333,20-12-2025,Damaged,Refunded,18936,
RET01333,ORD028015,16-09-2024,Changed Mind,Refunded,44559,
RET01334,ORD002260,24-12-2025,Late Delivery,Refunded,28586,
RET01335,ORD010256,11-11-2025,Changed Mind,Refunded,22448,
RET01336,ORD023515,01-08-2026,Wrong Item,Refunded,29426,
RET01337,ORD021960,10-05-2024,Wrong Item,Refunded,9861,
RET01338,ORD013537,29-04-2025,Damaged,Refunded,6067,
RET01339,ORD011754,16-10-2024,Quality Issue,Refunded,8894,
RET01340,ORD013860,17-07-2025,Wrong Item,Refunded,3563,
RET01341,ORD026046,20-08-2025,Changed Mind,Refunded,12743,
RET01342,ORD029200,02-08-2026,Damaged,Refunded,12329,
RET01343,ORD007038,15-07-2025,Quality Issue,Refunded,31290,
RET01344,ORD005213,22-07-2024,Size/Fit Issue,Refunded,2835,
RET01345,ORD003555,03-05-2024,Changed Mind,Refunded,11957,
RET01346,ORD013134,06-08-2024,Size/Fit Issue,Refunded,18918,
RET01347,ORD027870,29-04-2024,Damaged,Refunded,8574,
RET01348,ORD000138,16-04-2026,Changed Mind,Refunded,5161,
RET01349,ORD023668,22-07-2026,Late Delivery,Refunded,14973,
RET01350,ORD005606,07-03-2026,Size/Fit Issue,Processing,27187,
RET01351,ORD011067,30-12-2024,Damaged,Refunded,1849,
RET01352,ORD019591,08-04-2024,Quality Issue,Refunded,8503,
RET01353,ORD021409,20-10-2025,Size/Fit Issue,Refunded,14067,
RET01354,ORD005030,16-04-2026,Size/Fit Issue,Refunded,13593,
RET01355,ORD021294,10-03-2025,Size/Fit Issue,Refunded,2388,
RET01356,ORD002642,07-11-2024,Damaged,Refunded,8540,
RET01357,ORD005993,09-09-2025,Damaged,Refunded,10617,
RET01358,ORD010650,01-06-2024,Changed Mind,Refunded,21107,
RET01359,ORD026383,14-03-2026,Quality Issue,Processing,12486,
RET01360,ORD001906,26-04-2024,Size/Fit Issue,Refunded,5848,
RET01361,ORD017945,07-08-2025,Damaged,Refunded,5607,
RET01362,ORD011484,28-08-2026,Damaged,Refunded,28875,
RET01363,ORD000219,07-09-2025,Wrong Item,Refunded,14520,
RET01364,ORD027500,30-01-2026,Damaged,Refunded,23748,
RET01365,ORD002865,02-01-2025,Size/Fit Issue,Refunded,3587,
RET01366,ORD008672,08-01-2025,Changed Mind,Refunded,12410,
RET01367,ORD001891,03-07-2026,Size/Fit Issue,Refunded,6707,
RET01368,ORD022436,28-07-2024,Damaged,Refunded,29274,
RET01369,ORD018881,20-06-2024,Late Delivery,Refunded,23970,
RET01370,ORD017281,05-01-2025,Damaged,Refunded,8865,
RET01371,ORD020236,01-11-2025,Damaged,Refunded,1832,
RET01372,ORD024572,23-01-2026,Wrong Item,Refunded,23554,
RET01373,ORD028235,21-07-2024,Damaged,Refunded,15157,
RET01374,ORD015761,06-08-2025,Changed Mind,Refunded,23932,
RET01375,ORD013882,20-12-2025,Changed Mind,Refunded,12555,
RET01376,ORD029651,25-09-2024,Damaged,Refunded,29378,
RET01377,ORD016670,09-03-2024,Changed Mind,Refunded,9898,
RET01378,ORD018716,07-07-2025,Quality Issue,Refunded,17119,
RET01379,ORD011052,06-11-2025,Changed Mind,Refunded,4227,
RET01380,ORD004902,04-08-2025,Changed Mind,Refunded,4339,
RET01381,ORD003332,19-05-2024,Changed Mind,Refunded,28385,
RET01382,ORD016618,12-11-2024,Damaged,Processing,10117,
RET01383,ORD018802,04-08-2024,Changed Mind,Refunded,5371,
RET01384,ORD002538,17-01-2026,Damaged,Refunded,21064,
RET01385,ORD021057,16-02-2026,Changed Mind,Refunded,31207,
RET01386,ORD002063,07-03-2025,Damaged,Refunded,12500,
RET01387,ORD029587,23-07-2024,Size/Fit Issue,Processing,3775,
RET01388,ORD006104,23-06-2025,Wrong Item,Refunded,37055,
RET01389,ORD008422,06-07-2025,Size/Fit Issue,Processing,3997,
RET01390,ORD007799,26-06-2026,Quality Issue,Refunded,1567,
RET01391,ORD026313,11-02-2026,Quality Issue,Refunded,14096,
RET01392,ORD019602,01-07-2026,Size/Fit Issue,Refunded,21722,
RET01393,ORD018579,16-07-2026,Quality Issue,Refunded,19898,
RET01394,ORD007137,14-02-2025,Late Delivery,Refunded,22607,
RET01395,ORD011470,12-09-2026,Wrong Item,Refunded,44352,
RET01396,ORD006517,07-05-2024,Size/Fit Issue,Refunded,16010,
RET01397,ORD011003,06-01-2025,Quality Issue,Refunded,49816,
RET01398,ORD018518,28-05-2025,Quality Issue,Refunded,29652,
RET01399,ORD015330,27-12-2024,Wrong Item,Processing,6417,
RET01400,ORD024842,13-04-2024,Wrong Item,Refunded,50690,
RET01401,ORD009189,16-09-2025,Changed Mind,Refunded,704,
RET01402,ORD029409,10-09-2025,Late Delivery,Refunded,15153,
RET01403,ORD012429,14-07-2025,Late Delivery,Refunded,3721,
RET01404,ORD020883,21-02-2025,Damaged,Processing,14042,
RET01405,ORD004851,27-02-2026,Quality Issue,Refunded,5476,
RET01406,ORD007957,13-06-2025,Wrong Item,Refunded,23399,
RET01407,ORD026826,23-07-2025,Damaged,Refunded,1375,
RET01408,ORD007125,13-01-2024,Size/Fit Issue,Refunded,13767,
RET01409,ORD011531,31-07-2026,Size/Fit Issue,Refunded,9809,
RET01410,ORD009411,26-04-2026,Quality Issue,Refunded,10777,
RET01411,ORD027281,19-09-2024,Wrong Item,Refunded,4745,
RET01412,ORD011551,13-06-2026,Late Delivery,Refunded,15237,
RET01413,ORD029201,30-05-2024,Quality Issue,Refunded,30878,
RET01414,ORD020175,04-05-2024,Changed Mind,Refunded,35166,
RET01415,ORD001176,18-05-2024,Size/Fit Issue,Refunded,11781,
RET01416,ORD002941,11-09-2026,Damaged,Refunded,13204,
RET01417,ORD021136,27-07-2026,Size/Fit Issue,Refunded,4991,
RET01418,ORD028751,14-10-2025,Damaged,Processing,18252,
RET01419,ORD024172,10-07-2025,Quality Issue,Refunded,9474,
RET01420,ORD007505,30-05-2026,Quality Issue,Refunded,3533,
RET01421,ORD005185,16-12-2025,Wrong Item,Refunded,8913,
RET01422,ORD018661,08-02-2024,Changed Mind,Refunded,6538,
RET01423,ORD016855,28-05-2024,Quality Issue,Refunded,6563,
RET01424,ORD014150,21-08-2026,Changed Mind,Refunded,23699,
RET01425,ORD025264,07-08-2025,Quality Issue,Refunded,14693,
RET01426,ORD026324,11-06-2025,Changed Mind,Refunded,576,
RET01427,ORD000364,05-01-2025,Size/Fit Issue,Refunded,6940,
RET01428,ORD010531,25-03-2025,Size/Fit Issue,Refunded,5376,
RET01429,ORD029751,24-10-2025,Damaged,Refunded,757,
RET01430,ORD025672,20-09-2025,Size/Fit Issue,Refunded,4144,
RET01431,ORD021550,15-06-2025,Quality Issue,Refunded,12816,
RET01432,ORD002826,04-06-2025,Size/Fit Issue,Refunded,14437,
RET01433,ORD016669,22-10-2024,Wrong Item,Refunded,11927,
RET01434,ORD025682,01-03-2025,Wrong Item,Refunded,16165,
RET01435,ORD002432,31-07-2024,Size/Fit Issue,Processing,9878,
RET01436,ORD021894,06-02-2024,Size/Fit Issue,Processing,7615,
RET01437,ORD007585,15-04-2024,Changed Mind,Refunded,13028,
RET01438,ORD006163,30-07-2025,Damaged,Refunded,11304,
RET01439,ORD029506,26-08-2025,Quality Issue,Refunded,16655,
RET01440,ORD004324,15-02-2024,Changed Mind,Refunded,3589,
RET01441,ORD011218,09-10-2025,Damaged,Refunded,1517,
RET01442,ORD026810,25-08-2024,Changed Mind,Refunded,4355,
RET01443,ORD020120,11-01-2025,Wrong Item,Refunded,20355,
RET01444,ORD003181,24-05-2026,Wrong Item,Refunded,12435,
RET01445,ORD003706,15-08-2024,Late Delivery,Refunded,10340,
RET01446,ORD008269,03-08-2026,Changed Mind,Refunded,12799,
RET01447,ORD014670,27-03-2026,Wrong Item,Refunded,101,
RET01448,ORD012061,28-08-2026,Changed Mind,Refunded,3201,
RET01449,ORD018522,08-10-2024,Damaged,Refunded,26194,
RET01450,ORD022001,25-01-2024,Size/Fit Issue,Refunded,19751,
RET01451,ORD013940,13-05-2024,Changed Mind,Refunded,14522,
RET01452,ORD028039,14-04-2024,Wrong Item,Refunded,31671,
RET01453,ORD014510,10-02-2024,Quality Issue,Refunded,15385,
RET01454,ORD008021,01-03-2026,Damaged,Refunded,5697,
RET01455,ORD026340,04-10-2024,Damaged,Refunded,17870,
RET01456,ORD000618,11-07-2026,Quality Issue,Processing,7246,
RET01457,ORD017157,10-04-2026,Size/Fit Issue,Refunded,19543,
RET01458,ORD023622,02-07-2025,Size/Fit Issue,Refunded,11244,
RET01459,ORD010954,15-04-2026,Quality Issue,Refunded,38854,
RET01460,ORD010246,11-02-2024,Quality Issue,Refunded,14352,
RET01461,ORD014718,08-08-2026,Size/Fit Issue,Refunded,5057,
RET01462,ORD003668,27-05-2026,Changed Mind,Refunded,2204,
RET01463,ORD014817,08-06-2026,Quality Issue,Refunded,8809,
RET01464,ORD018648,21-01-2026,Changed Mind,Refunded,12611,
RET01465,ORD016513,27-12-2025,Size/Fit Issue,Refunded,1182,
RET01466,ORD006939,22-01-2024,Size/Fit Issue,Refunded,14764,
RET01467,ORD012596,07-08-2025,Wrong Item,Refunded,14508,
RET01468,ORD006803,19-04-2026,Damaged,Refunded,57270,
RET01469,ORD021151,04-10-2025,Quality Issue,Refunded,36018,
RET01470,ORD022625,06-05-2026,Wrong Item,Refunded,21534,
RET01471,ORD018047,10-06-2025,Size/Fit Issue,Refunded,22443,
RET01472,ORD024487,17-02-2025,Late Delivery,Refunded,50429,
RET01473,ORD027286,15-05-2026,Size/Fit Issue,Refunded,29394,
RET01474,ORD002742,11-07-2026,Changed Mind,Refunded,5752,
RET01475,ORD015559,12-11-2024,Wrong Item,Refunded,7300,
RET01476,ORD013971,13-12-2025,Damaged,Refunded,2334,
RET01477,ORD019361,04-09-2024,Damaged,Refunded,10235,
RET01478,ORD019649,03-03-2025,Wrong Item,Refunded,31453,
RET01479,ORD009616,14-02-2026,Size/Fit Issue,Refunded,18062,
RET01480,ORD004774,01-03-2025,Damaged,Refunded,7473,
RET01481,ORD015328,03-06-2026,Quality Issue,Refunded,504,
RET01482,ORD003861,30-04-2026,Changed Mind,Refunded,15586,
RET01483,ORD009483,30-07-2025,Late Delivery,Refunded,12068,
RET01484,ORD001546,07-01-2026,Late Delivery,Refunded,2953,
RET01485,ORD007738,30-09-2025,Damaged,Refunded,1094,
RET01486,ORD013462,04-10-2025,Changed Mind,Refunded,10609,
RET01487,ORD029047,22-12-2024,Damaged,Refunded,17336,
RET01488,ORD014533,12-06-2025,Size/Fit Issue,Processing,14747,
RET01489,ORD010674,30-11-2024,Quality Issue,Refunded,22669,
RET01490,ORD005079,07-06-2026,Changed Mind,Refunded,28385,
RET01491,ORD000091,14-10-2025,Quality Issue,Refunded,5789,
RET01492,ORD019645,07-05-2025,Size/Fit Issue,Refunded,6705,
RET01493,ORD012850,24-10-2024,Quality Issue,Refunded,7803,
RET01494,ORD008582,25-07-2025,Damaged,Refunded,12961,
RET01495,ORD013485,20-09-2025,Size/Fit Issue,Processing,23970,
RET01496,ORD024507,23-02-2025,Quality Issue,Refunded,16209,
RET01497,ORD002649,14-09-2025,Changed Mind,Refunded,12529,
RET01498,ORD005067,30-01-2026,Wrong Item,Refunded,32666,
RET01499,ORD027601,19-12-2025,Size/Fit Issue,Refunded,35344,
RET01500,ORD016527,02-06-2025,Late Delivery,Refunded,30175,
RET01501,ORD005397,12-08-2025,Quality Issue,Refunded,4323,
RET01502,ORD028323,03-02-2026,Changed Mind,Refunded,33803,
RET01503,ORD021682,02-08-2025,Size/Fit Issue,Refunded,1702,
RET01504,ORD004243,08-02-2026,Quality Issue,Refunded,4381,
RET01505,ORD001407,02-06-2025,Quality Issue,Refunded,23027,
RET01506,ORD025708,22-11-2024,Quality Issue,Refunded,33363,
RET01507,ORD001302,22-08-2024,Changed Mind,Refunded,27732,
RET01508,ORD006498,01-09-2026,Damaged,Refunded,4403,
RET01509,ORD001280,23-02-2024,Size/Fit Issue,Refunded,14435,
RET01510,ORD019728,04-10-2025,Size/Fit Issue,Refunded,17062,
RET01511,ORD004341,11-01-2025,Quality Issue,Refunded,16304,
RET01512,ORD000063,23-09-2024,Late Delivery,Refunded,12747,
RET01513,ORD007805,22-05-2026,Changed Mind,Refunded,6147,
RET01514,ORD024889,03-04-2025,Wrong Item,Refunded,26896,
RET01515,ORD013754,22-10-2025,Changed Mind,Refunded,10208,
RET01516,ORD000207,19-08-2024,Damaged,Refunded,29575,
RET01517,ORD007987,11-01-2026,Size/Fit Issue,Refunded,24665,
RET01518,ORD018817,31-07-2025,Size/Fit Issue,Refunded,16958,
RET01519,ORD025997,06-03-2026,Wrong Item,Refunded,2658,
RET01520,ORD022102,11-04-2024,Damaged,Refunded,29353,
RET01521,ORD003881,18-03-2026,Quality Issue,Refunded,4522,
RET01522,ORD002365,15-03-2025,Changed Mind,Refunded,12506,
RET01523,ORD012203,27-06-2026,Quality Issue,Refunded,6107,
RET01524,ORD028715,26-11-2024,Size/Fit Issue,Refunded,9414,
RET01525,ORD026388,22-02-2025,Size/Fit Issue,Refunded,10151,
RET01526,ORD019243,27-07-2024,Damaged,Processing,19377,
RET01527,ORD015325,06-02-2024,Quality Issue,Refunded,9521,
RET01528,ORD007223,29-08-2024,Wrong Item,Refunded,31314,
RET01529,ORD013578,06-06-2024,Quality Issue,Refunded,15321,
RET01530,ORD019023,08-08-2026,Changed Mind,Processing,2643,
RET01531,ORD017102,30-11-2024,Changed Mind,Refunded,14505,
RET01532,ORD022906,12-06-2025,Damaged,Refunded,15614,
RET01533,ORD027208,19-08-2024,Size/Fit Issue,Processing,650,
RET01534,ORD002660,18-07-2025,Quality Issue,Refunded,15909,
RET01535,ORD000773,09-09-2025,Changed Mind,Refunded,11350,
RET01536,ORD025873,06-12-2025,Size/Fit Issue,Refunded,10102,
RET01537,ORD012635,28-07-2026,Changed Mind,Processing,754,
RET01538,ORD000711,30-09-2024,Size/Fit Issue,Processing,17677,
RET01539,ORD017781,15-05-2024,Changed Mind,Processing,3321,
RET01540,ORD009682,21-01-2024,Quality Issue,Refunded,10684,
RET01541,ORD021899,04-06-2025,Size/Fit Issue,Refunded,34361,
RET01542,ORD028056,03-07-2026,Late Delivery,Refunded,2059,
RET01543,ORD007367,17-04-2024,Changed Mind,Processing,19436,
RET01544,ORD014767,20-08-2024,Quality Issue,Refunded,4309,
RET01545,ORD003096,16-11-2025,Changed Mind,Refunded,15244,
RET01546,ORD021051,29-08-2024,Damaged,Refunded,8499,
RET01547,ORD025548,07-09-2025,Wrong Item,Refunded,5167,
RET01548,ORD020867,22-03-2025,Late Delivery,Refunded,13031,
RET01549,ORD016886,03-08-2026,Size/Fit Issue,Refunded,24891,
RET01550,ORD009169,18-11-2024,Size/Fit Issue,Refunded,14798,
RET01551,ORD002740,12-12-2024,Changed Mind,Refunded,6077,
RET01552,ORD022356,20-10-2025,Size/Fit Issue,Refunded,13032,
RET01553,ORD014490,12-09-2024,Wrong Item,Refunded,6885,
RET01554,ORD023319,13-05-2026,Quality Issue,Refunded,25340,
RET01555,ORD010543,28-02-2025,Late Delivery,Refunded,18440,
RET01556,ORD021246,16-09-2026,Size/Fit Issue,Refunded,7178,
RET01557,ORD004748,13-05-2024,Damaged,Refunded,11053,
RET01558,ORD008369,08-02-2026,Changed Mind,Refunded,16632,
RET01559,ORD026925,21-01-2025,Quality Issue,Refunded,3248,
RET01560,ORD016695,09-09-2024,Damaged,Refunded,10422,
RET01561,ORD013408,18-03-2024,Damaged,Refunded,13992,
RET01562,ORD005731,28-05-2025,Size/Fit Issue,Refunded,1065,
RET01563,ORD005424,03-02-2024,Wrong Item,Refunded,6666,
RET01564,ORD021909,19-01-2025,Late Delivery,Refunded,25264,
RET01565,ORD023766,27-01-2024,Wrong Item,Refunded,5350,
RET01566,ORD028865,06-10-2025,Changed Mind,Refunded,9747,
RET01567,ORD019670,05-05-2025,Damaged,Refunded,19781,
RET01568,ORD000842,22-08-2025,Damaged,Refunded,10075,
RET01569,ORD023270,12-06-2026,Size/Fit Issue,Refunded,17345,
RET01570,ORD017554,01-05-2026,Size/Fit Issue,Refunded,2787,
RET01571,ORD015260,23-01-2026,Size/Fit Issue,Refunded,14675,
RET01572,ORD017290,16-03-2024,Size/Fit Issue,Refunded,47756,
RET01573,ORD020965,21-09-2025,Size/Fit Issue,Refunded,12304,
RET01574,ORD028491,17-05-2026,Quality Issue,Refunded,29570,
RET01575,ORD000422,15-02-2026,Quality Issue,Refunded,25703,
RET01576,ORD005234,05-03-2026,Damaged,Processing,20487,
RET01577,ORD005045,22-09-2025,Damaged,Refunded,24960,
RET01578,ORD013480,25-04-2024,Quality Issue,Refunded,7286,
RET01579,ORD011893,13-04-2026,Quality Issue,Refunded,21414,
RET01580,ORD024607,17-01-2026,Late Delivery,Refunded,6619,
RET01581,ORD015359,25-05-2024,Damaged,Refunded,27854,
RET01582,ORD022427,27-08-2024,Late Delivery,Refunded,44907,
RET01583,ORD000592,31-03-2024,Size/Fit Issue,Refunded,5338,
RET01584,ORD016829,11-08-2026,Changed Mind,Refunded,36315,
RET01585,ORD007867,06-01-2024,Changed Mind,Processing,20888,
RET01586,ORD005426,08-12-2025,Changed Mind,Refunded,618,
RET01587,ORD008685,19-08-2025,Wrong Item,Refunded,9203,
RET01588,ORD009549,31-08-2025,Changed Mind,Refunded,5972,
RET01589,ORD010579,11-02-2026,Size/Fit Issue,Refunded,9077,
RET01590,ORD017536,18-08-2026,Wrong Item,Refunded,1541,
RET01591,ORD000527,01-11-2025,Late Delivery,Refunded,32647,
RET01592,ORD024619,10-06-2025,Size/Fit Issue,Refunded,10265,
RET01593,ORD027592,29-04-2026,Quality Issue,Refunded,12697,
RET01594,ORD015788,27-04-2026,Changed Mind,Refunded,3918,
RET01595,ORD012673,26-01-2024,Size/Fit Issue,Refunded,22287,
RET01596,ORD010530,06-10-2025,Changed Mind,Refunded,5681,
RET01597,ORD007257,05-03-2026,Wrong Item,Refunded,7760,
RET01598,ORD008374,20-04-2026,Changed Mind,Refunded,41774,
RET01599,ORD018898,12-11-2024,Quality Issue,Refunded,17684,
RET01600,ORD027660,15-10-2024,Changed Mind,Refunded,35640,
RET01601,ORD004318,17-08-2024,Size/Fit Issue,Refunded,44319,
RET01602,ORD019185,14-09-2026,Late Delivery,Refunded,7255,
RET01603,ORD003065,03-04-2024,Size/Fit Issue,Refunded,19667,
RET01604,ORD000543,23-06-2026,Damaged,Refunded,22448,
RET01605,ORD022527,18-09-2024,Quality Issue,Refunded,21152,
RET01606,ORD000849,29-07-2024,Damaged,Refunded,15955,
RET01607,ORD020744,14-03-2024,Damaged,Processing,16272,
RET01608,ORD004241,24-05-2025,Quality Issue,Refunded,11858,
RET01609,ORD029196,21-09-2026,Changed Mind,Refunded,18365,
RET01610,ORD022422,29-06-2026,Wrong Item,Refunded,12013,
RET01611,ORD023710,01-07-2024,Damaged,Refunded,45574,
RET01612,ORD021468,25-10-2024,Late Delivery,Refunded,4565,
RET01613,ORD029398,27-11-2024,Late Delivery,Refunded,26231,
RET01614,ORD019425,30-08-2026,Wrong Item,Refunded,6761,
RET01615,ORD023634,23-12-2024,Late Delivery,Refunded,5833,
RET01616,ORD027882,06-05-2026,Changed Mind,Refunded,18864,
RET01617,ORD004078,12-02-2024,Wrong Item,Refunded,338,
RET01618,ORD024968,01-05-2025,Damaged,Refunded,25503,
RET01619,ORD008567,04-05-2024,Size/Fit Issue,Processing,6928,
RET01620,ORD000794,02-05-2025,Size/Fit Issue,Refunded,25949,
RET01621,ORD007057,10-04-2024,Quality Issue,Refunded,15195,
RET01622,ORD005207,13-10-2025,Damaged,Refunded,13873,
RET01623,ORD012649,04-08-2026,Wrong Item,Refunded,13698,
RET01624,ORD019710,26-08-2024,Quality Issue,Refunded,14404,
RET01625,ORD024528,20-01-2025,Quality Issue,Refunded,15708,
RET01626,ORD016802,15-09-2025,Size/Fit Issue,Refunded,5479,
RET01627,ORD014358,13-12-2024,Damaged,Refunded,13344,
RET01628,ORD014936,10-11-2025,Damaged,Refunded,5847,
RET01629,ORD021794,30-03-2025,Quality Issue,Refunded,31188,
RET01630,ORD017615,07-12-2024,Quality Issue,Refunded,9145,
RET01631,ORD020272,18-04-2024,Size/Fit Issue,Refunded,6795,
RET01632,ORD022156,30-08-2025,Damaged,Refunded,1645,
RET01633,ORD021174,27-01-2025,Size/Fit Issue,Refunded,21686,
RET01634,ORD020043,28-01-2025,Late Delivery,Refunded,32164,
RET01635,ORD002619,23-10-2024,Quality Issue,Refunded,15951,
RET01636,ORD006254,22-04-2026,Damaged,Refunded,7131,
RET01637,ORD026410,24-09-2024,Late Delivery,Refunded,19957,
RET01638,ORD012791,18-12-2025,Size/Fit Issue,Processing,57900,
RET01639,ORD019370,15-12-2024,Size/Fit Issue,Refunded,5903,
RET01640,ORD020922,08-09-2024,Damaged,Refunded,6376,
RET01641,ORD000209,07-02-2026,Quality Issue,Refunded,9869,
RET01642,ORD004977,18-01-2026,Quality Issue,Refunded,1763,
RET01643,ORD000820,27-04-2024,Quality Issue,Refunded,21776,
RET01644,ORD026522,20-12-2025,Changed Mind,Refunded,13132,
RET01645,ORD008445,15-02-2024,Late Delivery,Refunded,4343,
RET01646,ORD010119,13-05-2024,Changed Mind,Refunded,3746,
RET01647,ORD000689,01-01-2025,Wrong Item,Refunded,46399,
RET01648,ORD006160,23-10-2024,Changed Mind,Refunded,32168,
RET01649,ORD007358,12-01-2026,Quality Issue,Refunded,2709,
RET01650,ORD006162,21-02-2025,Changed Mind,Refunded,15342,
RET01651,ORD011324,08-12-2025,Late Delivery,Refunded,6028,
RET01652,ORD012597,14-11-2025,Quality Issue,Processing,18928,
RET01653,ORD023278,13-05-2026,Damaged,Refunded,1075,
RET01654,ORD027111,09-06-2026,Changed Mind,Refunded,2040,
RET01655,ORD008665,19-04-2025,Quality Issue,Processing,21195,
RET01656,ORD015011,31-12-2025,Size/Fit Issue,Refunded,15917,
RET01657,ORD014898,22-04-2026,Wrong Item,Refunded,9054,
RET01658,ORD025800,27-07-2026,Late Delivery,Refunded,26226,
RET01659,ORD003396,13-08-2026,Wrong Item,Refunded,33017,
RET01660,ORD006378,10-07-2025,Late Delivery,Refunded,24505,
RET01661,ORD001492,28-01-2025,Changed Mind,Refunded,2254,
RET01662,ORD015037,02-08-2024,Changed Mind,Refunded,613,
RET01663,ORD009697,27-01-2026,Changed Mind,Refunded,6054,
RET01664,ORD025987,25-12-2025,Changed Mind,Refunded,15477,
RET01665,ORD012437,11-07-2026,Wrong Item,Refunded,16039,
RET01666,ORD025043,11-01-2025,Size/Fit Issue,Processing,39881,
RET01667,ORD016324,18-06-2025,Quality Issue,Refunded,27882,
RET01668,ORD026742,26-03-2024,Late Delivery,Processing,3034,
RET01669,ORD013664,28-03-2024,Damaged,Refunded,12388,
RET01670,ORD024432,03-05-2026,Wrong Item,Refunded,21609,
RET01671,ORD010718,07-12-2025,Wrong Item,Refunded,21579,
RET01672,ORD023820,19-04-2024,Size/Fit Issue,Refunded,15195,
RET01673,ORD015506,08-12-2025,Size/Fit Issue,Refunded,24595,
RET01674,ORD012590,13-10-2024,Quality Issue,Refunded,23316,
RET01675,ORD001422,23-01-2025,Changed Mind,Refunded,28648,
RET01676,ORD011458,21-11-2024,Late Delivery,Refunded,15500,
RET01677,ORD015008,03-02-2026,Quality Issue,Refunded,17381,
RET01678,ORD029349,27-05-2026,Quality Issue,Refunded,19881,
RET01679,ORD022332,29-07-2024,Late Delivery,Refunded,3028,
RET01680,ORD011599,11-03-2025,Size/Fit Issue,Refunded,3642,
RET01681,ORD012520,09-10-2025,Changed Mind,Processing,1121,
RET01682,ORD000919,25-08-2024,Size/Fit Issue,Refunded,20196,
RET01683,ORD009140,23-05-2024,Quality Issue,Refunded,14903,
RET01684,ORD008770,17-03-2025,Size/Fit Issue,Refunded,5717,
RET01685,ORD004205,07-10-2025,Size/Fit Issue,Refunded,7021,
RET01686,ORD026620,13-05-2025,Late Delivery,Refunded,20772,
RET01687,ORD001463,17-05-2025,Changed Mind,Refunded,13569,
RET01688,ORD022023,06-03-2026,Late Delivery,Refunded,6863,
RET01689,ORD027908,03-11-2025,Size/Fit Issue,Refunded,8055,
RET01690,ORD029142,13-07-2024,Damaged,Refunded,20225,
RET01691,ORD018255,11-01-2026,Damaged,Refunded,16336,
RET01692,ORD003251,11-11-2025,Quality Issue,Refunded,14263,
RET01693,ORD011160,15-08-2024,Size/Fit Issue,Refunded,2584,
RET01694,ORD009783,28-02-2026,Damaged,Refunded,2666,
RET01695,ORD007180,13-08-2024,Damaged,Refunded,11056,
RET01696,ORD018852,22-05-2025,Late Delivery,Refunded,25353,
RET01697,ORD011683,14-04-2025,Size/Fit Issue,Refunded,64083,
RET01698,ORD011366,03-03-2024,Quality Issue,Refunded,12795,
RET01699,ORD024605,23-09-2025,Size/Fit Issue,Refunded,1328,
RET01700,ORD024993,11-08-2025,Wrong Item,Refunded,4000,
RET01701,ORD022744,01-09-2025,Late Delivery,Refunded,19722,
RET01702,ORD014111,02-04-2024,Late Delivery,Refunded,1625,
RET01703,ORD010117,31-01-2025,Quality Issue,Refunded,7101,
RET01704,ORD012690,28-07-2024,Size/Fit Issue,Refunded,27511,
RET01705,ORD002467,20-01-2024,Changed Mind,Refunded,2647,
RET01706,ORD008239,03-04-2024,Late Delivery,Refunded,7760,
RET01707,ORD015187,17-05-2025,Size/Fit Issue,Refunded,384,
RET01708,ORD007974,02-02-2024,Damaged,Refunded,27438,
RET01709,ORD003047,29-05-2024,Changed Mind,Refunded,15723,
RET01710,ORD021108,12-11-2024,Size/Fit Issue,Refunded,8873,
RET01711,ORD006030,24-01-2025,Damaged,Refunded,23898,
RET01712,ORD002770,22-12-2024,Wrong Item,Refunded,11333,
RET01713,ORD008972,16-07-2026,Size/Fit Issue,Refunded,21213,
RET01714,ORD026283,18-05-2025,Changed Mind,Refunded,59524,
RET01715,ORD025911,26-06-2025,Damaged,Refunded,1925,
RET01716,ORD011501,11-08-2025,Damaged,Refunded,31067,
RET01717,ORD006903,20-09-2024,Quality Issue,Refunded,16848,
RET01718,ORD005372,05-01-2026,Late Delivery,Refunded,3362,
RET01719,ORD022817,07-05-2024,Wrong Item,Refunded,1229,
RET01720,ORD029542,30-03-2024,Damaged,Refunded,20524,
RET01721,ORD027991,23-07-2024,Changed Mind,Processing,32090,
RET01722,ORD007635,25-08-2024,Late Delivery,Refunded,8290,
RET01723,ORD012697,06-06-2024,Changed Mind,Refunded,11618,
RET01724,ORD019970,21-08-2026,Size/Fit Issue,Refunded,4858,
RET01725,ORD001356,06-06-2024,Changed Mind,Refunded,32935,
RET01726,ORD013490,14-05-2024,Size/Fit Issue,Refunded,23256,
RET01727,ORD000663,24-02-2024,Size/Fit Issue,Refunded,20642,
RET01728,ORD009801,01-08-2025,Quality Issue,Refunded,9935,
RET01729,ORD028998,26-08-2024,Late Delivery,Refunded,41650,
RET01730,ORD004875,06-06-2026,Size/Fit Issue,Refunded,2487,
RET01731,ORD011884,17-08-2025,Size/Fit Issue,Refunded,11453,
RET01732,ORD005679,26-12-2024,Quality Issue,Processing,8828,
RET01733,ORD005650,21-06-2025,Quality Issue,Refunded,2099,
RET01734,ORD020380,11-07-2026,Late Delivery,Processing,5190,
RET01735,ORD012956,15-02-2024,Size/Fit Issue,Refunded,17065,
RET01736,ORD011785,31-08-2025,Late Delivery,Refunded,9990,
RET01737,ORD021302,29-08-2026,Quality Issue,Refunded,468,
RET01738,ORD008024,22-06-2024,Damaged,Refunded,6471,
RET01739,ORD011939,16-02-2025,Wrong Item,Refunded,12957,
RET01740,ORD022513,30-08-2024,Size/Fit Issue,Refunded,36914,
RET01741,ORD017580,15-10-2025,Damaged,Refunded,36992,
RET01742,ORD006161,19-09-2024,Late Delivery,Refunded,32862,
RET01743,ORD011115,27-06-2024,Damaged,Refunded,22585,
RET01744,ORD020114,15-04-2024,Wrong Item,Refunded,12272,
RET01745,ORD023173,09-07-2026,Damaged,Refunded,10804,
RET01746,ORD008380,01-03-2025,Changed Mind,Processing,18063,
RET01747,ORD005602,16-05-2026,Late Delivery,Refunded,7869,
RET01748,ORD028007,27-12-2024,Size/Fit Issue,Refunded,42564,
RET01749,ORD001044,13-09-2025,Changed Mind,Refunded,1341,
RET01750,ORD003457,24-11-2025,Damaged,Processing,29952,
RET01751,ORD024154,22-10-2025,Quality Issue,Refunded,10977,
RET01752,ORD022211,04-01-2025,Changed Mind,Processing,3770,
RET01753,ORD023136,08-07-2025,Late Delivery,Refunded,6109,
RET01754,ORD005008,10-05-2024,Quality Issue,Refunded,22835,
RET01755,ORD017617,11-09-2024,Quality Issue,Processing,1930,
RET01756,ORD019241,30-07-2025,Late Delivery,Refunded,34173,
RET01757,ORD019109,27-06-2026,Size/Fit Issue,Processing,5273,
RET01758,ORD015766,26-02-2025,Wrong Item,Refunded,14892,
RET01759,ORD014370,10-08-2025,Changed Mind,Refunded,8140,
RET01760,ORD013787,06-08-2025,Wrong Item,Refunded,7187,
RET01761,ORD016524,15-05-2026,Size/Fit Issue,Refunded,14740,
RET01762,ORD003157,05-03-2024,Wrong Item,Refunded,15524,
RET01763,ORD018163,19-01-2025,Size/Fit Issue,Processing,28575,
RET01764,ORD019157,15-05-2024,Wrong Item,Refunded,15739,
RET01765,ORD000146,19-06-2026,Size/Fit Issue,Refunded,3035,
RET01766,ORD008663,05-07-2026,Damaged,Refunded,22715,
RET01767,ORD020444,19-09-2026,Quality Issue,Refunded,5410,
RET01768,ORD010758,02-02-2025,Size/Fit Issue,Refunded,7985,
RET01769,ORD004004,03-01-2025,Size/Fit Issue,Refunded,20879,
RET01770,ORD029597,28-11-2025,Changed Mind,Refunded,20720,
RET01771,ORD026091,25-08-2024,Quality Issue,Refunded,5391,
RET01772,ORD023055,18-06-2024,Quality Issue,Refunded,3746,
RET01773,ORD029203,08-12-2024,Late Delivery,Refunded,27676,
RET01774,ORD014540,24-09-2025,Size/Fit Issue,Processing,14470,
RET01775,ORD007673,29-08-2025,Size/Fit Issue,Refunded,32127,
RET01776,ORD021854,01-05-2024,Damaged,Refunded,25547,
RET01777,ORD006266,29-07-2024,Changed Mind,Refunded,20669,
RET01778,ORD029125,09-09-2025,Changed Mind,Refunded,52696,
RET01779,ORD022781,30-01-2024,Wrong Item,Refunded,2548,
RET01780,ORD024050,03-04-2024,Size/Fit Issue,Refunded,1069,
RET01781,ORD022580,28-10-2025,Size/Fit Issue,Refunded,6188,
RET01782,ORD027926,17-02-2026,Damaged,Refunded,1070,
RET01783,ORD020689,07-08-2024,Changed Mind,Refunded,6331,
RET01784,ORD025901,21-03-2025,Size/Fit Issue,Refunded,12039,
RET01785,ORD025632,26-04-2024,Wrong Item,Refunded,27008,
RET01786,ORD020742,30-09-2024,Wrong Item,Refunded,18898,
RET01787,ORD011607,04-02-2026,Late Delivery,Refunded,17607,
RET01788,ORD005547,12-07-2026,Damaged,Refunded,94952,
RET01789,ORD012747,07-08-2024,Size/Fit Issue,Processing,18572,
RET01790,ORD020426,03-01-2025,Quality Issue,Refunded,11461,
RET01791,ORD024703,27-04-2024,Size/Fit Issue,Refunded,30096,
RET01792,ORD018718,09-05-2024,Late Delivery,Refunded,16602,
RET01793,ORD025981,16-04-2025,Late Delivery,Refunded,13503,
RET01794,ORD005938,14-05-2024,Quality Issue,Refunded,14055,
RET01795,ORD028687,17-04-2024,Changed Mind,Processing,35713,
RET01796,ORD013438,14-11-2025,Wrong Item,Refunded,3105,
RET01797,ORD016202,28-08-2025,Changed Mind,Processing,7346,
RET01798,ORD023024,31-03-2025,Wrong Item,Refunded,27584,
RET01799,ORD007403,01-05-2025,Size/Fit Issue,Refunded,4222,
RET01800,ORD024084,05-02-2024,Wrong Item,Refunded,11504,
RET01801,ORD013581,16-07-2024,Damaged,Refunded,25337,
RET01802,ORD018836,15-02-2025,Quality Issue,Refunded,5176,
RET01803,ORD002533,14-12-2024,Wrong Item,Refunded,4615,
RET01804,ORD027788,29-08-2024,Changed Mind,Refunded,11546,
RET01805,ORD024152,17-03-2025,Quality Issue,Refunded,19335,
RET01806,ORD008013,06-05-2025,Late Delivery,Refunded,1712,
RET01807,ORD020388,19-08-2026,Size/Fit Issue,Refunded,4182,
RET01808,ORD003366,20-12-2025,Late Delivery,Processing,40347,
RET01809,ORD011981,02-08-2024,Size/Fit Issue,Refunded,20512,
RET01810,ORD016535,14-09-2025,Quality Issue,Refunded,39828,
RET01811,ORD008630,06-10-2024,Damaged,Refunded,9634,
RET01812,ORD026306,28-03-2024,Changed Mind,Refunded,13906,
RET01813,ORD011927,27-12-2024,Damaged,Processing,20328,
RET01814,ORD013855,30-08-2024,Damaged,Refunded,9576,
RET01815,ORD013656,22-11-2024,Damaged,Refunded,51234,
RET01816,ORD026956,20-05-2025,Damaged,Refunded,30770,
RET01817,ORD010040,01-09-2025,Wrong Item,Refunded,7682,
RET01818,ORD021330,22-06-2026,Changed Mind,Refunded,5830,
RET01819,ORD004861,28-01-2026,Size/Fit Issue,Refunded,16301,
RET01820,ORD003382,26-02-2025,Size/Fit Issue,Processing,13540,
RET01821,ORD028145,23-03-2025,Changed Mind,Processing,20107,
RET01822,ORD021428,17-04-2024,Damaged,Processing,13396,
RET01823,ORD009154,19-06-2025,Quality Issue,Refunded,9817,
RET01824,ORD022861,12-03-2026,Wrong Item,Refunded,579,
RET01825,ORD016697,13-12-2024,Size/Fit Issue,Refunded,1465,
RET01826,ORD020375,03-06-2024,Size/Fit Issue,Refunded,51793,
RET01827,ORD010245,21-12-2024,Quality Issue,Refunded,35127,
RET01828,ORD021291,11-10-2024,Changed Mind,Refunded,6430,
RET01829,ORD011368,31-03-2026,Changed Mind,Refunded,4148,
RET01830,ORD001279,05-10-2024,Damaged,Refunded,28369,
RET01831,ORD019705,01-03-2025,Changed Mind,Refunded,30394,
RET01832,ORD019409,12-10-2025,Quality Issue,Refunded,9368,
RET01833,ORD009653,25-09-2025,Damaged,Refunded,7735,
RET01834,ORD002219,30-06-2026,Quality Issue,Refunded,11982,
RET01835,ORD002508,01-08-2024,Size/Fit Issue,Refunded,18365,
RET01836,ORD007428,09-03-2024,Changed Mind,Processing,5459,
RET01837,ORD007942,03-01-2025,Changed Mind,Processing,30830,
RET01838,ORD001864,24-02-2024,Damaged,Refunded,8088,
RET01839,ORD025771,22-05-2025,Size/Fit Issue,Refunded,4965,
RET01840,ORD003060,16-07-2024,Size/Fit Issue,Refunded,52715,
RET01841,ORD020674,24-06-2025,Damaged,Refunded,23553,
RET01842,ORD016139,14-07-2024,Size/Fit Issue,Refunded,21597,
RET01843,ORD027124,09-06-2024,Size/Fit Issue,Refunded,26532,
RET01844,ORD025100,25-04-2026,Quality Issue,Refunded,36415,
RET01845,ORD012305,19-01-2026,Damaged,Refunded,14835,
RET01846,ORD012045,15-11-2025,Changed Mind,Refunded,9614,
RET01847,ORD007875,11-05-2025,Quality Issue,Refunded,3183,
RET01848,ORD009745,17-01-2026,Damaged,Processing,67878,
RET01849,ORD022815,16-02-2026,Damaged,Refunded,23156,
RET01850,ORD027629,22-11-2024,Size/Fit Issue,Refunded,10475,
RET01851,ORD018884,08-04-2026,Wrong Item,Processing,55287,
RET01852,ORD021608,14-05-2025,Late Delivery,Processing,15471,
RET01853,ORD023610,21-10-2025,Damaged,Processing,12584,
RET01854,ORD013927,19-02-2026,Changed Mind,Refunded,14345,
RET01855,ORD003600,20-01-2026,Quality Issue,Refunded,13254,
RET01856,ORD028928,11-12-2024,Damaged,Refunded,14744,
RET01857,ORD021341,28-09-2024,Size/Fit Issue,Processing,42800,
RET01858,ORD020832,30-06-2025,Size/Fit Issue,Refunded,9995,
RET01859,ORD015394,28-08-2024,Damaged,Refunded,15408,
RET01860,ORD015608,17-07-2025,Damaged,Refunded,25925,
RET01861,ORD021533,15-02-2025,Quality Issue,Refunded,5035,
RET01862,ORD005752,10-09-2026,Quality Issue,Refunded,3050,
RET01863,ORD010745,04-07-2024,Changed Mind,Refunded,2116,
RET01864,ORD016046,18-07-2025,Late Delivery,Refunded,6386,
RET01865,ORD016703,22-04-2024,Quality Issue,Refunded,1752,
RET01866,ORD018986,07-07-2024,Quality Issue,Refunded,21518,
RET01867,ORD012434,23-09-2025,Size/Fit Issue,Refunded,2364,
RET01868,ORD017356,03-09-2024,Wrong Item,Refunded,21235,
RET01869,ORD015841,09-12-2025,Damaged,Refunded,40063,
RET01870,ORD010212,27-12-2025,Quality Issue,Refunded,12655,
RET01871,ORD018711,30-06-2025,Changed Mind,Refunded,5142,
RET01872,ORD001366,01-10-2025,Damaged,Refunded,7091,
RET01873,ORD015685,02-03-2025,Late Delivery,Refunded,48836,
RET01874,ORD006032,29-10-2024,Damaged,Refunded,1831,
RET01875,ORD013784,06-05-2026,Damaged,Processing,23408,
RET01876,ORD001315,19-01-2025,Changed Mind,Refunded,8300,
RET01877,ORD003058,09-05-2025,Damaged,Processing,5336,
RET01878,ORD012865,11-12-2025,Damaged,Refunded,4526,
RET01879,ORD001985,01-12-2024,Damaged,Refunded,2445,
RET01880,ORD011967,07-12-2025,Late Delivery,Refunded,37983,
RET01881,ORD025007,13-07-2024,Quality Issue,Refunded,7189,
RET01882,ORD020290,20-06-2026,Changed Mind,Refunded,34301,
RET01883,ORD004126,04-05-2024,Quality Issue,Refunded,8808,
RET01884,ORD002737,01-08-2026,Size/Fit Issue,Refunded,36230,
RET01885,ORD012074,13-05-2024,Changed Mind,Refunded,24275,
RET01886,ORD019390,21-08-2025,Damaged,Refunded,14148,
RET01887,ORD024653,25-11-2025,Changed Mind,Refunded,6567,
RET01888,ORD023269,08-07-2024,Changed Mind,Refunded,30995,
RET01889,ORD016152,30-09-2024,Wrong Item,Refunded,22143,
RET01890,ORD005233,19-11-2024,Size/Fit Issue,Refunded,19603,
RET01891,ORD018772,03-07-2024,Size/Fit Issue,Processing,7277,
RET01892,ORD015361,13-04-2024,Size/Fit Issue,Refunded,10922,
RET01893,ORD006308,30-08-2026,Size/Fit Issue,Refunded,7422,
RET01894,ORD000621,28-01-2026,Quality Issue,Processing,9880,
RET01895,ORD014437,27-07-2026,Size/Fit Issue,Refunded,26810,
RET01896,ORD004872,20-12-2024,Late Delivery,Refunded,4659,
RET01897,ORD026117,11-03-2026,Size/Fit Issue,Refunded,24967,
RET01898,ORD011276,20-05-2025,Damaged,Refunded,2092,
RET01899,ORD029830,31-12-2024,Size/Fit Issue,Refunded,14337,
RET01900,ORD008514,09-02-2024,Quality Issue,Refunded,35606,
RET01901,ORD006098,23-08-2025,Damaged,Refunded,32230,
RET01902,ORD012464,12-03-2026,Damaged,Refunded,18626,
RET01903,ORD005250,07-10-2024,Quality Issue,Refunded,15599,
RET01904,ORD025718,22-12-2025,Damaged,Refunded,20129,
RET01905,ORD016292,01-04-2026,Late Delivery,Refunded,896,
RET01906,ORD009067,29-04-2026,Late Delivery,Refunded,8479,
RET01907,ORD004297,28-04-2024,Damaged,Refunded,2975,
RET01908,ORD029624,22-08-2026,Size/Fit Issue,Refunded,9313,
RET01909,ORD027458,14-04-2025,Damaged,Refunded,30155,
RET01910,ORD013165,15-01-2025,Size/Fit Issue,Refunded,30402,
RET01911,ORD027864,01-11-2024,Size/Fit Issue,Refunded,7024,
RET01912,ORD003195,06-07-2026,Size/Fit Issue,Refunded,4290,
RET01913,ORD023994,10-08-2026,Late Delivery,Refunded,43715,
RET01914,ORD000860,12-07-2024,Damaged,Refunded,7106,
RET01915,ORD018253,12-10-2025,Quality Issue,Refunded,19600,
RET01916,ORD009811,08-05-2025,Late Delivery,Refunded,34989,
RET01917,ORD012492,06-04-2026,Quality Issue,Refunded,21757,
RET01918,ORD019380,14-04-2024,Changed Mind,Refunded,24395,
RET01919,ORD006213,16-08-2024,Quality Issue,Refunded,20970,
RET01920,ORD025608,16-09-2025,Wrong Item,Refunded,3777,
RET01921,ORD016883,14-05-2024,Quality Issue,Refunded,1682,
RET01922,ORD006433,21-08-2026,Changed Mind,Refunded,4152,
RET01923,ORD012971,01-03-2025,Wrong Item,Refunded,10349,
RET01924,ORD007463,03-04-2024,Changed Mind,Refunded,13877,
RET01925,ORD021229,24-09-2024,Damaged,Refunded,15720,
RET01926,ORD007318,06-02-2025,Size/Fit Issue,Processing,14407,
RET01927,ORD012882,16-07-2024,Late Delivery,Refunded,8775,
RET01928,ORD024639,08-02-2024,Changed Mind,Refunded,33779,
RET01929,ORD020733,29-08-2024,Quality Issue,Refunded,43115,
RET01930,ORD023680,18-09-2024,Size/Fit Issue,Refunded,366,
RET01931,ORD015505,08-06-2025,Changed Mind,Refunded,19638,
RET01932,ORD008741,10-02-2024,Late Delivery,Refunded,12907,
RET01933,ORD024284,06-01-2026,Late Delivery,Refunded,3746,
RET01934,ORD001598,04-11-2025,Size/Fit Issue,Refunded,7523,
RET01935,ORD010594,12-07-2024,Changed Mind,Refunded,5841,
RET01936,ORD001950,16-05-2024,Size/Fit Issue,Refunded,3942,
RET01937,ORD028002,13-05-2025,Size/Fit Issue,Refunded,15987,
RET01938,ORD003656,08-05-2025,Damaged,Refunded,2953,
RET01939,ORD028010,02-04-2025,Damaged,Refunded,7125,
RET01940,ORD004884,10-03-2024,Size/Fit Issue,Refunded,17708,
RET01941,ORD026991,12-02-2026,Late Delivery,Refunded,619,
RET01942,ORD027303,19-02-2025,Size/Fit Issue,Refunded,39665,
RET01943,ORD026692,28-02-2026,Changed Mind,Processing,10048,
RET01944,ORD018058,06-01-2025,Quality Issue,Refunded,41944,
